{
	"credit": "Made with Blockbench",
	"texture_size": [256, 256],
	"textures": {
		"0": "custom:item/texture",
		"particle": "custom:item/texture"
	},
	"elements": [
		{
			"from": [0, -15.5, 30],
			"to": [16, -11.5, 32],
			"rotation": {"angle": 0, "axis": "y", "origin": [8, -15, 8]},
			"faces": {
				"north": {"uv": [5.3125, 4.1875, 6.3125, 4.4375], "texture": "#0"},
				"east": {"uv": [2.0625, 4.5625, 2.1875, 4.8125], "texture": "#0"},
				"south": {"uv": [0.8125, 8.5, 1.8125, 8.75], "texture": "#0"},
				"west": {"uv": [2.1875, 4.5625, 2.3125, 4.8125], "texture": "#0"},
				"up": {"uv": [6.5, 6.875, 5.5, 6.75], "texture": "#0"},
				"down": {"uv": [10, 5.25, 9, 5.375], "texture": "#0"}
			}
		},
		{
			"from": [-5, -15.5, 28],
			"to": [21, -11.5, 30],
			"rotation": {"angle": 0, "axis": "y", "origin": [8, -15, 8]},
			"faces": {
				"north": {"uv": [8.125, 3.75, 9.75, 4], "texture": "#0"},
				"east": {"uv": [1.875, 5.125, 2, 5.375], "texture": "#0"},
				"south": {"uv": [0.8125, 8.25, 2.4375, 8.5], "texture": "#0"},
				"west": {"uv": [6.3125, 4.1875, 6.4375, 4.4375], "texture": "#0"},
				"up": {"uv": [10.5, 1.9375, 8.875, 1.8125], "texture": "#0"},
				"down": {"uv": [10.5, 1.9375, 8.875, 2.0625], "texture": "#0"}
			}
		},
		{
			"from": [-10, -15.5, 26],
			"to": [26, -11.5, 28],
			"rotation": {"angle": 0, "axis": "y", "origin": [8, -15, 8]},
			"faces": {
				"north": {"uv": [7.5, 5.8125, 9.75, 6.0625], "texture": "#0"},
				"east": {"uv": [6.875, 9.25, 7, 9.5], "texture": "#0"},
				"south": {"uv": [4.625, 7.6875, 6.875, 7.9375], "texture": "#0"},
				"west": {"uv": [7, 9.25, 7.125, 9.5], "texture": "#0"},
				"up": {"uv": [9.75, 6.1875, 7.5, 6.0625], "texture": "#0"},
				"down": {"uv": [10.375, 4, 8.125, 4.125], "texture": "#0"}
			}
		},
		{
			"from": [-12, -15.5, 21],
			"to": [28, -11.5, 26],
			"rotation": {"angle": 0, "axis": "y", "origin": [8, -15, 8]},
			"faces": {
				"north": {"uv": [0, 6.5, 2.5, 6.75], "texture": "#0"},
				"east": {"uv": [2.3125, 4, 2.625, 4.25], "texture": "#0"},
				"south": {"uv": [7.1875, 2.75, 9.6875, 3], "texture": "#0"},
				"west": {"uv": [2.625, 4, 2.9375, 4.25], "texture": "#0"},
				"up": {"uv": [13.8125, 11.5, 11.3125, 11.1875], "texture": "#0"},
				"down": {"uv": [8.0625, 2.1875, 5.5625, 2.5], "texture": "#0"}
			}
		},
		{
			"from": [-12, -15.5, -10],
			"to": [28, -11.5, -5],
			"rotation": {"angle": 0, "axis": "y", "origin": [8, -15, -23]},
			"faces": {
				"north": {"uv": [0, 6.5, 2.5, 6.75], "texture": "#0"},
				"east": {"uv": [2.3125, 4, 2.625, 4.25], "texture": "#0"},
				"south": {"uv": [7.1875, 2.75, 9.6875, 3], "texture": "#0"},
				"west": {"uv": [2.625, 4, 2.9375, 4.25], "texture": "#0"},
				"up": {"uv": [8.0625, 2.1875, 5.5625, 1.875], "texture": "#0"},
				"down": {"uv": [8.0625, 2.1875, 5.5625, 2.5], "texture": "#0"}
			}
		},
		{
			"from": [-14, -15.5, 16],
			"to": [30, -11.5, 21],
			"rotation": {"angle": 0, "axis": "y", "origin": [8, -15, 8]},
			"faces": {
				"north": {"uv": [0, 6.75, 2.75, 7], "texture": "#0"},
				"east": {"uv": [3.8125, 8.5, 4.125, 8.75], "texture": "#0"},
				"south": {"uv": [2.75, 6.75, 5.5, 7], "texture": "#0"},
				"west": {"uv": [3.8125, 8.75, 4.125, 9], "texture": "#0"},
				"up": {"uv": [15.6875, 2.8125, 12.9375, 2.5], "texture": "#0"},
				"down": {"uv": [8.3125, 0.625, 5.5625, 0.9375], "texture": "#0"}
			}
		},
		{
			"from": [-14, -15.5, -5],
			"to": [30, -11.5, 0],
			"rotation": {"angle": 0, "axis": "y", "origin": [8, -15, -13]},
			"faces": {
				"north": {"uv": [0, 6.75, 2.75, 7], "texture": "#0"},
				"east": {"uv": [3.8125, 8.5, 4.125, 8.75], "texture": "#0"},
				"south": {"uv": [2.75, 6.75, 5.5, 7], "texture": "#0"},
				"west": {"uv": [3.8125, 8.75, 4.125, 9], "texture": "#0"},
				"up": {"uv": [8.3125, 0.625, 5.5625, 0.3125], "texture": "#0"},
				"down": {"uv": [8.3125, 0.625, 5.5625, 0.9375], "texture": "#0"}
			}
		},
		{
			"from": [-16, -15.5, 0],
			"to": [32, -11.5, 16],
			"rotation": {"angle": 0, "axis": "y", "origin": [8, -15, 8]},
			"faces": {
				"north": {"uv": [5.5625, 2.5, 8.5625, 2.75], "texture": "#0"},
				"east": {"uv": [1.8125, 8.5, 2.8125, 8.75], "texture": "#0"},
				"south": {"uv": [6, 5.3125, 9, 5.5625], "texture": "#0"},
				"west": {"uv": [2.8125, 8.5, 3.8125, 8.75], "texture": "#0"},
				"up": {"uv": [3, 1, 0, 0], "texture": "#0"},
				"down": {"uv": [3, 1, 0, 2], "texture": "#0"}
			}
		},
		{
			"from": [-10, -15.5, -12],
			"to": [26, -11.5, -10],
			"rotation": {"angle": 0, "axis": "y", "origin": [8, -15, 8]},
			"faces": {
				"north": {"uv": [6.875, 7.6875, 9.125, 7.9375], "texture": "#0"},
				"east": {"uv": [7.125, 9.25, 7.25, 9.5], "texture": "#0"},
				"south": {"uv": [0, 7.75, 2.25, 8], "texture": "#0"},
				"west": {"uv": [7.25, 9.25, 7.375, 9.5], "texture": "#0"},
				"up": {"uv": [10.5625, 1.4375, 8.3125, 1.3125], "texture": "#0"},
				"down": {"uv": [10.5625, 1.4375, 8.3125, 1.5625], "texture": "#0"}
			}
		},
		{
			"from": [-5, -15.5, -14],
			"to": [21, -11.5, -12],
			"rotation": {"angle": 0, "axis": "y", "origin": [8, -15, 8]},
			"faces": {
				"north": {"uv": [2.4375, 8.25, 4.0625, 8.5], "texture": "#0"},
				"east": {"uv": [7.375, 9.25, 7.5, 9.5], "texture": "#0"},
				"south": {"uv": [8.25, 6.9375, 9.875, 7.1875], "texture": "#0"},
				"west": {"uv": [7.5, 9.25, 7.625, 9.5], "texture": "#0"},
				"up": {"uv": [10.5, 2.1875, 8.875, 2.0625], "texture": "#0"},
				"down": {"uv": [10.5, 2.1875, 8.875, 2.3125], "texture": "#0"}
			}
		},
		{
			"from": [0, -15.5, -16],
			"to": [16, -11.5, -14],
			"rotation": {"angle": 0, "axis": "y", "origin": [8, -15, 8]},
			"faces": {
				"north": {"uv": [8.5, 5, 9.5, 5.25], "texture": "#0"},
				"east": {"uv": [7.625, 9.25, 7.75, 9.5], "texture": "#0"},
				"south": {"uv": [8.5625, 2.4375, 9.5625, 2.6875], "texture": "#0"},
				"west": {"uv": [7.75, 9.25, 7.875, 9.5], "texture": "#0"},
				"up": {"uv": [10, 5.5, 9, 5.375], "texture": "#0"},
				"down": {"uv": [7.625, 9, 6.625, 9.125], "texture": "#0"}
			}
		},
		{
			"from": [-5, 11.5, -14],
			"to": [21, 15.5, -12],
			"rotation": {"angle": 0, "axis": "y", "origin": [8, 12, 8]},
			"faces": {
				"north": {"uv": [8.3125, 0.3125, 9.9375, 0.5625], "texture": "#0"},
				"east": {"uv": [7.875, 9.25, 8, 9.5], "texture": "#0"},
				"south": {"uv": [8.3125, 0.5625, 9.9375, 0.8125], "texture": "#0"},
				"west": {"uv": [8, 9.25, 8.125, 9.5], "texture": "#0"},
				"up": {"uv": [10.5, 2.4375, 8.875, 2.3125], "texture": "#0"},
				"down": {"uv": [7, 8.875, 5.375, 9], "texture": "#0"}
			}
		},
		{
			"from": [0, 11.5, -16],
			"to": [16, 15.5, -14],
			"rotation": {"angle": 0, "axis": "y", "origin": [8, 12, 8]},
			"faces": {
				"north": {"uv": [8.625, 8.1875, 9.625, 8.4375], "texture": "#0"},
				"east": {"uv": [8.125, 9.25, 8.25, 9.5], "texture": "#0"},
				"south": {"uv": [8.625, 8.4375, 9.625, 8.6875], "texture": "#0"},
				"west": {"uv": [1.875, 9.375, 2, 9.625], "texture": "#0"},
				"up": {"uv": [8.625, 9.125, 7.625, 9], "texture": "#0"},
				"down": {"uv": [9.625, 9.0625, 8.625, 9.1875], "texture": "#0"}
			}
		},
		{
			"from": [0, 11.5, 30],
			"to": [16, 15.5, 32],
			"rotation": {"angle": 0, "axis": "y", "origin": [8, 12, 8]},
			"faces": {
				"north": {"uv": [8.625, 8.6875, 9.625, 8.9375], "texture": "#0"},
				"east": {"uv": [2, 9.375, 2.125, 9.625], "texture": "#0"},
				"south": {"uv": [0.8125, 8.75, 1.8125, 9], "texture": "#0"},
				"west": {"uv": [2.125, 9.375, 2.25, 9.625], "texture": "#0"},
				"up": {"uv": [1, 9.25, 0, 9.125], "texture": "#0"},
				"down": {"uv": [2, 9.125, 1, 9.25], "texture": "#0"}
			}
		},
		{
			"from": [-5, 11.5, 28],
			"to": [21, 15.5, 30],
			"rotation": {"angle": 0, "axis": "y", "origin": [8, 12, 8]},
			"faces": {
				"north": {"uv": [8.3125, 0.8125, 9.9375, 1.0625], "texture": "#0"},
				"east": {"uv": [2.25, 9.375, 2.375, 9.625], "texture": "#0"},
				"south": {"uv": [8.3125, 1.0625, 9.9375, 1.3125], "texture": "#0"},
				"west": {"uv": [2.375, 9.375, 2.5, 9.625], "texture": "#0"},
				"up": {"uv": [8.625, 9, 7, 8.875], "texture": "#0"},
				"down": {"uv": [10.25, 8.9375, 8.625, 9.0625], "texture": "#0"}
			}
		},
		{
			"from": [-10, 11.5, 26],
			"to": [26, 15.5, 28],
			"rotation": {"angle": 0, "axis": "y", "origin": [8, 12, 8]},
			"faces": {
				"north": {"uv": [2.25, 7.75, 4.5, 8], "texture": "#0"},
				"east": {"uv": [3.625, 9.375, 3.75, 9.625], "texture": "#0"},
				"south": {"uv": [7.8125, 4.1875, 10.0625, 4.4375], "texture": "#0"},
				"west": {"uv": [3.75, 9.375, 3.875, 9.625], "texture": "#0"},
				"up": {"uv": [10.5625, 1.6875, 8.3125, 1.5625], "texture": "#0"},
				"down": {"uv": [10.5625, 1.6875, 8.3125, 1.8125], "texture": "#0"}
			}
		},
		{
			"from": [-12, 11.5, 21],
			"to": [28, 15.5, 26],
			"rotation": {"angle": 0, "axis": "y", "origin": [8, 12, 8]},
			"faces": {
				"north": {"uv": [7.1875, 3.5, 9.6875, 3.75], "texture": "#0"},
				"east": {"uv": [8.875, 9.1875, 9.1875, 9.4375], "texture": "#0"},
				"south": {"uv": [5.5, 7.1875, 8, 7.4375], "texture": "#0"},
				"west": {"uv": [9.1875, 9.1875, 9.5, 9.4375], "texture": "#0"},
				"up": {"uv": [5, 6.1875, 2.5, 5.875], "texture": "#0"},
				"down": {"uv": [7.5, 5.875, 5, 6.1875], "texture": "#0"}
			}
		},
		{
			"from": [-14, 11.5, 16],
			"to": [30, 15.5, 21],
			"rotation": {"angle": 0, "axis": "y", "origin": [8, 12, 8]},
			"faces": {
				"north": {"uv": [5.5, 6.9375, 8.25, 7.1875], "texture": "#0"},
				"east": {"uv": [0, 9.25, 0.3125, 9.5], "texture": "#0"},
				"south": {"uv": [0, 7, 2.75, 7.25], "texture": "#0"},
				"west": {"uv": [0.3125, 9.25, 0.625, 9.5], "texture": "#0"},
				"up": {"uv": [8.3125, 1.25, 5.5625, 0.9375], "texture": "#0"},
				"down": {"uv": [8.3125, 1.25, 5.5625, 1.5625], "texture": "#0"}
			}
		},
		{
			"from": [-16, 11.5, 0],
			"to": [32, 15.5, 16],
			"rotation": {"angle": 0, "axis": "y", "origin": [8, 12, 8]},
			"faces": {
				"north": {"uv": [6.4375, 4.75, 9.4375, 5], "texture": "#0"},
				"east": {"uv": [1.8125, 8.75, 2.8125, 9], "texture": "#0"},
				"south": {"uv": [6.625, 6.1875, 9.625, 6.4375], "texture": "#0"},
				"west": {"uv": [2.8125, 8.75, 3.8125, 9], "texture": "#0"},
				"up": {"uv": [3, 3, 0, 2], "texture": "#0"},
				"down": {"uv": [3, 3, 0, 4], "texture": "#0"}
			}
		},
		{
			"from": [-14, 11.5, -5],
			"to": [30, 15.5, 0],
			"rotation": {"angle": 0, "axis": "y", "origin": [8, 12, 8]},
			"faces": {
				"north": {"uv": [2.75, 7, 5.5, 7.25], "texture": "#0"},
				"east": {"uv": [0.625, 9.25, 0.9375, 9.5], "texture": "#0"},
				"south": {"uv": [7.125, 5.5625, 9.875, 5.8125], "texture": "#0"},
				"west": {"uv": [0.9375, 9.25, 1.25, 9.5], "texture": "#0"},
				"up": {"uv": [8.3125, 1.875, 5.5625, 1.5625], "texture": "#0"},
				"down": {"uv": [4.625, 5.5625, 1.875, 5.875], "texture": "#0"}
			}
		},
		{
			"from": [-12, 11.5, -10],
			"to": [28, 15.5, -5],
			"rotation": {"angle": 0, "axis": "y", "origin": [8, 12, 8]},
			"faces": {
				"north": {"uv": [0, 7.25, 2.5, 7.5], "texture": "#0"},
				"east": {"uv": [1.25, 9.25, 1.5625, 9.5], "texture": "#0"},
				"south": {"uv": [2.5, 7.25, 5, 7.5], "texture": "#0"},
				"west": {"uv": [1.5625, 9.25, 1.875, 9.5], "texture": "#0"},
				"up": {"uv": [8.5, 5.3125, 6, 5], "texture": "#0"},
				"down": {"uv": [2.5, 6.1875, 0, 6.5], "texture": "#0"}
			}
		},
		{
			"from": [-10, 11.5, -12],
			"to": [26, 15.5, -10],
			"rotation": {"angle": 0, "axis": "y", "origin": [8, 12, 8]},
			"faces": {
				"north": {"uv": [7.8125, 4.4375, 10.0625, 4.6875], "texture": "#0"},
				"east": {"uv": [8.25, 9.375, 8.375, 9.625], "texture": "#0"},
				"south": {"uv": [4.5, 7.9375, 6.75, 8.1875], "texture": "#0"},
				"west": {"uv": [8.375, 9.375, 8.5, 9.625], "texture": "#0"},
				"up": {"uv": [10.625, 0.125, 8.375, 0], "texture": "#0"},
				"down": {"uv": [10.625, 0.125, 8.375, 0.25], "texture": "#0"}
			}
		},
		{
			"from": [-10.21, 14.865, 14.64],
			"to": [25.925, 24.185, 18.79],
			"rotation": {"angle": 0, "axis": "y", "origin": [8, 21.28, 8]},
			"faces": {
				"north": {"uv": [3, 3.875, 5.3125, 4.4375], "texture": "#0"},
				"east": {"uv": [5.125, 9, 5.375, 9.5625], "texture": "#0"},
				"south": {"uv": [0, 4, 2.3125, 4.5625], "texture": "#0"},
				"west": {"uv": [5.375, 9, 5.625, 9.5625], "texture": "#0"},
				"up": {"uv": [2.3125, 7.75, 0, 7.5], "texture": "#0"},
				"down": {"uv": [4.625, 7.5, 2.3125, 7.75], "texture": "#0"}
			}
		},
		{
			"from": [-8.275, 14.865, 18.79],
			"to": [23.985, 24.185, 22.94],
			"rotation": {"angle": 0, "axis": "y", "origin": [8, 21.28, 8]},
			"faces": {
				"north": {"uv": [0, 4.5625, 2.0625, 5.125], "texture": "#0"},
				"east": {"uv": [5.625, 9, 5.875, 9.5625], "texture": "#0"},
				"south": {"uv": [2.0625, 5, 4.125, 5.5625], "texture": "#0"},
				"west": {"uv": [5.875, 9, 6.125, 9.5625], "texture": "#0"},
				"up": {"uv": [4.125, 8.25, 2.0625, 8], "texture": "#0"},
				"down": {"uv": [10.0625, 7.1875, 8, 7.4375], "texture": "#0"}
			}
		},
		{
			"from": [-6.315, 14.865, 22.94],
			"to": [21.96, 24.185, 24.6],
			"rotation": {"angle": 0, "axis": "y", "origin": [8, 21.28, 8]},
			"faces": {
				"north": {"uv": [5.3125, 2.75, 7.1875, 3.3125], "texture": "#0"},
				"east": {"uv": [3.125, 9.25, 3.25, 9.8125], "texture": "#0"},
				"south": {"uv": [5.3125, 3.3125, 7.1875, 3.875], "texture": "#0"},
				"west": {"uv": [3.25, 9.25, 3.375, 9.8125], "texture": "#0"},
				"up": {"uv": [10.6875, 8.0625, 8.8125, 7.9375], "texture": "#0"},
				"down": {"uv": [10.6875, 8.0625, 8.8125, 8.1875], "texture": "#0"}
			}
		},
		{
			"from": [-2.565, 14.865, 24.6],
			"to": [19.41, 24.185, 26.26],
			"rotation": {"angle": 0, "axis": "y", "origin": [8, 21.28, 8]},
			"faces": {
				"north": {"uv": [5.25, 6.1875, 6.625, 6.75], "texture": "#0"},
				"east": {"uv": [3.375, 9.25, 3.5, 9.8125], "texture": "#0"},
				"south": {"uv": [6.4375, 4.1875, 7.8125, 4.75], "texture": "#0"},
				"west": {"uv": [3.5, 9.25, 3.625, 9.8125], "texture": "#0"},
				"up": {"uv": [2.75, 9.125, 1.375, 9], "texture": "#0"},
				"down": {"uv": [4.125, 9, 2.75, 9.125], "texture": "#0"}
			}
		},
		{
			"from": [1.46, 14.865, 26.26],
			"to": [14.14, 24.185, 27.92],
			"rotation": {"angle": 0, "axis": "y", "origin": [8, 21.28, 8]},
			"faces": {
				"north": {"uv": [7.8125, 8.1875, 8.625, 8.75], "texture": "#0"},
				"east": {"uv": [6.625, 9.25, 6.75, 9.8125], "texture": "#0"},
				"south": {"uv": [0, 8.25, 0.8125, 8.8125], "texture": "#0"},
				"west": {"uv": [6.75, 9.25, 6.875, 9.8125], "texture": "#0"},
				"up": {"uv": [2.8125, 9.25, 2, 9.125], "texture": "#0"},
				"down": {"uv": [3.625, 9.125, 2.8125, 9.25], "texture": "#0"}
			}
		},
		{
			"from": [-12.17, 14.865, 1.36],
			"to": [27.965, 24.185, 14.615],
			"rotation": {"angle": 0, "axis": "y", "origin": [8, 21.28, 8]},
			"faces": {
				"north": {"uv": [5.5625, 2.1875, 3, 2.75], "texture": "#0"},
				"east": {"uv": [7, 8.1875, 6.1875, 8.75], "texture": "#0"},
				"south": {"uv": [5.5625, 1.625, 3, 2.1875], "texture": "#0"},
				"west": {"uv": [7.8125, 8.1875, 7, 8.75], "texture": "#0"},
				"up": {"uv": [5.5625, 0, 3, 0.8125], "texture": "#0"},
				"down": {"uv": [5.5625, 1.625, 3, 0.8125], "texture": "#0"}
			}
		},
		{
			"from": [-10.21, 14.865, -2.79],
			"to": [25.925, 24.185, 1.36],
			"rotation": {"angle": 0, "axis": "y", "origin": [8, 21.28, 8]},
			"faces": {
				"north": {"uv": [2.3125, 4, 0, 4.5625], "texture": "#0"},
				"east": {"uv": [5.375, 9, 5.125, 9.5625], "texture": "#0"},
				"south": {"uv": [5.3125, 3.875, 3, 4.4375], "texture": "#0"},
				"west": {"uv": [5.625, 9, 5.375, 9.5625], "texture": "#0"},
				"up": {"uv": [2.3125, 7.5, 0, 7.75], "texture": "#0"},
				"down": {"uv": [4.625, 7.75, 2.3125, 7.5], "texture": "#0"}
			}
		},
		{
			"from": [-8.275, 14.865, -6.94],
			"to": [23.985, 24.185, -2.79],
			"rotation": {"angle": 0, "axis": "y", "origin": [8, 21.28, 8]},
			"faces": {
				"north": {"uv": [4.125, 5, 2.0625, 5.5625], "texture": "#0"},
				"east": {"uv": [5.875, 9, 5.625, 9.5625], "texture": "#0"},
				"south": {"uv": [2.0625, 4.5625, 0, 5.125], "texture": "#0"},
				"west": {"uv": [6.125, 9, 5.875, 9.5625], "texture": "#0"},
				"up": {"uv": [4.125, 8, 2.0625, 8.25], "texture": "#0"},
				"down": {"uv": [10.0625, 7.4375, 8, 7.1875], "texture": "#0"}
			}
		},
		{
			"from": [-6.315, 14.865, -8.6],
			"to": [21.96, 24.185, -6.94],
			"rotation": {"angle": 0, "axis": "y", "origin": [8, 21.28, 8]},
			"faces": {
				"north": {"uv": [7.1875, 3.3125, 5.3125, 3.875], "texture": "#0"},
				"east": {"uv": [3.25, 9.25, 3.125, 9.8125], "texture": "#0"},
				"south": {"uv": [7.1875, 2.75, 5.3125, 3.3125], "texture": "#0"},
				"west": {"uv": [3.375, 9.25, 3.25, 9.8125], "texture": "#0"},
				"up": {"uv": [10.6875, 7.9375, 8.8125, 8.0625], "texture": "#0"},
				"down": {"uv": [10.6875, 8.1875, 8.8125, 8.0625], "texture": "#0"}
			}
		},
		{
			"from": [-2.565, 14.865, -10.26],
			"to": [19.41, 24.185, -8.6],
			"rotation": {"angle": 0, "axis": "y", "origin": [8, 21.28, 8]},
			"faces": {
				"north": {"uv": [7.8125, 4.1875, 6.4375, 4.75], "texture": "#0"},
				"east": {"uv": [3.5, 9.25, 3.375, 9.8125], "texture": "#0"},
				"south": {"uv": [6.625, 6.1875, 5.25, 6.75], "texture": "#0"},
				"west": {"uv": [3.625, 9.25, 3.5, 9.8125], "texture": "#0"},
				"up": {"uv": [2.75, 9, 1.375, 9.125], "texture": "#0"},
				"down": {"uv": [4.125, 9.125, 2.75, 9], "texture": "#0"}
			}
		},
		{
			"from": [1.46, 14.865, -11.92],
			"to": [14.14, 24.185, -10.26],
			"rotation": {"angle": 0, "axis": "y", "origin": [8, 21.28, 8]},
			"faces": {
				"north": {"uv": [0.8125, 8.25, 0, 8.8125], "texture": "#0"},
				"east": {"uv": [6.75, 9.25, 6.625, 9.8125], "texture": "#0"},
				"south": {"uv": [8.625, 8.1875, 7.8125, 8.75], "texture": "#0"},
				"west": {"uv": [6.875, 9.25, 6.75, 9.8125], "texture": "#0"},
				"up": {"uv": [2.8125, 9.125, 2, 9.25], "texture": "#0"},
				"down": {"uv": [3.625, 9.25, 2.8125, 9.125], "texture": "#0"}
			}
		},
		{
			"from": [-14.5, -6, 4],
			"to": [-4.5, -4, 17],
			"rotation": {"angle": 0, "axis": "y", "origin": [-5, -6, 1]},
			"faces": {
				"north": {"uv": [2.3125, 4.25, 2.9375, 4.375], "texture": "#0"},
				"east": {"uv": [6.625, 9.125, 7.4375, 9.25], "texture": "#0"},
				"south": {"uv": [1.875, 9.25, 2.5, 9.375], "texture": "#0"},
				"west": {"uv": [7.4375, 9.125, 8.25, 9.25], "texture": "#0"},
				"up": {"uv": [4.75, 9, 4.125, 8.1875], "texture": "#0"},
				"down": {"uv": [4.75, 8.1875, 4.125, 9], "texture": "#0"}
			}
		},
		{
			"from": [-10.25, -4, 11.25],
			"to": [-8.75, 12, 12.75],
			"rotation": {"angle": 0, "axis": "y", "origin": [-5, -6, -3]},
			"faces": {
				"north": {"uv": [6.125, 9, 6.25, 10], "texture": "#0"},
				"east": {"uv": [6.25, 9, 6.375, 10], "texture": "#0"},
				"south": {"uv": [6.375, 9, 6.5, 10], "texture": "#0"},
				"west": {"uv": [6.5, 9, 6.625, 10], "texture": "#0"},
				"up": {"uv": [2.1875, 4.9375, 2.0625, 4.8125], "texture": "#0"},
				"down": {"uv": [2.3125, 4.8125, 2.1875, 4.9375], "texture": "#0"}
			}
		},
		{
			"from": [21.5, -6, 5.5],
			"to": [31.5, -4, 18.5],
			"rotation": {"angle": 0, "axis": "y", "origin": [26.5, -0.5, 11.25]},
			"faces": {
				"north": {"uv": [1.875, 9.25, 2.5, 9.375], "texture": "#0"},
				"east": {"uv": [7.4375, 9.125, 8.25, 9.25], "texture": "#0"},
				"south": {"uv": [2.3125, 4.25, 2.9375, 4.375], "texture": "#0"},
				"west": {"uv": [6.625, 9.125, 7.4375, 9.25], "texture": "#0"},
				"up": {"uv": [4.75, 9, 4.125, 8.1875], "rotation": 180, "texture": "#0"},
				"down": {"uv": [4.75, 8.1875, 4.125, 9], "rotation": 180, "texture": "#0"}
			}
		},
		{
			"from": [25.75, -4, 9.75],
			"to": [27.25, 12, 11.25],
			"rotation": {"angle": 0, "axis": "y", "origin": [26.5, -0.5, 11.25]},
			"faces": {
				"north": {"uv": [6.375, 9, 6.5, 10], "texture": "#0"},
				"east": {"uv": [6.5, 9, 6.625, 10], "texture": "#0"},
				"south": {"uv": [6.125, 9, 6.25, 10], "texture": "#0"},
				"west": {"uv": [6.25, 9, 6.375, 10], "texture": "#0"},
				"up": {"uv": [2.1875, 4.9375, 2.0625, 4.8125], "rotation": 180, "texture": "#0"},
				"down": {"uv": [2.3125, 4.8125, 2.1875, 4.9375], "rotation": 180, "texture": "#0"}
			}
		},
		{
			"from": [3, -6, -15.5],
			"to": [16, -4, -5.5],
			"rotation": {"angle": 0, "axis": "y", "origin": [19, -6, -6]},
			"faces": {
				"north": {"uv": [7.4375, 9.125, 8.25, 9.25], "texture": "#0"},
				"east": {"uv": [2.3125, 4.25, 2.9375, 4.375], "texture": "#0"},
				"south": {"uv": [6.625, 9.125, 7.4375, 9.25], "texture": "#0"},
				"west": {"uv": [1.875, 9.25, 2.5, 9.375], "texture": "#0"},
				"up": {"uv": [4.75, 9, 4.125, 8.1875], "rotation": 90, "texture": "#0"},
				"down": {"uv": [4.75, 8.1875, 4.125, 9], "rotation": 270, "texture": "#0"}
			}
		},
		{
			"from": [7.25, -4, -11.25],
			"to": [8.75, 12, -9.75],
			"rotation": {"angle": 0, "axis": "y", "origin": [23, -6, -6]},
			"faces": {
				"north": {"uv": [6.5, 9, 6.625, 10], "texture": "#0"},
				"east": {"uv": [6.125, 9, 6.25, 10], "texture": "#0"},
				"south": {"uv": [6.25, 9, 6.375, 10], "texture": "#0"},
				"west": {"uv": [6.375, 9, 6.5, 10], "texture": "#0"},
				"up": {"uv": [2.1875, 4.9375, 2.0625, 4.8125], "rotation": 90, "texture": "#0"},
				"down": {"uv": [2.3125, 4.8125, 2.1875, 4.9375], "rotation": 270, "texture": "#0"}
			}
		},
		{
			"from": [1.5, -6, 21.5],
			"to": [14.5, -4, 31.5],
			"rotation": {"angle": 0, "axis": "y", "origin": [8.75, -0.5, 26.5]},
			"faces": {
				"north": {"uv": [6.625, 9.125, 7.4375, 9.25], "texture": "#0"},
				"east": {"uv": [1.875, 9.25, 2.5, 9.375], "texture": "#0"},
				"south": {"uv": [7.4375, 9.125, 8.25, 9.25], "texture": "#0"},
				"west": {"uv": [2.3125, 4.25, 2.9375, 4.375], "texture": "#0"},
				"up": {"uv": [4.75, 9, 4.125, 8.1875], "rotation": 270, "texture": "#0"},
				"down": {"uv": [4.75, 8.1875, 4.125, 9], "rotation": 90, "texture": "#0"}
			}
		},
		{
			"from": [8.75, -4, 25.75],
			"to": [10.25, 12, 27.25],
			"rotation": {"angle": 0, "axis": "y", "origin": [8.75, -0.5, 26.5]},
			"faces": {
				"north": {"uv": [6.25, 9, 6.375, 10], "texture": "#0"},
				"east": {"uv": [6.375, 9, 6.5, 10], "texture": "#0"},
				"south": {"uv": [6.5, 9, 6.625, 10], "texture": "#0"},
				"west": {"uv": [6.125, 9, 6.25, 10], "texture": "#0"},
				"up": {"uv": [2.1875, 4.9375, 2.0625, 4.8125], "rotation": 270, "texture": "#0"},
				"down": {"uv": [2.3125, 4.8125, 2.1875, 4.9375], "rotation": 90, "texture": "#0"}
			}
		},
		{
			"from": [-12, -15.5, -12],
			"to": [-10, 16, -10],
			"rotation": {"angle": 0, "axis": "y", "origin": [-12, -15.5, -12]},
			"faces": {
				"north": {"uv": [1.99688, 12.38125, 2.12188, 14.37344], "texture": "#0"},
				"east": {"uv": [2, 12.375, 2.125, 14.375], "texture": "#0"},
				"south": {"uv": [2, 12.375, 2.125, 14.375], "texture": "#0"},
				"west": {"uv": [2, 12.375, 2.125, 14.375], "texture": "#0"},
				"up": {"uv": [3.0625, 12.125, 3.1875, 12.25], "texture": "#0"},
				"down": {"uv": [3.25, 12.1875, 3.375, 12.3125], "texture": "#0"}
			}
		},
		{
			"from": [26, -15.5, -12],
			"to": [28, 16, -10],
			"rotation": {"angle": 0, "axis": "y", "origin": [26, -15.5, -12]},
			"faces": {
				"north": {"uv": [1.99688, 12.38125, 2.12188, 14.37344], "texture": "#0"},
				"east": {"uv": [2, 12.375, 2.125, 14.375], "texture": "#0"},
				"south": {"uv": [2, 12.375, 2.125, 14.375], "texture": "#0"},
				"west": {"uv": [2, 12.375, 2.125, 14.375], "texture": "#0"},
				"up": {"uv": [3.0625, 12.125, 3.1875, 12.25], "texture": "#0"},
				"down": {"uv": [3.25, 12.1875, 3.375, 12.3125], "texture": "#0"}
			}
		},
		{
			"from": [26, -15.5, 26],
			"to": [28, 16, 28],
			"rotation": {"angle": 0, "axis": "y", "origin": [26, -15.5, 26]},
			"faces": {
				"north": {"uv": [1.99688, 12.38125, 2.12188, 14.37344], "texture": "#0"},
				"east": {"uv": [2, 12.375, 2.125, 14.375], "texture": "#0"},
				"south": {"uv": [2, 12.375, 2.125, 14.375], "texture": "#0"},
				"west": {"uv": [2, 12.375, 2.125, 14.375], "texture": "#0"},
				"up": {"uv": [3.0625, 12.125, 3.1875, 12.25], "texture": "#0"},
				"down": {"uv": [3.25, 12.1875, 3.375, 12.3125], "texture": "#0"}
			}
		},
		{
			"from": [-12, -15.5, 26],
			"to": [-10, 16, 28],
			"rotation": {"angle": 0, "axis": "y", "origin": [-12, -15.5, 26]},
			"faces": {
				"north": {"uv": [1.99688, 12.38125, 2.12188, 14.37344], "texture": "#0"},
				"east": {"uv": [2, 12.375, 2.125, 14.375], "texture": "#0"},
				"south": {"uv": [2, 12.375, 2.125, 14.375], "texture": "#0"},
				"west": {"uv": [2, 12.375, 2.125, 14.375], "texture": "#0"},
				"up": {"uv": [3.0625, 12.125, 3.1875, 12.25], "texture": "#0"},
				"down": {"uv": [3.25, 12.1875, 3.375, 12.3125], "texture": "#0"}
			}
		}
	],
	"display": {
		"head": {
			"translation": [0, 6.25, 14.75]
		}
	},
	"groups": [
		{
			"name": "group",
			"origin": [8, -15, 8],
			"color": 0,
			"children": [
				{
					"name": "ground_level",
					"origin": [8, 8, 8],
					"color": 0,
					"children": [0, 1, 2, 3, 4, 5, 6, 7, 8, 9, 10]
				},
				{
					"name": "top_1",
					"origin": [8, 8, 8],
					"color": 0,
					"children": [11, 12, 13, 14, 15, 16, 17, 18, 19, 20, 21]
				},
				{
					"name": "top_2",
					"origin": [8, -15, 8],
					"color": 0,
					"children": [22, 23, 24, 25, 26, 27, 28, 29, 30, 31, 32]
				},
				33,
				34,
				35,
				36,
				37,
				38,
				39,
				40
			]
		},
		41,
		42,
		43,
		44
	]
}