{
	"credit": "Made with Blockbench",
	"texture_size": [64, 64],
	"textures": {
		"2": "custom:item/cheese_mine"
	},
	"elements": [
		{
			"from": [-10, -15.5, -8],
			"to": [-4, 5.5, -2],
			"rotation": {"angle": 0, "axis": "y", "origin": [5, -15.5, -5]},
			"faces": {
				"north": {"uv": [8.5, 0, 10, 5.25], "texture": "#2"},
				"east": {"uv": [8.5, 0, 10, 5.25], "texture": "#2"},
				"south": {"uv": [8.5, 0, 10, 5.25], "texture": "#2"},
				"west": {"uv": [8.5, 0, 10, 5.25], "texture": "#2"},
				"up": {"uv": [1.5, 10.5, 0, 9], "texture": "#2"},
				"down": {"uv": [3, 9, 1.5, 10.5], "texture": "#2"}
			}
		},
		{
			"from": [-16, 5.5, -14],
			"to": [2, 9.5, 4],
			"rotation": {"angle": 0, "axis": "y", "origin": [5, -4.5, -5]},
			"faces": {
				"north": {"uv": [8.5, 5.25, 13, 6.25], "texture": "#2"},
				"east": {"uv": [8.5, 5.25, 13, 6.25], "texture": "#2"},
				"south": {"uv": [8.5, 5.25, 13, 6.25], "texture": "#2"},
				"west": {"uv": [8.5, 5.25, 13, 6.25], "texture": "#2"},
				"up": {"uv": [4.5, 4.5, 0, 0], "texture": "#2"},
				"down": {"uv": [4.5, 4.5, 0, 9], "texture": "#2"}
			}
		},
		{
			"from": [0, -16, 16],
			"to": [16, -14, 32],
			"rotation": {"angle": 0, "axis": "y", "origin": [0, -16, 16]},
			"faces": {
				"north": {"uv": [8.5, 7.25, 12.5, 7.75], "texture": "#2"},
				"east": {"uv": [8.5, 7.25, 12.5, 7.75], "texture": "#2"},
				"south": {"uv": [8.5, 7.25, 12.5, 7.75], "texture": "#2"},
				"west": {"uv": [8.5, 7.25, 12.5, 7.75], "texture": "#2"},
				"up": {"uv": [8.5, 4, 4.5, 0], "texture": "#2"},
				"down": {"uv": [8.5, 4, 4.5, 8], "texture": "#2"}
			}
		},
		{
			"from": [-16, -16, 16],
			"to": [0, -14, 32],
			"rotation": {"angle": 0, "axis": "y", "origin": [-16, -16, 16]},
			"faces": {
				"north": {"uv": [8.5, 7.25, 12.5, 7.75], "texture": "#2"},
				"east": {"uv": [8.5, 7.25, 12.5, 7.75], "texture": "#2"},
				"south": {"uv": [8.5, 7.25, 12.5, 7.75], "texture": "#2"},
				"west": {"uv": [8.5, 7.25, 12.5, 7.75], "texture": "#2"},
				"up": {"uv": [8.5, 4, 4.5, 0], "texture": "#2"},
				"down": {"uv": [8.5, 4, 4.5, 8], "texture": "#2"}
			}
		},
		{
			"from": [-16, -16, 0],
			"to": [0, -14, 16],
			"rotation": {"angle": 0, "axis": "y", "origin": [-16, -16, 0]},
			"faces": {
				"north": {"uv": [8.5, 7.25, 12.5, 7.75], "texture": "#2"},
				"east": {"uv": [8.5, 7.25, 12.5, 7.75], "texture": "#2"},
				"south": {"uv": [8.5, 7.25, 12.5, 7.75], "texture": "#2"},
				"west": {"uv": [8.5, 7.25, 12.5, 7.75], "texture": "#2"},
				"up": {"uv": [8.5, 4, 4.5, 0], "texture": "#2"},
				"down": {"uv": [8.5, 4, 4.5, 8], "texture": "#2"}
			}
		},
		{
			"from": [0, -16, 0],
			"to": [16, -14, 16],
			"rotation": {"angle": 0, "axis": "y", "origin": [0, -16, 0]},
			"faces": {
				"north": {"uv": [8.5, 7.25, 12.5, 7.75], "texture": "#2"},
				"east": {"uv": [8.5, 7.25, 12.5, 7.75], "texture": "#2"},
				"south": {"uv": [8.5, 7.25, 12.5, 7.75], "texture": "#2"},
				"west": {"uv": [8.5, 7.25, 12.5, 7.75], "texture": "#2"},
				"up": {"uv": [8.5, 4, 4.5, 0], "texture": "#2"},
				"down": {"uv": [8.5, 4, 4.5, 8], "texture": "#2"}
			}
		},
		{
			"from": [16, -16, 16],
			"to": [32, -14, 32],
			"rotation": {"angle": 0, "axis": "y", "origin": [16, -16, 16]},
			"faces": {
				"north": {"uv": [8.5, 7.25, 12.5, 7.75], "texture": "#2"},
				"east": {"uv": [8.5, 7.25, 12.5, 7.75], "texture": "#2"},
				"south": {"uv": [8.5, 7.25, 12.5, 7.75], "texture": "#2"},
				"west": {"uv": [8.5, 7.25, 12.5, 7.75], "texture": "#2"},
				"up": {"uv": [8.5, 4, 4.5, 0], "texture": "#2"},
				"down": {"uv": [8.5, 4, 4.5, 8], "texture": "#2"}
			}
		},
		{
			"from": [16, -16, 0],
			"to": [32, -14, 16],
			"rotation": {"angle": 0, "axis": "y", "origin": [16, -16, 0]},
			"faces": {
				"north": {"uv": [8.5, 7.25, 12.5, 7.75], "texture": "#2"},
				"east": {"uv": [8.5, 7.25, 12.5, 7.75], "texture": "#2"},
				"south": {"uv": [8.5, 7.25, 12.5, 7.75], "texture": "#2"},
				"west": {"uv": [8.5, 7.25, 12.5, 7.75], "texture": "#2"},
				"up": {"uv": [8.5, 4, 4.5, 0], "texture": "#2"},
				"down": {"uv": [8.5, 4, 4.5, 8], "texture": "#2"}
			}
		},
		{
			"from": [-16, -16, 0],
			"to": [0, -14, 16],
			"rotation": {"angle": 0, "axis": "y", "origin": [-16, -16, 0]},
			"color": 0,
			"faces": {
				"north": {"uv": [3.125, 1.5, 4.125, 1.625], "texture": "#missing"},
				"east": {"uv": [3.125, 1.5, 4.125, 1.625], "texture": "#missing"},
				"south": {"uv": [3.125, 1.5, 4.125, 1.625], "texture": "#missing"},
				"west": {"uv": [3.125, 1.5, 4.125, 1.625], "texture": "#missing"},
				"up": {"uv": [2.125, 1, 1.125, 0], "texture": "#missing"},
				"down": {"uv": [3.125, 2, 2.125, 3], "texture": "#missing"}
			}
		},
		{
			"from": [-14.40949, 8.9564, -12.796],
			"to": [0.59051, 12.9564, 2.204],
			"rotation": {"angle": 0, "axis": "y", "origin": [-6.40949, 10.9564, -11.796]},
			"faces": {
				"north": {"uv": [8.5, 6.25, 12.25, 7.25], "texture": "#2"},
				"east": {"uv": [8.5, 6.25, 12.25, 7.25], "texture": "#2"},
				"south": {"uv": [8.5, 6.25, 12.25, 7.25], "texture": "#2"},
				"west": {"uv": [8.5, 6.25, 12.25, 7.25], "texture": "#2"},
				"up": {"uv": [8.25, 11.75, 4.5, 8], "texture": "#2"},
				"down": {"uv": [12, 8, 8.25, 11.75], "texture": "#2"}
			}
		},
		{
			"from": [-15.40949, -15.0436, 16.204],
			"to": [-0.40949, -11.0436, 31.204],
			"rotation": {"angle": 0, "axis": "y", "origin": [-7.40949, -13.0436, 17.204]},
			"faces": {
				"north": {"uv": [8.5, 6.25, 12.25, 7.25], "texture": "#2"},
				"east": {"uv": [8.5, 6.25, 12.25, 7.25], "texture": "#2"},
				"south": {"uv": [8.5, 6.25, 12.25, 7.25], "texture": "#2"},
				"west": {"uv": [8.5, 6.25, 12.25, 7.25], "texture": "#2"},
				"up": {"uv": [8.25, 11.75, 4.5, 8], "texture": "#2"},
				"down": {"uv": [12, 8, 8.25, 11.75], "texture": "#2"}
			}
		},
		{
			"from": [0.09051, -15.0436, 0.204],
			"to": [15.09051, -11.0436, 15.204],
			"rotation": {"angle": 0, "axis": "y", "origin": [8.09051, -13.0436, 1.204]},
			"faces": {
				"north": {"uv": [8.5, 6.25, 12.25, 7.25], "texture": "#2"},
				"east": {"uv": [8.5, 6.25, 12.25, 7.25], "texture": "#2"},
				"south": {"uv": [8.5, 6.25, 12.25, 7.25], "texture": "#2"},
				"west": {"uv": [8.5, 6.25, 12.25, 7.25], "texture": "#2"},
				"up": {"uv": [8.25, 11.75, 4.5, 8], "texture": "#2"},
				"down": {"uv": [12, 8, 8.25, 11.75], "texture": "#2"}
			}
		},
		{
			"from": [16.09051, -15.0436, 0.204],
			"to": [31.09051, -11.0436, 15.204],
			"rotation": {"angle": 0, "axis": "y", "origin": [24.09051, -13.0436, 1.204]},
			"faces": {
				"north": {"uv": [8.5, 6.25, 12.25, 7.25], "texture": "#2"},
				"east": {"uv": [8.5, 6.25, 12.25, 7.25], "texture": "#2"},
				"south": {"uv": [8.5, 6.25, 12.25, 7.25], "texture": "#2"},
				"west": {"uv": [8.5, 6.25, 12.25, 7.25], "texture": "#2"},
				"up": {"uv": [8.25, 11.75, 4.5, 8], "texture": "#2"},
				"down": {"uv": [12, 8, 8.25, 11.75], "texture": "#2"}
			}
		},
		{
			"from": [16.09051, -15.0436, 16.204],
			"to": [31.09051, -11.0436, 31.204],
			"rotation": {"angle": 0, "axis": "y", "origin": [24.09051, -13.0436, 17.204]},
			"faces": {
				"north": {"uv": [8.5, 6.25, 12.25, 7.25], "texture": "#2"},
				"east": {"uv": [8.5, 6.25, 12.25, 7.25], "texture": "#2"},
				"south": {"uv": [8.5, 6.25, 12.25, 7.25], "texture": "#2"},
				"west": {"uv": [8.5, 6.25, 12.25, 7.25], "texture": "#2"},
				"up": {"uv": [8.25, 11.75, 4.5, 8], "texture": "#2"},
				"down": {"uv": [12, 8, 8.25, 11.75], "texture": "#2"}
			}
		},
		{
			"name": "netherite_hoe_0",
			"from": [-9.17, -15.415, 7.64],
			"to": [-5.66, -11.905, 8.81],
			"rotation": {"angle": 22.5, "axis": "z", "origin": [-8.585, -6.9325, 8.225]},
			"faces": {
				"north": {"uv": [3, 9, 3.875, 9.875], "texture": "#2"},
				"east": {"uv": [3, 10, 3.25, 10.875], "texture": "#2"},
				"south": {"uv": [10, 0, 10.875, 0.875], "texture": "#2"},
				"west": {"uv": [10, 3, 10.25, 3.875], "texture": "#2"},
				"up": {"uv": [9.375, 8, 8.5, 7.75], "texture": "#2"},
				"down": {"uv": [10.375, 7.75, 9.5, 8], "texture": "#2"}
			}
		},
		{
			"name": "netherite_hoe_1",
			"from": [-10.34, -14.245, 7.64],
			"to": [-9.17, -13.075, 8.81],
			"rotation": {"angle": 22.5, "axis": "z", "origin": [-8.585, -6.9325, 8.225]},
			"faces": {
				"north": {"uv": [10.5, 7.75, 10.75, 8], "texture": "#2"},
				"east": {"uv": [10.5, 7.75, 10.75, 8], "texture": "#2"},
				"south": {"uv": [4, 10.75, 4.25, 11], "texture": "#2"},
				"west": {"uv": [10.5, 7.75, 10.75, 8], "texture": "#2"},
				"up": {"uv": [4.5, 11, 4.25, 10.75], "texture": "#2"},
				"down": {"uv": [11, 4.5, 10.75, 4.75], "texture": "#2"}
			}
		},
		{
			"name": "netherite_hoe_2",
			"from": [-5.66, -14.245, 7.64],
			"to": [-4.49, -7.225, 8.81],
			"rotation": {"angle": 22.5, "axis": "z", "origin": [-8.585, -6.9325, 8.225]},
			"faces": {
				"north": {"uv": [4, 9, 4.25, 10.75], "texture": "#2"},
				"east": {"uv": [4, 9, 4.25, 10.75], "texture": "#2"},
				"south": {"uv": [4.25, 9, 4.5, 10.75], "texture": "#2"},
				"west": {"uv": [4, 9, 4.25, 10.75], "texture": "#2"},
				"up": {"uv": [11, 5, 10.75, 4.75], "texture": "#2"},
				"down": {"uv": [11, 5, 10.75, 5.25], "texture": "#2"}
			}
		},
		{
			"name": "netherite_hoe_3",
			"from": [-4.49, -13.075, 7.64],
			"to": [-0.98, -9.565, 8.81],
			"rotation": {"angle": 22.5, "axis": "z", "origin": [-8.585, -6.9325, 8.225]},
			"faces": {
				"north": {"uv": [10, 1, 10.875, 1.875], "texture": "#2"},
				"east": {"uv": [3.25, 10, 3.5, 10.875], "texture": "#2"},
				"south": {"uv": [10, 2, 10.875, 2.875], "texture": "#2"},
				"west": {"uv": [3.5, 10, 3.75, 10.875], "texture": "#2"},
				"up": {"uv": [10.875, 4.25, 10, 4], "texture": "#2"},
				"down": {"uv": [10.875, 4.25, 10, 4.5], "texture": "#2"}
			}
		},
		{
			"name": "netherite_hoe_4",
			"from": [-6.83, -11.905, 7.64],
			"to": [-5.66, -10.735, 8.81],
			"rotation": {"angle": 22.5, "axis": "z", "origin": [-8.585, -6.9325, 8.225]},
			"faces": {
				"north": {"uv": [10.75, 7.75, 11, 8], "texture": "#2"},
				"east": {"uv": [10.75, 7.75, 11, 8], "texture": "#2"},
				"south": {"uv": [11, 0, 11.25, 0.25], "texture": "#2"},
				"west": {"uv": [10.75, 7.75, 11, 8], "texture": "#2"},
				"up": {"uv": [11.25, 0.5, 11, 0.25], "texture": "#2"},
				"down": {"uv": [11.25, 0.5, 11, 0.75], "texture": "#2"}
			}
		},
		{
			"name": "netherite_hoe_5",
			"from": [-6.83, -9.565, 7.64],
			"to": [-5.66, -6.055, 8.81],
			"rotation": {"angle": 22.5, "axis": "z", "origin": [-8.585, -6.9325, 8.225]},
			"faces": {
				"north": {"uv": [3.75, 10, 4, 10.875], "texture": "#2"},
				"east": {"uv": [3.75, 10, 4, 10.875], "texture": "#2"},
				"south": {"uv": [10.25, 3, 10.5, 3.875], "texture": "#2"},
				"west": {"uv": [3.75, 10, 4, 10.875], "texture": "#2"},
				"up": {"uv": [11.25, 1, 11, 0.75], "texture": "#2"},
				"down": {"uv": [11.25, 1, 11, 1.25], "texture": "#2"}
			}
		},
		{
			"name": "netherite_hoe_6",
			"from": [-4.49, -9.565, 7.64],
			"to": [-2.15, -8.395, 8.81],
			"rotation": {"angle": 22.5, "axis": "z", "origin": [-8.585, -6.9325, 8.225]},
			"faces": {
				"north": {"uv": [10, 4.5, 10.625, 4.75], "texture": "#2"},
				"east": {"uv": [11, 1.25, 11.25, 1.5], "texture": "#2"},
				"south": {"uv": [10, 4.75, 10.625, 5], "texture": "#2"},
				"west": {"uv": [11, 1.5, 11.25, 1.75], "texture": "#2"},
				"up": {"uv": [10.625, 5.25, 10, 5], "texture": "#2"},
				"down": {"uv": [11.125, 3, 10.5, 3.25], "texture": "#2"}
			}
		},
		{
			"name": "netherite_hoe_7",
			"from": [-8, -8.395, 7.64],
			"to": [-6.83, -4.885, 8.81],
			"rotation": {"angle": 22.5, "axis": "z", "origin": [-8.585, -6.9325, 8.225]},
			"faces": {
				"north": {"uv": [0, 10.5, 0.25, 11.375], "texture": "#2"},
				"east": {"uv": [0, 10.5, 0.25, 11.375], "texture": "#2"},
				"south": {"uv": [0.25, 10.5, 0.5, 11.375], "texture": "#2"},
				"west": {"uv": [0, 10.5, 0.25, 11.375], "texture": "#2"},
				"up": {"uv": [11.25, 2, 11, 1.75], "texture": "#2"},
				"down": {"uv": [11.25, 2, 11, 2.25], "texture": "#2"}
			}
		},
		{
			"name": "netherite_hoe_8",
			"from": [-9.17, -7.225, 7.64],
			"to": [-8, -3.715, 8.81],
			"rotation": {"angle": 22.5, "axis": "z", "origin": [-8.585, -6.9325, 8.225]},
			"faces": {
				"north": {"uv": [0.5, 10.5, 0.75, 11.375], "texture": "#2"},
				"east": {"uv": [0.5, 10.5, 0.75, 11.375], "texture": "#2"},
				"south": {"uv": [0.75, 10.5, 1, 11.375], "texture": "#2"},
				"west": {"uv": [0.5, 10.5, 0.75, 11.375], "texture": "#2"},
				"up": {"uv": [11.25, 2.5, 11, 2.25], "texture": "#2"},
				"down": {"uv": [11.25, 2.5, 11, 2.75], "texture": "#2"}
			}
		},
		{
			"name": "netherite_hoe_9",
			"from": [-10.34, -6.055, 7.64],
			"to": [-9.17, -2.545, 8.81],
			"rotation": {"angle": 22.5, "axis": "z", "origin": [-8.585, -6.9325, 8.225]},
			"faces": {
				"north": {"uv": [1, 10.5, 1.25, 11.375], "texture": "#2"},
				"east": {"uv": [1, 10.5, 1.25, 11.375], "texture": "#2"},
				"south": {"uv": [1.25, 10.5, 1.5, 11.375], "texture": "#2"},
				"west": {"uv": [1, 10.5, 1.25, 11.375], "texture": "#2"},
				"up": {"uv": [11.25, 3, 11, 2.75], "texture": "#2"},
				"down": {"uv": [3.25, 11, 3, 11.25], "texture": "#2"}
			}
		},
		{
			"name": "netherite_hoe_10",
			"from": [-11.51, -4.885, 7.64],
			"to": [-10.34, -1.375, 8.81],
			"rotation": {"angle": 22.5, "axis": "z", "origin": [-8.585, -6.9325, 8.225]},
			"faces": {
				"north": {"uv": [1.5, 10.5, 1.75, 11.375], "texture": "#2"},
				"east": {"uv": [1.5, 10.5, 1.75, 11.375], "texture": "#2"},
				"south": {"uv": [1.75, 10.5, 2, 11.375], "texture": "#2"},
				"west": {"uv": [1.5, 10.5, 1.75, 11.375], "texture": "#2"},
				"up": {"uv": [3.5, 11.25, 3.25, 11], "texture": "#2"},
				"down": {"uv": [11.25, 3.25, 11, 3.5], "texture": "#2"}
			}
		},
		{
			"name": "netherite_hoe_11",
			"from": [-12.68, -3.715, 7.64],
			"to": [-11.51, -0.205, 8.81],
			"rotation": {"angle": 22.5, "axis": "z", "origin": [-8.585, -6.9325, 8.225]},
			"faces": {
				"north": {"uv": [2, 10.5, 2.25, 11.375], "texture": "#2"},
				"east": {"uv": [2, 10.5, 2.25, 11.375], "texture": "#2"},
				"south": {"uv": [2.25, 10.5, 2.5, 11.375], "texture": "#2"},
				"west": {"uv": [2, 10.5, 2.25, 11.375], "texture": "#2"},
				"up": {"uv": [3.75, 11.25, 3.5, 11], "texture": "#2"},
				"down": {"uv": [11.25, 3.5, 11, 3.75], "texture": "#2"}
			}
		},
		{
			"name": "netherite_hoe_12",
			"from": [-13.85, -2.545, 7.64],
			"to": [-12.68, 0.965, 8.81],
			"rotation": {"angle": 22.5, "axis": "z", "origin": [-8.585, -6.9325, 8.225]},
			"faces": {
				"north": {"uv": [2.5, 10.5, 2.75, 11.375], "texture": "#2"},
				"east": {"uv": [2.5, 10.5, 2.75, 11.375], "texture": "#2"},
				"south": {"uv": [2.75, 10.5, 3, 11.375], "texture": "#2"},
				"west": {"uv": [2.5, 10.5, 2.75, 11.375], "texture": "#2"},
				"up": {"uv": [4, 11.25, 3.75, 11], "texture": "#2"},
				"down": {"uv": [11.25, 3.75, 11, 4], "texture": "#2"}
			}
		},
		{
			"name": "netherite_hoe_13",
			"from": [-15.02, -1.375, 7.64],
			"to": [-13.85, 0.965, 8.81],
			"rotation": {"angle": 22.5, "axis": "z", "origin": [-8.585, -6.9325, 8.225]},
			"faces": {
				"north": {"uv": [10.5, 3.25, 10.75, 3.875], "texture": "#2"},
				"east": {"uv": [10.5, 3.25, 10.75, 3.875], "texture": "#2"},
				"south": {"uv": [10.75, 3.25, 11, 3.875], "texture": "#2"},
				"west": {"uv": [10.5, 3.25, 10.75, 3.875], "texture": "#2"},
				"up": {"uv": [4.25, 11.25, 4, 11], "texture": "#2"},
				"down": {"uv": [11.25, 4, 11, 4.25], "texture": "#2"}
			}
		}
	],
	"display": {
		"head": {
			"rotation": [0, 180, 0],
			"translation": [0, 7, 17]
		}
	},
	"groups": [
		{
			"name": "cheese_farm",
			"origin": [0, -0.5, -16],
			"color": 0,
			"children": [
				0,
				1,
				2,
				3,
				4,
				5,
				6,
				7,
				8,
				9,
				10,
				11,
				12,
				13,
				{
					"name": "netherite_hoe",
					"origin": [8, 8, 8],
					"color": 0,
					"children": [14, 15, 16, 17, 18, 19, 20, 21, 22, 23, 24, 25, 26, 27]
				}
			]
		}
	]
}