{
	"credit": "Made with Blockbench",
	"texture_size": [128, 128],
	"textures": {
		"0": "custom:item/giant_laser",
		"particle": "custom:item/giant_laser"
	},
	"elements": [
		{
			"from": [2, -16, 8],
			"to": [14, -14, 20],
			"rotation": {"angle": 0, "axis": "y", "origin": [2, -16, 8]},
			"faces": {
				"north": {"uv": [8.625, 2.5, 10.125, 2.75], "texture": "#0"},
				"east": {"uv": [8.625, 2.75, 10.125, 3], "texture": "#0"},
				"south": {"uv": [8.625, 3, 10.125, 3.25], "texture": "#0"},
				"west": {"uv": [8.625, 3.25, 10.125, 3.5], "texture": "#0"},
				"up": {"uv": [8, 7, 6.5, 5.5], "texture": "#0"},
				"down": {"uv": [1.5, 6.875, 0, 8.375], "texture": "#0"}
			}
		},
		{
			"from": [6, -15, 12],
			"to": [10, -3, 16],
			"rotation": {"angle": 22.5, "axis": "x", "origin": [8, -14.5, 14]},
			"faces": {
				"north": {"uv": [1.5, 8.25, 2, 9.75], "texture": "#0"},
				"east": {"uv": [2, 8.25, 2.5, 9.75], "texture": "#0"},
				"south": {"uv": [2.5, 8.25, 3, 9.75], "texture": "#0"},
				"west": {"uv": [3, 8.25, 3.5, 9.75], "texture": "#0"},
				"up": {"uv": [6.375, 8.875, 5.875, 8.375], "texture": "#0"},
				"down": {"uv": [9.25, 1.25, 8.75, 1.75], "texture": "#0"}
			}
		},
		{
			"from": [5.975, -4.66575, 16.22362],
			"to": [10.025, 7.38425, 20.27362],
			"rotation": {"angle": 0, "axis": "y", "origin": [8, 1.35925, 18.24862]},
			"faces": {
				"north": {"uv": [3.5, 8.25, 4, 9.75], "texture": "#0"},
				"east": {"uv": [6.5, 8.25, 7, 9.75], "texture": "#0"},
				"south": {"uv": [7, 8.25, 7.5, 9.75], "texture": "#0"},
				"west": {"uv": [0, 8.375, 0.5, 9.875], "texture": "#0"},
				"up": {"uv": [9.25, 2.25, 8.75, 1.75], "texture": "#0"},
				"down": {"uv": [4.5, 8.75, 4, 9.25], "texture": "#0"}
			}
		},
		{
			"from": [0, -16, 8],
			"to": [2, -14, 20],
			"rotation": {"angle": 0, "axis": "y", "origin": [2, -16, 8]},
			"faces": {
				"north": {"uv": [8.75, 2.25, 9, 2.5], "texture": "#0"},
				"east": {"uv": [8.625, 3.5, 10.125, 3.75], "texture": "#0"},
				"south": {"uv": [9, 2.25, 9.25, 2.5], "texture": "#0"},
				"west": {"uv": [8.625, 3.75, 10.125, 4], "texture": "#0"},
				"up": {"uv": [1.5, 9.875, 1.25, 8.375], "texture": "#0"},
				"down": {"uv": [5.375, 8.375, 5.125, 9.875], "texture": "#0"}
			}
		},
		{
			"from": [14, -16, 8],
			"to": [16, -14, 20],
			"rotation": {"angle": 0, "axis": "y", "origin": [16, -16, 8]},
			"faces": {
				"north": {"uv": [9.25, 2.25, 9.5, 2.5], "texture": "#0"},
				"east": {"uv": [8.625, 4, 10.125, 4.25], "texture": "#0"},
				"south": {"uv": [9.5, 7.125, 9.75, 7.375], "texture": "#0"},
				"west": {"uv": [8.625, 4.25, 10.125, 4.5], "texture": "#0"},
				"up": {"uv": [5.625, 9.875, 5.375, 8.375], "texture": "#0"},
				"down": {"uv": [5.875, 8.375, 5.625, 9.875], "texture": "#0"}
			}
		},
		{
			"from": [2, -16, 20],
			"to": [14, -14, 22],
			"rotation": {"angle": 0, "axis": "y", "origin": [2, -16, 8]},
			"faces": {
				"north": {"uv": [8.625, 4.5, 10.125, 4.75], "texture": "#0"},
				"east": {"uv": [4.625, 9.625, 4.875, 9.875], "texture": "#0"},
				"south": {"uv": [8.625, 4.75, 10.125, 5], "texture": "#0"},
				"west": {"uv": [4.875, 9.625, 5.125, 9.875], "texture": "#0"},
				"up": {"uv": [10.125, 5.25, 8.625, 5], "texture": "#0"},
				"down": {"uv": [10.25, 0, 8.75, 0.25], "texture": "#0"}
			}
		},
		{
			"from": [2, -16, 6],
			"to": [14, -14, 8],
			"rotation": {"angle": 0, "axis": "y", "origin": [2, -16, -6]},
			"faces": {
				"north": {"uv": [8.75, 0.25, 10.25, 0.5], "texture": "#0"},
				"east": {"uv": [9.625, 5.625, 9.875, 5.875], "texture": "#0"},
				"south": {"uv": [8.75, 0.5, 10.25, 0.75], "texture": "#0"},
				"west": {"uv": [9.625, 5.875, 9.875, 6.125], "texture": "#0"},
				"up": {"uv": [10.25, 1, 8.75, 0.75], "texture": "#0"},
				"down": {"uv": [10.25, 1, 8.75, 1.25], "texture": "#0"}
			}
		},
		{
			"from": [3.025, 4.38425, 9.27362],
			"to": [13.025, 15.38425, 25.27362],
			"rotation": {"angle": 22.5, "axis": "x", "origin": [8.025, 9.88425, 17.27362]},
			"faces": {
				"north": {"uv": [1.5, 6.875, 2.75, 8.25], "texture": "#0"},
				"east": {"uv": [0, 5.5, 2, 6.875], "texture": "#0"},
				"south": {"uv": [2.75, 6.875, 4, 8.25], "texture": "#0"},
				"west": {"uv": [2, 5.5, 4, 6.875], "texture": "#0"},
				"up": {"uv": [5.25, 7.5, 4, 5.5], "texture": "#0"},
				"down": {"uv": [6.5, 5.5, 5.25, 7.5], "texture": "#0"}
			}
		},
		{
			"from": [7.025, 14.55925, 13.92362],
			"to": [9.025, 19.60925, 15.67362],
			"rotation": {"angle": 22.5, "axis": "x", "origin": [8.025, 20.05925, 21.42362]},
			"faces": {
				"north": {"uv": [6.25, 8.875, 6.5, 9.5], "texture": "#0"},
				"east": {"uv": [9.25, 8.375, 9.5, 9], "texture": "#0"},
				"south": {"uv": [8.5, 9.25, 8.75, 9.875], "texture": "#0"},
				"west": {"uv": [8.75, 9.25, 9, 9.875], "texture": "#0"},
				"up": {"uv": [9.875, 6.375, 9.625, 6.125], "texture": "#0"},
				"down": {"uv": [7.75, 9.625, 7.5, 9.875], "texture": "#0"}
			}
		},
		{
			"from": [6.96, 21.22209, 10.573],
			"to": [9.04, 28.02709, 12.653],
			"rotation": {"angle": -45, "axis": "x", "origin": [8, 25.48709, 13.488]},
			"faces": {
				"north": {"uv": [4.5, 8.75, 4.75, 9.625], "texture": "#0"},
				"east": {"uv": [4.75, 8.75, 5, 9.625], "texture": "#0"},
				"south": {"uv": [8.75, 6.125, 9, 7], "texture": "#0"},
				"west": {"uv": [7.5, 8.75, 7.75, 9.625], "texture": "#0"},
				"up": {"uv": [8, 9.875, 7.75, 9.625], "texture": "#0"},
				"down": {"uv": [8.25, 9.625, 8, 9.875], "texture": "#0"}
			}
		},
		{
			"from": [7.025, 8.38425, 25.27362],
			"to": [9.025, 10.88425, 28.77362],
			"rotation": {"angle": 22.5, "axis": "x", "origin": [8.025, 9.88425, 17.27362]},
			"faces": {
				"north": {"uv": [9, 8.375, 9.25, 8.75], "texture": "#0"},
				"east": {"uv": [9, 6.625, 9.5, 7], "texture": "#0"},
				"south": {"uv": [9.125, 5.75, 9.375, 6.125], "texture": "#0"},
				"west": {"uv": [9, 7, 9.5, 7.375], "texture": "#0"},
				"up": {"uv": [9.875, 2.5, 9.625, 2], "texture": "#0"},
				"down": {"uv": [4.625, 9.625, 4.375, 10.125], "texture": "#0"}
			}
		},
		{
			"from": [6.525, 7.88425, 28.77362],
			"to": [9.525, 11.38425, 32],
			"rotation": {"angle": 22.5, "axis": "x", "origin": [8.025, 9.88425, 17.27362]},
			"faces": {
				"north": {"uv": [9, 7.375, 9.375, 7.875], "texture": "#0"},
				"east": {"uv": [9, 7.875, 9.375, 8.375], "texture": "#0"},
				"south": {"uv": [9.125, 5.25, 9.5, 5.75], "texture": "#0"},
				"west": {"uv": [0.5, 9.25, 0.875, 9.75], "texture": "#0"},
				"up": {"uv": [9.875, 5.625, 9.5, 5.25], "texture": "#0"},
				"down": {"uv": [6.5, 9.5, 6.125, 9.875], "texture": "#0"}
			}
		},
		{
			"from": [6.525, 28.38425, 9.77362],
			"to": [9.525, 31.88425, 13],
			"rotation": {"angle": 22.5, "axis": "x", "origin": [8.025, 30.38425, -1.72638]},
			"faces": {
				"north": {"uv": [0.875, 9.25, 1.25, 9.75], "texture": "#0"},
				"east": {"uv": [9.25, 1.25, 9.625, 1.75], "texture": "#0"},
				"south": {"uv": [9.25, 1.75, 9.625, 2.25], "texture": "#0"},
				"west": {"uv": [4, 9.25, 4.375, 9.75], "texture": "#0"},
				"up": {"uv": [9.875, 6.75, 9.5, 6.375], "texture": "#0"},
				"down": {"uv": [9.875, 6.75, 9.5, 7.125], "texture": "#0"}
			}
		},
		{
			"from": [7.025, 5.34075, 11.17362],
			"to": [9.025, 10.39075, 12.92362],
			"rotation": {"angle": -22.5, "axis": "x", "origin": [8.025, 4.89075, 18.67362]},
			"faces": {
				"north": {"uv": [9, 9.25, 9.25, 9.875], "texture": "#0"},
				"east": {"uv": [9.25, 9, 9.5, 9.625], "texture": "#0"},
				"south": {"uv": [9.375, 5.75, 9.625, 6.375], "texture": "#0"},
				"west": {"uv": [5.875, 9.375, 6.125, 10], "texture": "#0"},
				"up": {"uv": [8.5, 9.875, 8.25, 9.625], "texture": "#0"},
				"down": {"uv": [9.5, 9.625, 9.25, 9.875], "texture": "#0"}
			}
		},
		{
			"from": [6.96, -3.07709, 7.823],
			"to": [9.04, 3.72791, 9.903],
			"rotation": {"angle": 45, "axis": "x", "origin": [8, -0.53709, 10.738]},
			"faces": {
				"north": {"uv": [7.75, 8.75, 8, 9.625], "texture": "#0"},
				"east": {"uv": [8.75, 7.875, 9, 8.75], "texture": "#0"},
				"south": {"uv": [8, 8.75, 8.25, 9.625], "texture": "#0"},
				"west": {"uv": [8.25, 8.75, 8.5, 9.625], "texture": "#0"},
				"up": {"uv": [9.75, 9.875, 9.5, 9.625], "texture": "#0"},
				"down": {"uv": [0.75, 9.75, 0.5, 10], "texture": "#0"}
			}
		},
		{
			"from": [6.525, -6.93425, 7.02362],
			"to": [9.525, -3.43425, 10.25],
			"rotation": {"angle": -22.5, "axis": "x", "origin": [8.025, -5.43425, -4.47638]},
			"faces": {
				"north": {"uv": [9.5, 8.125, 9.875, 8.5], "texture": "#0"},
				"east": {"uv": [9.5, 8.5, 9.875, 8.875], "texture": "#0"},
				"south": {"uv": [9.5, 8.875, 9.875, 9.25], "texture": "#0"},
				"west": {"uv": [9.5, 9.25, 9.875, 9.625], "texture": "#0"},
				"up": {"uv": [10, 1.625, 9.625, 1.25], "texture": "#0"},
				"down": {"uv": [10, 1.625, 9.625, 2], "texture": "#0"}
			}
		},
		{
			"from": [3.775, 11.28425, 3.47362],
			"to": [12.275, 20.78425, 10.47362],
			"rotation": {"angle": 22.5, "axis": "x", "origin": [8.025, 16.03425, 2.47362]},
			"faces": {
				"north": {"uv": [6.5, 7, 7.625, 8.25], "texture": "#0"},
				"east": {"uv": [7.875, 0, 8.75, 1.25], "texture": "#0"},
				"south": {"uv": [4, 7.5, 5.125, 8.75], "texture": "#0"},
				"west": {"uv": [7.875, 1.25, 8.75, 2.5], "texture": "#0"},
				"up": {"uv": [8.75, 8.75, 7.625, 7.875], "texture": "#0"},
				"down": {"uv": [9.125, 5.25, 8, 6.125], "texture": "#0"}
			}
		},
		{
			"from": [-2.225, 7.28425, 3.97362],
			"to": [18.275, 28.78425, 3.97362],
			"rotation": {"angle": 22.5, "axis": "x", "origin": [8.025, 18.03425, -3.52638]},
			"faces": {
				"north": {"uv": [0, 2.75, 2.625, 5.5], "texture": "#0"},
				"east": {"uv": [0, 0, 0, 2.75], "texture": "#0"},
				"south": {"uv": [0, 2.75, 2.625, 5.5], "texture": "#0"},
				"west": {"uv": [0, 0, 0, 2.75], "texture": "#0"},
				"up": {"uv": [2.625, 0, 0, 0], "texture": "#0"},
				"down": {"uv": [2.625, 0, 0, 0], "texture": "#0"}
			}
		},
		{
			"from": [-2.225, 10.28425, -4.02638],
			"to": [18.275, 31.78425, -4.02638],
			"rotation": {"angle": 22.5, "axis": "x", "origin": [8.025, 21.03425, -11.52638]},
			"faces": {
				"north": {"uv": [0, 2.75, 2.625, 5.5], "texture": "#0"},
				"east": {"uv": [0, 0, 0, 2.75], "texture": "#0"},
				"south": {"uv": [0, 2.75, 2.625, 5.5], "texture": "#0"},
				"west": {"uv": [0, 0, 0, 2.75], "texture": "#0"},
				"up": {"uv": [2.625, 0, 0, 0], "texture": "#0"},
				"down": {"uv": [2.625, 0, 0, 0], "texture": "#0"}
			}
		},
		{
			"from": [-2.225, 5.28425, 8.72362],
			"to": [18.275, 26.78425, 8.72362],
			"rotation": {"angle": 22.5, "axis": "x", "origin": [8.025, 16.03425, 1.22362]},
			"faces": {
				"north": {"uv": [0, 2.75, 2.625, 5.5], "texture": "#0"},
				"east": {"uv": [0, 0, 0, 2.75], "texture": "#0"},
				"south": {"uv": [0, 2.75, 2.625, 5.5], "texture": "#0"},
				"west": {"uv": [0, 0, 0, 2.75], "texture": "#0"},
				"up": {"uv": [2.625, 0, 0, 0], "texture": "#0"},
				"down": {"uv": [2.625, 0, 0, 0], "texture": "#0"}
			}
		},
		{
			"from": [5.275, 12.78425, -6.52638],
			"to": [10.775, 19.28425, 4.47362],
			"rotation": {"angle": 22.5, "axis": "x", "origin": [8.025, 16.03425, 2.47362]},
			"faces": {
				"north": {"uv": [8, 6.125, 8.75, 7], "texture": "#0"},
				"east": {"uv": [5.125, 7.5, 6.5, 8.375], "texture": "#0"},
				"south": {"uv": [0.5, 8.375, 1.25, 9.25], "texture": "#0"},
				"west": {"uv": [7.625, 7, 9, 7.875], "texture": "#0"},
				"up": {"uv": [8.625, 3.875, 7.875, 2.5], "texture": "#0"},
				"down": {"uv": [8.625, 3.875, 7.875, 5.25], "texture": "#0"}
			}
		},
		{
			"from": [6.775, 14.28425, -10],
			"to": [9.275, 17.78425, -6.52638],
			"rotation": {"angle": 22.5, "axis": "x", "origin": [8.025, 16.03425, 2.47362]},
			"faces": {
				"north": {"uv": [8.5, 8.75, 8.875, 9.25], "texture": "#0"},
				"east": {"uv": [5.875, 8.875, 6.25, 9.375], "texture": "#0"},
				"south": {"uv": [8.875, 8.75, 9.25, 9.25], "texture": "#0"},
				"west": {"uv": [9, 6.125, 9.375, 6.625], "texture": "#0"},
				"up": {"uv": [9.75, 7.75, 9.375, 7.375], "texture": "#0"},
				"down": {"uv": [9.75, 7.75, 9.375, 8.125], "texture": "#0"}
			}
		}
	],
	"display": {
		"head": {
			"rotation": [0, 90, 0],
			"translation": [0, 5, 0]
		}
	},
	"groups": [
		{
			"name": "group",
			"origin": [8, 8, 8],
			"color": 0,
			"children": [0, 1, 2, 3, 4, 5, 6, 7, 8, 9, 10, 11, 12, 13, 14, 15, 16, 17, 18, 19, 20, 21]
		}
	]
}