{
	"credit": "Made with Blockbench",
	"texture_size": [128, 128],
	"textures": {
		"3": "custom:item/gravity_booth"
	},
	"elements": [
		{
			"from": [-4, -16, 18],
			"to": [20, 19, 20],
			"rotation": {"angle": 0, "axis": "y", "origin": [0, 0, 18]},
			"faces": {
				"north": {"uv": [0, 0, 3, 4.375], "texture": "#3"},
				"east": {"uv": [10, 9, 10.25, 13.375], "texture": "#3"},
				"south": {"uv": [3, 0, 6, 4.375], "texture": "#3"},
				"west": {"uv": [9.375, 10, 9.625, 14.375], "texture": "#3"},
				"up": {"uv": [14.75, 7.25, 11.75, 7], "texture": "#3"},
				"down": {"uv": [14.75, 7.25, 11.75, 7.5], "texture": "#3"}
			}
		},
		{
			"from": [18, -16, -2],
			"to": [20, 19, 18],
			"rotation": {"angle": 0, "axis": "y", "origin": [0, 0, 18]},
			"faces": {
				"north": {"uv": [9.625, 10, 9.875, 14.375], "texture": "#3"},
				"east": {"uv": [3, 0, 6, 4.375], "texture": "#3"},
				"south": {"uv": [2, 10.25, 2.25, 14.625], "texture": "#3"},
				"west": {"uv": [0, 4.375, 2.5, 8.75], "texture": "#3"},
				"up": {"uv": [8, 15.25, 7.75, 12.75], "texture": "#3"},
				"down": {"uv": [9.25, 12.75, 9, 15.25], "texture": "#3"}
			}
		},
		{
			"from": [-4, -16, -2],
			"to": [-2, 19, 18],
			"rotation": {"angle": 0, "axis": "y", "origin": [-22, 0, 18]},
			"faces": {
				"north": {"uv": [2.25, 10.25, 2.5, 14.625], "texture": "#3"},
				"east": {"uv": [2.5, 4.375, 5, 8.75], "texture": "#3"},
				"south": {"uv": [2.5, 10.25, 2.75, 14.625], "texture": "#3"},
				"west": {"uv": [5, 4.375, 7.5, 8.75], "texture": "#3"},
				"up": {"uv": [13.5, 6.25, 13.25, 3.75], "texture": "#3"},
				"down": {"uv": [13.5, 11.5, 13.25, 14], "texture": "#3"}
			}
		},
		{
			"from": [-2, 19, -2],
			"to": [18, 21, 18],
			"rotation": {"angle": 0, "axis": "y", "origin": [-22, 2, 18]},
			"faces": {
				"north": {"uv": [12.75, 6.75, 15.25, 7], "texture": "#3"},
				"east": {"uv": [12.75, 8, 15.25, 8.25], "texture": "#3"},
				"south": {"uv": [13.25, 1, 15.75, 1.25], "texture": "#3"},
				"west": {"uv": [13.25, 1.25, 15.75, 1.5], "texture": "#3"},
				"up": {"uv": [8.5, 2.5, 6, 0], "texture": "#3"},
				"down": {"uv": [8.5, 0, 6, 2.5], "texture": "#3"}
			}
		},
		{
			"from": [-2, -16, -2],
			"to": [18, -14, 18],
			"rotation": {"angle": 0, "axis": "y", "origin": [-22, -33, 18]},
			"faces": {
				"north": {"uv": [13.25, 1.5, 15.75, 1.75], "texture": "#3"},
				"east": {"uv": [13.25, 1.75, 15.75, 2], "texture": "#3"},
				"south": {"uv": [13.25, 6.25, 15.75, 6.5], "texture": "#3"},
				"west": {"uv": [13.25, 6.5, 15.75, 6.75], "texture": "#3"},
				"up": {"uv": [10, 7.5, 7.5, 5], "texture": "#3"},
				"down": {"uv": [10, 7.5, 7.5, 10], "texture": "#3"}
			}
		},
		{
			"from": [-4, -16, -4],
			"to": [20, 19, -2],
			"rotation": {"angle": 0, "axis": "y", "origin": [0, 0, -4]},
			"faces": {
				"north": {"uv": [3, 0, 6, 4.375], "texture": "#3"},
				"east": {"uv": [2.75, 10.25, 3, 14.625], "texture": "#3"},
				"south": {"uv": [0, 0, 3, 4.375], "texture": "#3"},
				"west": {"uv": [3, 10.25, 3.25, 14.625], "texture": "#3"},
				"up": {"uv": [15.25, 2.25, 12.25, 2], "texture": "#3"},
				"down": {"uv": [15.5, 8.25, 12.5, 8.5], "texture": "#3"}
			}
		},
		{
			"name": "head",
			"from": [3.57854, 10, 2.52354],
			"to": [11.57854, 18, 10.52354],
			"rotation": {"angle": -22.5, "axis": "x", "origin": [7.57854, 14, 6.52354]},
			"faces": {
				"north": {"uv": [11.5, 8.25, 12.5, 9.25], "texture": "#3"},
				"east": {"uv": [11.5, 9.25, 12.5, 10.25], "texture": "#3"},
				"south": {"uv": [11.5, 10.25, 12.5, 11.25], "texture": "#3"},
				"west": {"uv": [11.5, 11.25, 12.5, 12.25], "texture": "#3"},
				"up": {"uv": [12.75, 7, 11.75, 6], "texture": "#3"},
				"down": {"uv": [8, 11.75, 7, 12.75], "texture": "#3"}
			}
		},
		{
			"name": "body",
			"from": [6.005, -1.5, 3.995],
			"to": [10.005, 10.5, 11.995],
			"rotation": {"angle": -45, "axis": "y", "origin": [8, 3.5, 7.995]},
			"faces": {
				"north": {"uv": [12.5, 8.5, 13, 10], "texture": "#3"},
				"east": {"uv": [2, 8.75, 3, 10.25], "texture": "#3"},
				"south": {"uv": [12.5, 10, 13, 11.5], "texture": "#3"},
				"west": {"uv": [3, 8.75, 4, 10.25], "texture": "#3"},
				"up": {"uv": [10.75, 14.875, 10.25, 13.875], "texture": "#3"},
				"down": {"uv": [11.25, 13.875, 10.75, 14.875], "texture": "#3"}
			}
		},
		{
			"name": "right_arm",
			"from": [6.005, -1.5, 0.995],
			"to": [10.005, 10.5, 3.995],
			"rotation": {"angle": -45, "axis": "y", "origin": [8, 3.5, 7.995]},
			"faces": {
				"north": {"uv": [5.75, 12.625, 6.25, 14.125], "texture": "#3"},
				"east": {"uv": [8, 13.375, 8.375, 14.875], "texture": "#3"},
				"south": {"uv": [6.25, 12.625, 6.75, 14.125], "texture": "#3"},
				"west": {"uv": [9.875, 13.375, 10.25, 14.875], "texture": "#3"},
				"up": {"uv": [14, 6.25, 13.5, 5.875], "texture": "#3"},
				"down": {"uv": [14.875, 0.625, 14.375, 1], "texture": "#3"}
			}
		},
		{
			"name": "left_arm",
			"from": [6.005, -1.5, 11.995],
			"to": [10.005, 10.5, 14.995],
			"rotation": {"angle": -45, "axis": "y", "origin": [8, 3.5, 7.995]},
			"faces": {
				"north": {"uv": [12.75, 2.25, 13.25, 3.75], "texture": "#3"},
				"east": {"uv": [13.5, 4.375, 13.875, 5.875], "texture": "#3"},
				"south": {"uv": [12.75, 3.75, 13.25, 5.25], "texture": "#3"},
				"west": {"uv": [5.25, 13.5, 5.625, 15], "texture": "#3"},
				"up": {"uv": [1, 14.875, 0.5, 14.5], "texture": "#3"},
				"down": {"uv": [1.5, 14.5, 1, 14.875], "texture": "#3"}
			}
		},
		{
			"name": "right_leg",
			"from": [6.005, -13.5, 7.995],
			"to": [10.005, -1.5, 11.995],
			"rotation": {"angle": -45, "axis": "y", "origin": [8, 3.5, 7.995]},
			"faces": {
				"north": {"uv": [12.75, 5.25, 13.25, 6.75], "texture": "#3"},
				"east": {"uv": [6.75, 12.75, 7.25, 14.25], "texture": "#3"},
				"south": {"uv": [7.25, 12.75, 7.75, 14.25], "texture": "#3"},
				"west": {"uv": [8.5, 12.75, 9, 14.25], "texture": "#3"},
				"up": {"uv": [14.75, 8, 14.25, 7.5], "texture": "#3"},
				"down": {"uv": [4.25, 14.375, 3.75, 14.875], "texture": "#3"}
			}
		},
		{
			"name": "left_leg",
			"from": [6.005, -13.5, 3.995],
			"to": [10.005, -1.5, 7.995],
			"rotation": {"angle": -45, "axis": "y", "origin": [8, 3.5, 7.995]},
			"faces": {
				"north": {"uv": [12.75, 11.5, 13.25, 13], "texture": "#3"},
				"east": {"uv": [3.25, 12.875, 3.75, 14.375], "texture": "#3"},
				"south": {"uv": [3.75, 12.875, 4.25, 14.375], "texture": "#3"},
				"west": {"uv": [4.25, 12.875, 4.75, 14.375], "texture": "#3"},
				"up": {"uv": [4.75, 14.875, 4.25, 14.375], "texture": "#3"},
				"down": {"uv": [5.25, 14.375, 4.75, 14.875], "texture": "#3"}
			}
		},
		{
			"name": "head_2nd_layer",
			"from": [3.505, 10, 3.495],
			"to": [12.505, 19, 12.495],
			"rotation": {"angle": -45, "axis": "y", "origin": [8, 3.5, 7.995]},
			"faces": {
				"north": {"uv": [6, 8.75, 7.125, 9.875], "texture": "#3"},
				"east": {"uv": [9.5, 0, 10.625, 1.125], "texture": "#3"},
				"south": {"uv": [9.5, 1.125, 10.625, 2.25], "texture": "#3"},
				"west": {"uv": [6, 9.875, 7.125, 11], "texture": "#3"},
				"up": {"uv": [11.125, 3.375, 10, 2.25], "texture": "#3"},
				"down": {"uv": [11.125, 3.375, 10, 4.5], "texture": "#3"}
			}
		},
		{
			"name": "body_2nd_layer",
			"from": [5.495, -1.98, 3.995],
			"to": [10.495, 11.03, 11.995],
			"rotation": {"angle": -45, "axis": "y", "origin": [8, 3.5, 7.995]},
			"faces": {
				"north": {"uv": [3.25, 10.25, 3.875, 11.875], "texture": "#3"},
				"east": {"uv": [6, 2.5, 7, 4.125], "texture": "#3"},
				"south": {"uv": [3.875, 10.25, 4.5, 11.875], "texture": "#3"},
				"west": {"uv": [8.5, 0, 9.5, 1.625], "texture": "#3"},
				"up": {"uv": [0.625, 14.5, 0, 13.5], "texture": "#3"},
				"down": {"uv": [1.25, 13.5, 0.625, 14.5], "texture": "#3"}
			}
		},
		{
			"name": "right_arm_2nd_layer",
			"from": [5.505, -2, 0.495],
			"to": [10.505, 11, 4.495],
			"rotation": {"angle": -45, "axis": "y", "origin": [8, 3.5, 7.995]},
			"faces": {
				"north": {"uv": [4.5, 10.25, 5.125, 11.875], "texture": "#3"},
				"east": {"uv": [7, 2.5, 7.5, 4.125], "texture": "#3"},
				"south": {"uv": [5.125, 10.25, 5.75, 11.875], "texture": "#3"},
				"west": {"uv": [8, 11.75, 8.5, 13.375], "texture": "#3"},
				"up": {"uv": [14.875, 5.5, 14.25, 5], "texture": "#3"},
				"down": {"uv": [14.875, 5.5, 14.25, 6], "texture": "#3"}
			}
		},
		{
			"name": "left_arm_2nd_layer",
			"from": [5.505, -2, 11.495],
			"to": [10.505, 11, 15.495],
			"rotation": {"angle": -45, "axis": "y", "origin": [8, 3.5, 7.995]},
			"faces": {
				"north": {"uv": [10.25, 9, 10.875, 10.625], "texture": "#3"},
				"east": {"uv": [5.25, 11.875, 5.75, 13.5], "texture": "#3"},
				"south": {"uv": [0, 10.375, 0.625, 12], "texture": "#3"},
				"west": {"uv": [10.25, 12.25, 10.75, 13.875], "texture": "#3"},
				"up": {"uv": [6.875, 14.75, 6.25, 14.25], "texture": "#3"},
				"down": {"uv": [7.5, 14.25, 6.875, 14.75], "texture": "#3"}
			}
		},
		{
			"name": "right_leg_2nd_layer",
			"from": [5.505, -14, 3.495],
			"to": [10.505, -1, 8.495],
			"rotation": {"angle": -45, "axis": "y", "origin": [8, 3.5, 7.995]},
			"faces": {
				"north": {"uv": [0.625, 10.375, 1.25, 12], "texture": "#3"},
				"east": {"uv": [1.25, 10.375, 1.875, 12], "texture": "#3"},
				"south": {"uv": [0.625, 10.375, 1.25, 12], "texture": "#3"},
				"west": {"uv": [10.625, 0, 11.25, 1.625], "texture": "#3"},
				"up": {"uv": [14.5, 12.625, 13.875, 12], "texture": "#3"},
				"down": {"uv": [14.5, 12.625, 13.875, 13.25], "texture": "#3"}
			}
		},
		{
			"name": "left_leg_2nd_layer",
			"from": [5.505, -14, 7.495],
			"to": [10.505, -1, 12.495],
			"rotation": {"angle": -45, "axis": "y", "origin": [8, 3.5, 7.995]},
			"faces": {
				"north": {"uv": [10.25, 10.625, 10.875, 12.25], "texture": "#3"},
				"east": {"uv": [10.875, 9, 11.5, 10.625], "texture": "#3"},
				"south": {"uv": [10.875, 10.625, 11.5, 12.25], "texture": "#3"},
				"west": {"uv": [5.75, 11, 6.375, 12.625], "texture": "#3"},
				"up": {"uv": [14.5, 13.875, 13.875, 13.25], "texture": "#3"},
				"down": {"uv": [14.5, 13.875, 13.875, 14.5], "texture": "#3"}
			}
		},
		{
			"name": "head",
			"from": [-12, 23.01041, 23.32412],
			"to": [-4, 31.01041, 31.32412],
			"rotation": {"angle": -22.5, "axis": "x", "origin": [-8, 27.01041, 16.32412]},
			"faces": {
				"north": {"uv": [11.875, 0, 12.875, 1], "texture": "#3"},
				"east": {"uv": [3.25, 11.875, 4.25, 12.875], "texture": "#3"},
				"south": {"uv": [4.25, 11.875, 5.25, 12.875], "texture": "#3"},
				"west": {"uv": [0, 12, 1, 13], "texture": "#3"},
				"up": {"uv": [2, 13, 1, 12], "texture": "#3"},
				"down": {"uv": [13.25, 1, 12.25, 2], "texture": "#3"}
			}
		},
		{
			"name": "head_2nd_layer",
			"from": [-12.5, 22.51041, 22.82412],
			"to": [-3.5, 31.51041, 31.82412],
			"rotation": {"angle": -22.5, "axis": "x", "origin": [-8, 27.01041, 16.32412]},
			"faces": {
				"north": {"uv": [10, 4.5, 11.125, 5.625], "texture": "#3"},
				"east": {"uv": [10, 5.625, 11.125, 6.75], "texture": "#3"},
				"south": {"uv": [10, 6.75, 11.125, 7.875], "texture": "#3"},
				"west": {"uv": [7.125, 10, 8.25, 11.125], "texture": "#3"},
				"up": {"uv": [11.125, 9, 10, 7.875], "texture": "#3"},
				"down": {"uv": [9.375, 10, 8.25, 11.125], "texture": "#3"}
			}
		},
		{
			"name": "body_2nd_layer",
			"from": [-12, 24.52041, 10.84412],
			"to": [-4, 29.52041, 23.85412],
			"rotation": {"angle": -22.5, "axis": "x", "origin": [-8, 27.01041, 16.32412]},
			"faces": {
				"north": {"uv": [8.5, 1.625, 9.5, 2.25], "texture": "#3"},
				"east": {"uv": [10.625, 1.625, 12.25, 2.25], "texture": "#3"},
				"south": {"uv": [13.5, 3.75, 14.5, 4.375], "texture": "#3"},
				"west": {"uv": [11.125, 2.25, 12.75, 2.875], "texture": "#3"},
				"up": {"uv": [1, 10.375, 0, 8.75], "texture": "#3"},
				"down": {"uv": [2, 8.75, 1, 10.375], "texture": "#3"}
			}
		},
		{
			"name": "right_arm_2nd_layer",
			"from": [-4.5, 24.51041, 10.82412],
			"to": [-0.5, 29.51041, 23.82412],
			"rotation": {"angle": -22.5, "axis": "x", "origin": [-8, 27.01041, 16.32412]},
			"faces": {
				"north": {"uv": [12.25, 13.875, 12.75, 14.5], "texture": "#3"},
				"east": {"uv": [11.125, 2.875, 12.75, 3.5], "texture": "#3"},
				"south": {"uv": [8.375, 14.25, 8.875, 14.875], "texture": "#3"},
				"west": {"uv": [11.125, 3.5, 12.75, 4.125], "texture": "#3"},
				"up": {"uv": [11.25, 13.875, 10.75, 12.25], "texture": "#3"},
				"down": {"uv": [11.75, 12.25, 11.25, 13.875], "texture": "#3"}
			}
		},
		{
			"name": "left_arm_2nd_layer",
			"from": [-15.5, 24.51041, 10.82412],
			"to": [-11.5, 29.51041, 23.82412],
			"rotation": {"angle": -22.5, "axis": "x", "origin": [-8, 27.01041, 16.32412]},
			"faces": {
				"north": {"uv": [14.375, 0, 14.875, 0.625], "texture": "#3"},
				"east": {"uv": [11.125, 4.125, 12.75, 4.75], "texture": "#3"},
				"south": {"uv": [3.25, 14.375, 3.75, 15], "texture": "#3"},
				"west": {"uv": [11.125, 4.75, 12.75, 5.375], "texture": "#3"},
				"up": {"uv": [12.25, 13.875, 11.75, 12.25], "texture": "#3"},
				"down": {"uv": [12.75, 12.25, 12.25, 13.875], "texture": "#3"}
			}
		},
		{
			"name": "right_leg_2nd_layer",
			"from": [-8.5, 24.51041, -1.17588],
			"to": [-3.5, 29.51041, 11.82412],
			"rotation": {"angle": -22.5, "axis": "x", "origin": [-8, 27.01041, 16.32412]},
			"faces": {
				"north": {"uv": [14.125, 2.25, 14.75, 2.875], "texture": "#3"},
				"east": {"uv": [11.125, 5.375, 12.75, 6], "texture": "#3"},
				"south": {"uv": [14.125, 2.875, 14.75, 3.5], "texture": "#3"},
				"west": {"uv": [11.125, 5.375, 12.75, 6], "texture": "#3"},
				"up": {"uv": [7, 12.625, 6.375, 11], "texture": "#3"},
				"down": {"uv": [11.75, 6, 11.125, 7.625], "texture": "#3"}
			}
		},
		{
			"name": "left_leg_2nd_layer",
			"from": [-12.5, 24.51041, -1.17588],
			"to": [-7.5, 29.51041, 11.82412],
			"rotation": {"angle": -22.5, "axis": "x", "origin": [-8, 27.01041, 16.32412]},
			"faces": {
				"north": {"uv": [5.625, 14.125, 6.25, 14.75], "texture": "#3"},
				"east": {"uv": [7, 11.125, 8.625, 11.75], "texture": "#3"},
				"south": {"uv": [14.25, 4.375, 14.875, 5], "texture": "#3"},
				"west": {"uv": [11.125, 7.625, 12.75, 8.25], "texture": "#3"},
				"up": {"uv": [9.25, 12.75, 8.625, 11.125], "texture": "#3"},
				"down": {"uv": [11.875, 0, 11.25, 1.625], "texture": "#3"}
			}
		}
	],
	"display": {
		"head": {
			"translation": [0, 7, 1]
		}
	},
	"groups": [
		{
			"name": "gravity_booth",
			"origin": [8, 8, 8],
			"color": 0,
			"children": [
				{
					"name": "booth",
					"origin": [0, 0, -4],
					"color": 0,
					"children": [0, 1, 2, 3, 4, 5]
				},
				{
					"name": "alex",
					"origin": [8, 8, 8],
					"color": 0,
					"children": [6, 7, 8, 9, 10, 11, 12, 13, 14, 15, 16, 17]
				},
				{
					"name": "alex",
					"origin": [8, 8, 8],
					"color": 0,
					"children": [18, 19, 20, 21, 22, 23, 24]
				}
			]
		}
	]
}