{
	"credit": "Made with Blockbench",
	"texture_size": [64, 64],
	"textures": {
		"5": "custom:item/helium3_farm"
	},
	"elements": [
		{
			"from": [-1, 0, -1],
			"to": [1, 7, 3],
			"rotation": {"angle": 0, "axis": "y", "origin": [-1, 0, 0]},
			"faces": {
				"north": {"uv": [8, 10.25, 8.5, 12], "texture": "#5"},
				"east": {"uv": [5, 7.5, 6, 9.25], "texture": "#5"},
				"south": {"uv": [10.5, 10.5, 11, 12.25], "texture": "#5"},
				"west": {"uv": [9, 3.25, 10, 5], "texture": "#5"},
				"up": {"uv": [7.5, 12.25, 7, 11.25], "texture": "#5"},
				"down": {"uv": [8, 11.25, 7.5, 12.25], "texture": "#5"}
			}
		},
		{
			"from": [0, 0, 0],
			"to": [2, 10, 2],
			"faces": {
				"north": {"uv": [5, 9.25, 5.5, 11.75], "texture": "#5"},
				"east": {"uv": [5.5, 9.25, 6, 11.75], "texture": "#5"},
				"south": {"uv": [6, 9.25, 6.5, 11.75], "texture": "#5"},
				"west": {"uv": [6.5, 9.25, 7, 11.75], "texture": "#5"},
				"up": {"uv": [11.5, 4.25, 11, 3.75], "texture": "#5"},
				"down": {"uv": [12, 2.25, 11.5, 2.75], "texture": "#5"}
			}
		},
		{
			"from": [2, 0, 0],
			"to": [3, 8, 2],
			"rotation": {"angle": 0, "axis": "y", "origin": [1, 0, 0]},
			"faces": {
				"north": {"uv": [4.25, 11.25, 4.5, 13.25], "texture": "#5"},
				"east": {"uv": [8.5, 9.25, 9, 11.25], "texture": "#5"},
				"south": {"uv": [8.5, 11.25, 8.75, 13.25], "texture": "#5"},
				"west": {"uv": [9, 9.25, 9.5, 11.25], "texture": "#5"},
				"up": {"uv": [7, 12.25, 6.75, 11.75], "texture": "#5"},
				"down": {"uv": [12, 8.75, 11.75, 9.25], "texture": "#5"}
			}
		},
		{
			"from": [7.8, -2, 22.36],
			"to": [12.92, 6.96, 24.92],
			"rotation": {"angle": 45, "axis": "y", "origin": [10.36, 3.44, 22.04]},
			"faces": {
				"north": {"uv": [5, 7.5, 6, 9.25], "texture": "#5"},
				"east": {"uv": [10.5, 10.5, 11, 12.25], "texture": "#5"},
				"south": {"uv": [9, 3.25, 10, 5], "texture": "#5"},
				"west": {"uv": [8, 10.25, 8.5, 12], "texture": "#5"},
				"up": {"uv": [7.5, 12.25, 7, 11.25], "texture": "#5"},
				"down": {"uv": [8, 11.25, 7.5, 12.25], "texture": "#5"}
			}
		},
		{
			"from": [9.08, -2, 21.08],
			"to": [11.64, 10.8, 23.64],
			"rotation": {"angle": 45, "axis": "y", "origin": [10.36, 3.44, 22.04]},
			"faces": {
				"north": {"uv": [5.5, 9.25, 6, 11.75], "texture": "#5"},
				"east": {"uv": [6, 9.25, 6.5, 11.75], "texture": "#5"},
				"south": {"uv": [6.5, 9.25, 7, 11.75], "texture": "#5"},
				"west": {"uv": [5, 9.25, 5.5, 11.75], "texture": "#5"},
				"up": {"uv": [11.5, 4.25, 11, 3.75], "texture": "#5"},
				"down": {"uv": [12, 2.25, 11.5, 2.75], "texture": "#5"}
			}
		},
		{
			"from": [9.08, -2, 19.8],
			"to": [11.64, 8.24, 21.08],
			"rotation": {"angle": 45, "axis": "y", "origin": [10.36, 3.44, 22.04]},
			"faces": {
				"north": {"uv": [8.5, 9.25, 9, 11.25], "texture": "#5"},
				"east": {"uv": [8.5, 11.25, 8.75, 13.25], "texture": "#5"},
				"south": {"uv": [9, 9.25, 9.5, 11.25], "texture": "#5"},
				"west": {"uv": [4.25, 11.25, 4.5, 13.25], "texture": "#5"},
				"up": {"uv": [7, 12.25, 6.75, 11.75], "texture": "#5"},
				"down": {"uv": [12, 8.75, 11.75, 9.25], "texture": "#5"}
			}
		},
		{
			"from": [-10.2, 0, 7.36],
			"to": [-5.08, 8.96, 9.92],
			"rotation": {"angle": 45, "axis": "y", "origin": [-7.64, 5.44, 7.04]},
			"faces": {
				"north": {"uv": [5, 7.5, 6, 9.25], "texture": "#5"},
				"east": {"uv": [10.5, 10.5, 11, 12.25], "texture": "#5"},
				"south": {"uv": [9, 3.25, 10, 5], "texture": "#5"},
				"west": {"uv": [8, 10.25, 8.5, 12], "texture": "#5"},
				"up": {"uv": [7.5, 12.25, 7, 11.25], "texture": "#5"},
				"down": {"uv": [8, 11.25, 7.5, 12.25], "texture": "#5"}
			}
		},
		{
			"from": [-8.92, 0, 6.08],
			"to": [-6.36, 12.8, 8.64],
			"rotation": {"angle": 45, "axis": "y", "origin": [-7.64, 5.44, 7.04]},
			"faces": {
				"north": {"uv": [5.5, 9.25, 6, 11.75], "texture": "#5"},
				"east": {"uv": [6, 9.25, 6.5, 11.75], "texture": "#5"},
				"south": {"uv": [6.5, 9.25, 7, 11.75], "texture": "#5"},
				"west": {"uv": [5, 9.25, 5.5, 11.75], "texture": "#5"},
				"up": {"uv": [11.5, 4.25, 11, 3.75], "texture": "#5"},
				"down": {"uv": [12, 2.25, 11.5, 2.75], "texture": "#5"}
			}
		},
		{
			"from": [-8.92, 0, 4.8],
			"to": [-6.36, 10.24, 6.08],
			"rotation": {"angle": 45, "axis": "y", "origin": [-7.64, 5.44, 7.04]},
			"faces": {
				"north": {"uv": [8.5, 9.25, 9, 11.25], "texture": "#5"},
				"east": {"uv": [8.5, 11.25, 8.75, 13.25], "texture": "#5"},
				"south": {"uv": [9, 9.25, 9.5, 11.25], "texture": "#5"},
				"west": {"uv": [4.25, 11.25, 4.5, 13.25], "texture": "#5"},
				"up": {"uv": [7, 12.25, 6.75, 11.75], "texture": "#5"},
				"down": {"uv": [12, 8.75, 11.75, 9.25], "texture": "#5"}
			}
		},
		{
			"from": [3, 0, 3],
			"to": [5, 7, 7],
			"rotation": {"angle": 0, "axis": "y", "origin": [3, 0, 4]},
			"faces": {
				"north": {"uv": [8, 10.25, 8.5, 12], "texture": "#5"},
				"east": {"uv": [5, 7.5, 6, 9.25], "texture": "#5"},
				"south": {"uv": [10.5, 10.5, 11, 12.25], "texture": "#5"},
				"west": {"uv": [9, 3.25, 10, 5], "texture": "#5"},
				"up": {"uv": [7.5, 12.25, 7, 11.25], "texture": "#5"},
				"down": {"uv": [8, 11.25, 7.5, 12.25], "texture": "#5"}
			}
		},
		{
			"from": [4, 0, 4],
			"to": [6, 10, 6],
			"rotation": {"angle": 0, "axis": "y", "origin": [4, 0, 4]},
			"faces": {
				"north": {"uv": [5, 9.25, 5.5, 11.75], "texture": "#5"},
				"east": {"uv": [5.5, 9.25, 6, 11.75], "texture": "#5"},
				"south": {"uv": [6, 9.25, 6.5, 11.75], "texture": "#5"},
				"west": {"uv": [6.5, 9.25, 7, 11.75], "texture": "#5"},
				"up": {"uv": [11.5, 4.25, 11, 3.75], "texture": "#5"},
				"down": {"uv": [12, 2.25, 11.5, 2.75], "texture": "#5"}
			}
		},
		{
			"from": [6, 0, 4],
			"to": [7, 8, 6],
			"rotation": {"angle": 0, "axis": "y", "origin": [5, 0, 4]},
			"faces": {
				"north": {"uv": [4.25, 11.25, 4.5, 13.25], "texture": "#5"},
				"east": {"uv": [8.5, 9.25, 9, 11.25], "texture": "#5"},
				"south": {"uv": [8.5, 11.25, 8.75, 13.25], "texture": "#5"},
				"west": {"uv": [9, 9.25, 9.5, 11.25], "texture": "#5"},
				"up": {"uv": [7, 12.25, 6.75, 11.75], "texture": "#5"},
				"down": {"uv": [12, 8.75, 11.75, 9.25], "texture": "#5"}
			}
		},
		{
			"from": [3, -2, 13],
			"to": [5, 5, 17],
			"rotation": {"angle": -22.5, "axis": "x", "origin": [5.25, 2.25, 15]},
			"faces": {
				"north": {"uv": [8, 10.25, 8.5, 12], "texture": "#5"},
				"east": {"uv": [5, 7.5, 6, 9.25], "texture": "#5"},
				"south": {"uv": [10.5, 10.5, 11, 12.25], "texture": "#5"},
				"west": {"uv": [9, 3.25, 10, 5], "texture": "#5"},
				"up": {"uv": [7.5, 12.25, 7, 11.25], "texture": "#5"},
				"down": {"uv": [8, 11.25, 7.5, 12.25], "texture": "#5"}
			}
		},
		{
			"from": [4, -2, 14],
			"to": [6, 8, 16],
			"rotation": {"angle": -22.5, "axis": "x", "origin": [5.25, 2.25, 15]},
			"faces": {
				"north": {"uv": [5, 9.25, 5.5, 11.75], "texture": "#5"},
				"east": {"uv": [5.5, 9.25, 6, 11.75], "texture": "#5"},
				"south": {"uv": [6, 9.25, 6.5, 11.75], "texture": "#5"},
				"west": {"uv": [6.5, 9.25, 7, 11.75], "texture": "#5"},
				"up": {"uv": [11.5, 4.25, 11, 3.75], "texture": "#5"},
				"down": {"uv": [12, 2.25, 11.5, 2.75], "texture": "#5"}
			}
		},
		{
			"from": [6, -2, 14],
			"to": [7, 6, 16],
			"rotation": {"angle": -22.5, "axis": "x", "origin": [5.25, 2.25, 15]},
			"faces": {
				"north": {"uv": [4.25, 11.25, 4.5, 13.25], "texture": "#5"},
				"east": {"uv": [8.5, 9.25, 9, 11.25], "texture": "#5"},
				"south": {"uv": [8.5, 11.25, 8.75, 13.25], "texture": "#5"},
				"west": {"uv": [9, 9.25, 9.5, 11.25], "texture": "#5"},
				"up": {"uv": [7, 12.25, 6.75, 11.75], "texture": "#5"},
				"down": {"uv": [12, 8.75, 11.75, 9.25], "texture": "#5"}
			}
		},
		{
			"from": [14, 1, 0],
			"to": [24, 14, 1],
			"rotation": {"angle": 0, "axis": "y", "origin": [23, 0, 10]},
			"faces": {
				"north": {"uv": [6, 6, 8.5, 9.25], "texture": "#5"},
				"east": {"uv": [0, 10.75, 0.25, 14], "texture": "#5"},
				"south": {"uv": [0, 7.5, 2.5, 10.75], "texture": "#5"},
				"west": {"uv": [0.25, 10.75, 0.5, 14], "texture": "#5"},
				"up": {"uv": [13, 5.75, 10.5, 5.5], "texture": "#5"},
				"down": {"uv": [13, 5.75, 10.5, 6], "texture": "#5"}
			}
		},
		{
			"from": [18, 9, -5],
			"to": [20, 11, 0],
			"rotation": {"angle": 0, "axis": "y", "origin": [23, 0, 10]},
			"faces": {
				"north": {"uv": [11.5, 2.75, 12, 3.25], "texture": "#5"},
				"east": {"uv": [2, 10.75, 3.25, 11.25], "texture": "#5"},
				"south": {"uv": [11.5, 5, 12, 5.5], "texture": "#5"},
				"west": {"uv": [3.25, 10.75, 4.5, 11.25], "texture": "#5"},
				"up": {"uv": [5, 12, 4.5, 10.75], "texture": "#5"},
				"down": {"uv": [11.5, 6, 11, 7.25], "texture": "#5"}
			}
		},
		{
			"from": [20, 8, -6],
			"to": [21, 12, -2],
			"rotation": {"angle": 0, "axis": "y", "origin": [23, 0, 10]},
			"faces": {
				"north": {"uv": [10.25, 11.25, 10.5, 12.25], "texture": "#5"},
				"east": {"uv": [9.5, 9.25, 10.5, 10.25], "texture": "#5"},
				"south": {"uv": [5.5, 11.75, 5.75, 12.75], "texture": "#5"},
				"west": {"uv": [10, 3.25, 11, 4.25], "texture": "#5"},
				"up": {"uv": [6, 12.75, 5.75, 11.75], "texture": "#5"},
				"down": {"uv": [6.25, 11.75, 6, 12.75], "texture": "#5"}
			}
		},
		{
			"from": [21.05, 8.25, -6.25],
			"to": [21.05, 12.25, -2.25],
			"rotation": {"angle": 0, "axis": "y", "origin": [23.05, 0.25, 9.75]},
			"faces": {
				"north": {"uv": [0, 0, 0, 1], "texture": "#5"},
				"east": {"uv": [7, 10.25, 8, 11.25], "texture": "#5"},
				"south": {"uv": [0, 0, 0, 1], "texture": "#5"},
				"west": {"uv": [9.5, 10.25, 10.5, 11.25], "texture": "#5"},
				"up": {"uv": [0, 1, 0, 0], "texture": "#5"},
				"down": {"uv": [0, 0, 0, 1], "texture": "#5"}
			}
		},
		{
			"from": [14, 1, 13],
			"to": [24, 14, 14],
			"rotation": {"angle": 0, "axis": "y", "origin": [23, 0, 23]},
			"faces": {
				"north": {"uv": [2.5, 7.5, 5, 10.75], "texture": "#5"},
				"east": {"uv": [0.5, 10.75, 0.75, 14], "texture": "#5"},
				"south": {"uv": [6, 6, 8.5, 9.25], "texture": "#5"},
				"west": {"uv": [0.75, 10.75, 1, 14], "texture": "#5"},
				"up": {"uv": [13.5, 3.5, 11, 3.25], "texture": "#5"},
				"down": {"uv": [13.5, 3.5, 11, 3.75], "texture": "#5"}
			}
		},
		{
			"from": [13, 0, 1],
			"to": [25, 15, 13],
			"rotation": {"angle": 0, "axis": "y", "origin": [23, 0, 11]},
			"faces": {
				"north": {"uv": [0, 0, 3, 3.75], "texture": "#5"},
				"east": {"uv": [3, 0, 6, 3.75], "texture": "#5"},
				"south": {"uv": [0, 3.75, 3, 7.5], "texture": "#5"},
				"west": {"uv": [3, 3.75, 6, 7.5], "texture": "#5"},
				"up": {"uv": [9, 3, 6, 0], "texture": "#5"},
				"down": {"uv": [9, 3, 6, 6], "texture": "#5"}
			}
		},
		{
			"from": [18, 15, 6],
			"to": [20, 18, 8],
			"rotation": {"angle": 0, "axis": "y", "origin": [23, 2, 11]},
			"faces": {
				"north": {"uv": [10, 4.25, 10.5, 5], "texture": "#5"},
				"east": {"uv": [11.5, 0, 12, 0.75], "texture": "#5"},
				"south": {"uv": [11.5, 0.75, 12, 1.5], "texture": "#5"},
				"west": {"uv": [11.5, 1.5, 12, 2.25], "texture": "#5"},
				"up": {"uv": [6.75, 12.25, 6.25, 11.75], "texture": "#5"},
				"down": {"uv": [12.25, 7.25, 11.75, 7.75], "texture": "#5"}
			}
		},
		{
			"from": [17.5, 18, 5.5],
			"to": [20.5, 19, 8.5],
			"rotation": {"angle": 0, "axis": "y", "origin": [23, 5, 11]},
			"faces": {
				"north": {"uv": [12, 3, 12.75, 3.25], "texture": "#5"},
				"east": {"uv": [12, 4.75, 12.75, 5], "texture": "#5"},
				"south": {"uv": [12, 5, 12.75, 5.25], "texture": "#5"},
				"west": {"uv": [12, 5.25, 12.75, 5.5], "texture": "#5"},
				"up": {"uv": [11.75, 9.25, 11, 8.5], "texture": "#5"},
				"down": {"uv": [4.25, 11.25, 3.5, 12], "texture": "#5"}
			}
		},
		{
			"from": [25, 1, 2],
			"to": [26, 14, 12],
			"rotation": {"angle": 0, "axis": "y", "origin": [24, 0, 11]},
			"faces": {
				"north": {"uv": [1, 10.75, 1.25, 14], "texture": "#5"},
				"east": {"uv": [6, 6, 8.5, 9.25], "texture": "#5"},
				"south": {"uv": [1.25, 10.75, 1.5, 14], "texture": "#5"},
				"west": {"uv": [8.5, 6, 11, 9.25], "texture": "#5"},
				"up": {"uv": [11.25, 13, 11, 10.5], "texture": "#5"},
				"down": {"uv": [2.25, 11.25, 2, 13.75], "texture": "#5"}
			}
		},
		{
			"from": [12, 1, 2],
			"to": [13, 14, 12],
			"rotation": {"angle": 0, "axis": "y", "origin": [11, 0, 11]},
			"faces": {
				"north": {"uv": [1.5, 10.75, 1.75, 14], "texture": "#5"},
				"east": {"uv": [9, 0, 11.5, 3.25], "texture": "#5"},
				"south": {"uv": [1.75, 10.75, 2, 14], "texture": "#5"},
				"west": {"uv": [6, 6, 8.5, 9.25], "texture": "#5"},
				"up": {"uv": [2.5, 13.75, 2.25, 11.25], "texture": "#5"},
				"down": {"uv": [2.75, 11.25, 2.5, 13.75], "texture": "#5"}
			}
		},
		{
			"name": "diamond_pickaxe_0",
			"from": [-8.4, 7.0299, 2.362],
			"to": [-7.3002, 10.3293, 7.861],
			"rotation": {"angle": -22.5, "axis": "x", "origin": [-7.8501, 14.45355, 5.1115]},
			"faces": {
				"north": {"uv": [11.75, 7.75, 12.03125, 8.5625], "texture": "#5"},
				"east": {"uv": [9, 5, 10.375, 5.8125], "texture": "#5"},
				"south": {"uv": [11.75, 10.5, 12.03125, 11.3125], "texture": "#5"},
				"west": {"uv": [7, 9.25, 8.375, 10.0625], "texture": "#5"},
				"up": {"uv": [9.03125, 12.625, 8.75, 11.25], "texture": "#5"},
				"down": {"uv": [9.53125, 11.25, 9.25, 12.625], "texture": "#5"}
			}
		},
		{
			"name": "diamond_pickaxe_1",
			"from": [-8.4, 8.1297, 1.2622],
			"to": [-7.3002, 9.2295, 2.362],
			"rotation": {"angle": -22.5, "axis": "x", "origin": [-7.8501, 14.45355, 5.1115]},
			"faces": {
				"north": {"uv": [12.5, 1.5, 12.78125, 1.78125], "texture": "#5"},
				"east": {"uv": [12.5, 1.5, 12.78125, 1.78125], "texture": "#5"},
				"south": {"uv": [12.5, 1.5, 12.78125, 1.78125], "texture": "#5"},
				"west": {"uv": [12.5, 2, 12.78125, 2.28125], "texture": "#5"},
				"up": {"uv": [12.78125, 1.78125, 12.5, 1.5], "texture": "#5"},
				"down": {"uv": [12.78125, 1.5, 12.5, 1.78125], "texture": "#5"}
			}
		},
		{
			"name": "diamond_pickaxe_2",
			"from": [-8.4, 8.1297, 7.861],
			"to": [-7.3002, 12.5289, 11.1604],
			"rotation": {"angle": -22.5, "axis": "x", "origin": [-7.8501, 14.45355, 5.1115]},
			"faces": {
				"north": {"uv": [11.5, 3.75, 11.78125, 4.84375], "texture": "#5"},
				"east": {"uv": [10.5, 4.25, 11.3125, 5.34375], "texture": "#5"},
				"south": {"uv": [11.5, 6, 11.78125, 7.09375], "texture": "#5"},
				"west": {"uv": [10.5, 9.25, 11.3125, 10.34375], "texture": "#5"},
				"up": {"uv": [12.03125, 12.3125, 11.75, 11.5], "texture": "#5"},
				"down": {"uv": [12.28125, 0, 12, 0.8125], "texture": "#5"}
			}
		},
		{
			"name": "diamond_pickaxe_3",
			"from": [-8.4, 10.3293, 6.7612],
			"to": [-7.3002, 13.6287, 7.861],
			"rotation": {"angle": -22.5, "axis": "x", "origin": [-7.8501, 14.45355, 5.1115]},
			"faces": {
				"north": {"uv": [12, 1, 12.28125, 1.8125], "texture": "#5"},
				"east": {"uv": [12, 1, 12.28125, 1.8125], "texture": "#5"},
				"south": {"uv": [12, 1, 12.28125, 1.8125], "texture": "#5"},
				"west": {"uv": [12, 2, 12.28125, 2.8125], "texture": "#5"},
				"up": {"uv": [12.78125, 2.78125, 12.5, 2.5], "texture": "#5"},
				"down": {"uv": [3.03125, 12.5, 2.75, 12.78125], "texture": "#5"}
			}
		},
		{
			"name": "diamond_pickaxe_4",
			"from": [-8.4, 11.4291, 5.6614],
			"to": [-7.3002, 14.7285, 6.7612],
			"rotation": {"angle": -22.5, "axis": "x", "origin": [-7.8501, 14.45355, 5.1115]},
			"faces": {
				"north": {"uv": [3.5, 12, 3.78125, 12.8125], "texture": "#5"},
				"east": {"uv": [3.5, 12, 3.78125, 12.8125], "texture": "#5"},
				"south": {"uv": [3.5, 12, 3.78125, 12.8125], "texture": "#5"},
				"west": {"uv": [12, 3.75, 12.28125, 4.5625], "texture": "#5"},
				"up": {"uv": [12.78125, 4.03125, 12.5, 3.75], "texture": "#5"},
				"down": {"uv": [12.78125, 4.25, 12.5, 4.53125], "texture": "#5"}
			}
		},
		{
			"name": "diamond_pickaxe_5",
			"from": [-8.4, 11.4291, 11.1604],
			"to": [-7.3002, 16.9281, 12.2602],
			"rotation": {"angle": -22.5, "axis": "x", "origin": [-7.8501, 14.45355, 5.1115]},
			"faces": {
				"north": {"uv": [9.75, 11.25, 10.03125, 12.625], "texture": "#5"},
				"east": {"uv": [9.75, 11.25, 10.03125, 12.625], "texture": "#5"},
				"south": {"uv": [9.75, 11.25, 10.03125, 12.625], "texture": "#5"},
				"west": {"uv": [11.25, 10.5, 11.53125, 11.875], "texture": "#5"},
				"up": {"uv": [12.78125, 6.28125, 12.5, 6], "texture": "#5"},
				"down": {"uv": [12.78125, 6.5, 12.5, 6.78125], "texture": "#5"}
			}
		},
		{
			"name": "diamond_pickaxe_6",
			"from": [-8.4, 12.5289, 4.5616],
			"to": [-7.3002, 15.8283, 5.6614],
			"rotation": {"angle": -22.5, "axis": "x", "origin": [-7.8501, 14.45355, 5.1115]},
			"faces": {
				"north": {"uv": [4.5, 12, 4.78125, 12.8125], "texture": "#5"},
				"east": {"uv": [4.5, 12, 4.78125, 12.8125], "texture": "#5"},
				"south": {"uv": [4.5, 12, 4.78125, 12.8125], "texture": "#5"},
				"west": {"uv": [12, 6, 12.28125, 6.8125], "texture": "#5"},
				"up": {"uv": [12.78125, 9.03125, 12.5, 8.75], "texture": "#5"},
				"down": {"uv": [12.78125, 9.25, 12.5, 9.53125], "texture": "#5"}
			}
		},
		{
			"name": "diamond_pickaxe_7",
			"from": [-8.4, 12.5289, 8.9608],
			"to": [-7.3002, 16.9281, 11.1604],
			"rotation": {"angle": -22.5, "axis": "x", "origin": [-7.8501, 14.45355, 5.1115]},
			"faces": {
				"north": {"uv": [11.5, 9.25, 11.78125, 10.34375], "texture": "#5"},
				"east": {"uv": [11, 7.25, 11.5625, 8.34375], "texture": "#5"},
				"south": {"uv": [5, 11.75, 5.28125, 12.84375], "texture": "#5"},
				"west": {"uv": [2.75, 11.25, 3.3125, 12.34375], "texture": "#5"},
				"up": {"uv": [12.53125, 8.5625, 12.25, 8], "texture": "#5"},
				"down": {"uv": [12.53125, 11.75, 12.25, 12.3125], "texture": "#5"}
			}
		},
		{
			"name": "diamond_pickaxe_8",
			"from": [-8.4, 13.6287, 3.4618],
			"to": [-7.3002, 16.9281, 4.5616],
			"rotation": {"angle": -22.5, "axis": "x", "origin": [-7.8501, 14.45355, 5.1115]},
			"faces": {
				"north": {"uv": [8, 12, 8.28125, 12.8125], "texture": "#5"},
				"east": {"uv": [8, 12, 8.28125, 12.8125], "texture": "#5"},
				"south": {"uv": [8, 12, 8.28125, 12.8125], "texture": "#5"},
				"west": {"uv": [12, 8.75, 12.28125, 9.5625], "texture": "#5"},
				"up": {"uv": [12.03125, 12.78125, 11.75, 12.5], "texture": "#5"},
				"down": {"uv": [12.53125, 12.5, 12.25, 12.78125], "texture": "#5"}
			}
		},
		{
			"name": "diamond_pickaxe_9",
			"from": [-8.4, 14.7285, 2.362],
			"to": [-7.3002, 18.0279, 3.4618],
			"rotation": {"angle": -22.5, "axis": "x", "origin": [-7.8501, 14.45355, 5.1115]},
			"faces": {
				"north": {"uv": [11.25, 12, 11.53125, 12.8125], "texture": "#5"},
				"east": {"uv": [11.25, 12, 11.53125, 12.8125], "texture": "#5"},
				"south": {"uv": [11.25, 12, 11.53125, 12.8125], "texture": "#5"},
				"west": {"uv": [6.25, 12.25, 6.53125, 13.0625], "texture": "#5"},
				"up": {"uv": [13.03125, 5.03125, 12.75, 4.75], "texture": "#5"},
				"down": {"uv": [5.78125, 12.75, 5.5, 13.03125], "texture": "#5"}
			}
		},
		{
			"name": "diamond_pickaxe_10",
			"from": [-8.4, 15.8283, 1.2622],
			"to": [-7.3002, 19.1277, 2.362],
			"rotation": {"angle": -22.5, "axis": "x", "origin": [-7.8501, 14.45355, 5.1115]},
			"faces": {
				"north": {"uv": [6.75, 12.25, 7.03125, 13.0625], "texture": "#5"},
				"east": {"uv": [6.75, 12.25, 7.03125, 13.0625], "texture": "#5"},
				"south": {"uv": [6.75, 12.25, 7.03125, 13.0625], "texture": "#5"},
				"west": {"uv": [12.25, 7, 12.53125, 7.8125], "texture": "#5"},
				"up": {"uv": [13.03125, 7.28125, 12.75, 7], "texture": "#5"},
				"down": {"uv": [13.03125, 7.5, 12.75, 7.78125], "texture": "#5"}
			}
		},
		{
			"name": "diamond_pickaxe_11",
			"from": [-8.4, 16.9281, 0.1624],
			"to": [-7.3002, 20.2275, 1.2622],
			"rotation": {"angle": -22.5, "axis": "x", "origin": [-7.8501, 14.45355, 5.1115]},
			"faces": {
				"north": {"uv": [7.25, 12.25, 7.53125, 13.0625], "texture": "#5"},
				"east": {"uv": [7.25, 12.25, 7.53125, 13.0625], "texture": "#5"},
				"south": {"uv": [7.25, 12.25, 7.53125, 13.0625], "texture": "#5"},
				"west": {"uv": [12.25, 9.75, 12.53125, 10.5625], "texture": "#5"},
				"up": {"uv": [13.03125, 8.28125, 12.75, 8], "texture": "#5"},
				"down": {"uv": [9.03125, 12.75, 8.75, 13.03125], "texture": "#5"}
			}
		},
		{
			"name": "diamond_pickaxe_12",
			"from": [-8.4, 16.9281, 10.0606],
			"to": [-7.3002, 18.0279, 11.1604],
			"rotation": {"angle": -22.5, "axis": "x", "origin": [-7.8501, 14.45355, 5.1115]},
			"faces": {
				"north": {"uv": [9.25, 12.75, 9.53125, 13.03125], "texture": "#5"},
				"east": {"uv": [9.25, 12.75, 9.53125, 13.03125], "texture": "#5"},
				"south": {"uv": [9.25, 12.75, 9.53125, 13.03125], "texture": "#5"},
				"west": {"uv": [9.75, 12.75, 10.03125, 13.03125], "texture": "#5"},
				"up": {"uv": [9.53125, 13.03125, 9.25, 12.75], "texture": "#5"},
				"down": {"uv": [9.53125, 12.75, 9.25, 13.03125], "texture": "#5"}
			}
		},
		{
			"name": "diamond_pickaxe_13",
			"from": [-8.4, 18.0279, -0.9374],
			"to": [-7.3002, 21.3273, 0.1624],
			"rotation": {"angle": -22.5, "axis": "x", "origin": [-7.8501, 14.45355, 5.1115]},
			"faces": {
				"north": {"uv": [10.25, 12.25, 10.53125, 13.0625], "texture": "#5"},
				"east": {"uv": [10.25, 12.25, 10.53125, 13.0625], "texture": "#5"},
				"south": {"uv": [10.25, 12.25, 10.53125, 13.0625], "texture": "#5"},
				"west": {"uv": [12.25, 10.75, 12.53125, 11.5625], "texture": "#5"},
				"up": {"uv": [13.03125, 10.03125, 12.75, 9.75], "texture": "#5"},
				"down": {"uv": [13.03125, 10.25, 12.75, 10.53125], "texture": "#5"}
			}
		},
		{
			"name": "diamond_pickaxe_14",
			"from": [-8.4, 19.1277, -2.0372],
			"to": [-7.3002, 21.3273, -0.9374],
			"rotation": {"angle": -22.5, "axis": "x", "origin": [-7.8501, 14.45355, 5.1115]},
			"faces": {
				"north": {"uv": [12.5, 0, 12.78125, 0.5625], "texture": "#5"},
				"east": {"uv": [12.5, 0, 12.78125, 0.5625], "texture": "#5"},
				"south": {"uv": [12.5, 0, 12.78125, 0.5625], "texture": "#5"},
				"west": {"uv": [12.5, 0.75, 12.78125, 1.3125], "texture": "#5"},
				"up": {"uv": [13.03125, 11.03125, 12.75, 10.75], "texture": "#5"},
				"down": {"uv": [13.03125, 11.25, 12.75, 11.53125], "texture": "#5"}
			}
		}
	],
	"display": {
		"head": {
			"translation": [0, -7.5, 0]
		}
	},
	"groups": [
		{
			"name": "group",
			"origin": [23.05, 0, 10],
			"color": 0,
			"children": [
				0,
				1,
				2,
				3,
				4,
				5,
				6,
				7,
				8,
				9,
				10,
				11,
				12,
				13,
				14,
				15,
				16,
				17,
				18,
				19,
				20,
				21,
				22,
				23,
				24,
				{
					"name": "diamond_pickaxe",
					"origin": [8, 8, 8],
					"color": 0,
					"children": [25, 26, 27, 28, 29, 30, 31, 32, 33, 34, 35, 36, 37, 38, 39]
				}
			]
		}
	]
}