{
	"credit": "Made with Blockbench",
	"texture_size": [32, 32],
	"textures": {
		"4": "custom:item/moon_shoes"
	},
	"elements": [
		{
			"from": [-1.2672, 3.70075, 1.97139],
			"to": [3.37721, 6.58476, 10.3162],
			"rotation": {"angle": 0, "axis": "y", "origin": [1.05501, 8.22346, 8.7275]},
			"faces": {
				"north": {"uv": [0, 9.5, 2.375, 10.9375], "texture": "#4"},
				"east": {"uv": [6, 3, 10.1875, 4.4375], "texture": "#4"},
				"south": {"uv": [2.5, 9.5, 4.875, 10.9375], "texture": "#4"},
				"west": {"uv": [7.5, 4.5, 11.6875, 5.9375], "texture": "#4"},
				"up": {"uv": [2.375, 9.1875, 0, 5], "texture": "#4"},
				"down": {"uv": [4.875, 5, 2.5, 9.1875], "texture": "#4"}
			}
		},
		{
			"from": [-1.2672, 6.60976, 5.9263],
			"to": [3.37721, 11.84097, 10.3162],
			"rotation": {"angle": 0, "axis": "y", "origin": [1.05501, 8.19846, 8.7275]},
			"faces": {
				"north": {"uv": [5, 5, 7.375, 7.625], "texture": "#4"},
				"east": {"uv": [7.5, 6, 9.75, 8.625], "texture": "#4"},
				"south": {"uv": [6, 0, 8.375, 2.625], "texture": "#4"},
				"west": {"uv": [5, 8, 7.25, 10.625], "texture": "#4"},
				"up": {"uv": [10.875, 2.25, 8.5, 0], "texture": "#4"},
				"down": {"uv": [9.875, 9, 7.5, 11.25], "texture": "#4"}
			}
		},
		{
			"from": [3.37721, 10.44897, 5.6329],
			"to": [3.62061, 12.15937, 10.6096],
			"rotation": {"angle": 0, "axis": "y", "origin": [1.00501, 8.22346, 8.7275]},
			"faces": {
				"north": {"uv": [12, 4.5, 12.125, 5.375], "texture": "#4"},
				"east": {"uv": [10, 6, 12.5, 6.875], "texture": "#4"},
				"south": {"uv": [12.5, 8.5, 12.625, 9.375], "texture": "#4"},
				"west": {"uv": [10, 7, 12.5, 7.875], "texture": "#4"},
				"up": {"uv": [2.125, 14.5, 2, 12], "texture": "#4"},
				"down": {"uv": [11.625, 12, 11.5, 14.5], "texture": "#4"}
			}
		},
		{
			"from": [-1.5106, 10.44897, 5.6329],
			"to": [-1.2672, 12.15937, 10.6096],
			"rotation": {"angle": 0, "axis": "y", "origin": [1.10501, 8.22346, 8.7275]},
			"faces": {
				"north": {"uv": [9.5, 12.5, 9.625, 13.375], "texture": "#4"},
				"east": {"uv": [10, 8, 12.5, 8.875], "texture": "#4"},
				"south": {"uv": [12.5, 9.5, 12.625, 10.375], "texture": "#4"},
				"west": {"uv": [10, 9, 12.5, 9.875], "texture": "#4"},
				"up": {"uv": [12.125, 14.5, 12, 12], "texture": "#4"},
				"down": {"uv": [12.625, 4.5, 12.5, 7], "texture": "#4"}
			}
		},
		{
			"from": [-1.2672, 10.44897, 5.6329],
			"to": [3.37721, 12.15937, 5.8763],
			"rotation": {"angle": 0, "axis": "y", "origin": [1.05501, 8.22346, 7.515]},
			"faces": {
				"north": {"uv": [10, 10, 12.375, 10.875], "texture": "#4"},
				"east": {"uv": [10, 12.5, 10.125, 13.375], "texture": "#4"},
				"south": {"uv": [10.5, 2.5, 12.875, 3.375], "texture": "#4"},
				"west": {"uv": [10.5, 12.5, 10.625, 13.375], "texture": "#4"},
				"up": {"uv": [14.375, 1.125, 12, 1], "texture": "#4"},
				"down": {"uv": [14.375, 1.5, 12, 1.625], "texture": "#4"}
			}
		},
		{
			"from": [-1.2672, 10.44897, 10.3662],
			"to": [3.37721, 12.15937, 10.6096],
			"rotation": {"angle": 0, "axis": "y", "origin": [1.05501, 8.22346, 8.7275]},
			"faces": {
				"north": {"uv": [10.5, 3.5, 12.875, 4.375], "texture": "#4"},
				"east": {"uv": [12.5, 10.5, 12.625, 11.375], "texture": "#4"},
				"south": {"uv": [0, 11, 2.375, 11.875], "texture": "#4"},
				"west": {"uv": [11, 12.5, 11.125, 13.375], "texture": "#4"},
				"up": {"uv": [14.375, 2.125, 12, 2], "texture": "#4"},
				"down": {"uv": [7.875, 12.5, 5.5, 12.625], "texture": "#4"}
			}
		},
		{
			"from": [-2.98, 3.46313, 7.91649],
			"to": [-1.18, 8.26313, 9.71649],
			"rotation": {"angle": 0, "axis": "y", "origin": [-2.065, 7.58931, 8.8082]},
			"faces": {
				"north": {"uv": [11, 0, 11.875, 2.375], "texture": "#4"},
				"east": {"uv": [2.5, 11, 3.375, 13.375], "texture": "#4"},
				"south": {"uv": [3.5, 11, 4.375, 13.375], "texture": "#4"},
				"west": {"uv": [4.5, 11, 5.375, 13.375], "texture": "#4"},
				"up": {"uv": [12.375, 11.875, 11.5, 11], "texture": "#4"},
				"down": {"uv": [0.875, 12, 0, 12.875], "texture": "#4"}
			}
		},
		{
			"from": [-3.4, 8.26313, 7.61649],
			"to": [-0.7, 8.56313, 10.01649],
			"rotation": {"angle": 0, "axis": "y", "origin": [-2.065, 7.58931, 8.8082]},
			"faces": {
				"north": {"uv": [6, 4.5, 7.375, 4.625], "texture": "#4"},
				"east": {"uv": [12.5, 7, 13.6875, 7.125], "texture": "#4"},
				"south": {"uv": [8.5, 2.5, 9.875, 2.625], "texture": "#4"},
				"west": {"uv": [12.5, 7.5, 13.6875, 7.625], "texture": "#4"},
				"up": {"uv": [6.875, 12.1875, 5.5, 11], "texture": "#4"},
				"down": {"uv": [11.375, 11, 10, 12.1875], "texture": "#4"}
			}
		},
		{
			"from": [-3.1, 8.54974, 7.88483],
			"to": [-1, 8.84974, 9.68483],
			"rotation": {"angle": 0, "axis": "y", "origin": [-2.065, 7.56431, 8.8082]},
			"faces": {
				"north": {"uv": [8, 12.5, 9.0625, 12.625], "texture": "#4"},
				"east": {"uv": [12.5, 11.5, 13.375, 11.625], "texture": "#4"},
				"south": {"uv": [12.5, 8, 13.5625, 8.125], "texture": "#4"},
				"west": {"uv": [12.5, 12, 13.375, 12.125], "texture": "#4"},
				"up": {"uv": [8.0625, 12.375, 7, 11.5], "texture": "#4"},
				"down": {"uv": [9.5625, 11.5, 8.5, 12.375], "texture": "#4"}
			}
		},
		{
			"from": [-2.8, 8.84511, 8.19238],
			"to": [-1.3, 9.14511, 9.39238],
			"rotation": {"angle": 0, "axis": "y", "origin": [-2.065, 7.56431, 8.8082]},
			"faces": {
				"north": {"uv": [12.5, 12.5, 13.25, 12.625], "texture": "#4"},
				"east": {"uv": [13, 0, 13.625, 0.125], "texture": "#4"},
				"south": {"uv": [0, 13, 0.75, 13.125], "texture": "#4"},
				"west": {"uv": [13, 0.5, 13.625, 0.625], "texture": "#4"},
				"up": {"uv": [12.75, 0.625, 12, 0], "texture": "#4"},
				"down": {"uv": [1.75, 12, 1, 12.625], "texture": "#4"}
			}
		},
		{
			"from": [-2.5, 9.11548, 8.49992],
			"to": [-1.6, 9.41548, 9.09992],
			"rotation": {"angle": 0, "axis": "y", "origin": [-2.065, 7.53931, 8.8082]},
			"faces": {
				"north": {"uv": [12, 5.5, 12.4375, 5.625], "texture": "#4"},
				"east": {"uv": [1.5, 13, 1.8125, 13.125], "texture": "#4"},
				"south": {"uv": [1, 13, 1.4375, 13.125], "texture": "#4"},
				"west": {"uv": [13, 2.5, 13.3125, 2.625], "texture": "#4"},
				"up": {"uv": [10.4375, 2.8125, 10, 2.5], "texture": "#4"},
				"down": {"uv": [7.4375, 11, 7, 11.3125], "texture": "#4"}
			}
		},
		{
			"from": [3.27, 3.46313, 7.91649],
			"to": [5.07, 8.26313, 9.71649],
			"rotation": {"angle": 0, "axis": "y", "origin": [4.185, 7.58931, 8.8082]},
			"faces": {
				"north": {"uv": [11, 0, 11.875, 2.375], "texture": "#4"},
				"east": {"uv": [2.5, 11, 3.375, 13.375], "texture": "#4"},
				"south": {"uv": [3.5, 11, 4.375, 13.375], "texture": "#4"},
				"west": {"uv": [4.5, 11, 5.375, 13.375], "texture": "#4"},
				"up": {"uv": [12.375, 11.875, 11.5, 11], "texture": "#4"},
				"down": {"uv": [0.875, 12, 0, 12.875], "texture": "#4"}
			}
		},
		{
			"from": [2.85, 8.26313, 7.61649],
			"to": [5.55, 8.56313, 10.01649],
			"rotation": {"angle": 0, "axis": "y", "origin": [4.185, 7.58931, 8.8082]},
			"faces": {
				"north": {"uv": [6, 4.5, 7.375, 4.625], "texture": "#4"},
				"east": {"uv": [12.5, 7, 13.6875, 7.125], "texture": "#4"},
				"south": {"uv": [8.5, 2.5, 9.875, 2.625], "texture": "#4"},
				"west": {"uv": [12.5, 7.5, 13.6875, 7.625], "texture": "#4"},
				"up": {"uv": [6.875, 12.1875, 5.5, 11], "texture": "#4"},
				"down": {"uv": [11.375, 11, 10, 12.1875], "texture": "#4"}
			}
		},
		{
			"from": [3.15, 8.54974, 7.88483],
			"to": [5.25, 8.84974, 9.68483],
			"rotation": {"angle": 0, "axis": "y", "origin": [4.185, 7.56431, 8.8082]},
			"faces": {
				"north": {"uv": [8, 12.5, 9.0625, 12.625], "texture": "#4"},
				"east": {"uv": [12.5, 11.5, 13.375, 11.625], "texture": "#4"},
				"south": {"uv": [12.5, 8, 13.5625, 8.125], "texture": "#4"},
				"west": {"uv": [12.5, 12, 13.375, 12.125], "texture": "#4"},
				"up": {"uv": [8.0625, 12.375, 7, 11.5], "texture": "#4"},
				"down": {"uv": [9.5625, 11.5, 8.5, 12.375], "texture": "#4"}
			}
		},
		{
			"from": [3.45, 8.84511, 8.19238],
			"to": [4.95, 9.14511, 9.39238],
			"rotation": {"angle": 0, "axis": "y", "origin": [4.185, 7.56431, 8.8082]},
			"faces": {
				"north": {"uv": [12.5, 12.5, 13.25, 12.625], "texture": "#4"},
				"east": {"uv": [13, 0, 13.625, 0.125], "texture": "#4"},
				"south": {"uv": [0, 13, 0.75, 13.125], "texture": "#4"},
				"west": {"uv": [13, 0.5, 13.625, 0.625], "texture": "#4"},
				"up": {"uv": [12.75, 0.625, 12, 0], "texture": "#4"},
				"down": {"uv": [1.75, 12, 1, 12.625], "texture": "#4"}
			}
		},
		{
			"from": [3.75, 9.11548, 8.49992],
			"to": [4.65, 9.41548, 9.09992],
			"rotation": {"angle": 0, "axis": "y", "origin": [4.185, 7.53931, 8.8082]},
			"faces": {
				"north": {"uv": [12, 5.5, 12.4375, 5.625], "texture": "#4"},
				"east": {"uv": [1.5, 13, 1.8125, 13.125], "texture": "#4"},
				"south": {"uv": [1, 13, 1.4375, 13.125], "texture": "#4"},
				"west": {"uv": [13, 2.5, 13.3125, 2.625], "texture": "#4"},
				"up": {"uv": [10.4375, 2.8125, 10, 2.5], "texture": "#4"},
				"down": {"uv": [7.4375, 11, 7, 11.3125], "texture": "#4"}
			}
		},
		{
			"from": [-5.05, -6, 8.8],
			"to": [0.95, 4, 8.8],
			"rotation": {"angle": 0, "axis": "y", "origin": [-3.05, 2, 7.8]},
			"faces": {
				"north": {"uv": [0, 0, 3, 5], "texture": "#4"},
				"east": {"uv": [0, 0, 0, 5], "texture": "#4"},
				"south": {"uv": [3, 0, 6, 5], "texture": "#4"},
				"west": {"uv": [0, 0, 0, 5], "texture": "#4"},
				"up": {"uv": [3, 0, 0, 0], "texture": "#4"},
				"down": {"uv": [3, 0, 0, 0], "texture": "#4"}
			}
		},
		{
			"from": [-2.05, -6, 5.8],
			"to": [-2.05, 4, 11.8],
			"rotation": {"angle": 0, "axis": "y", "origin": [-2.05, -1, 8.8]},
			"faces": {
				"north": {"uv": [0, 0, 0, 5], "texture": "#4"},
				"east": {"uv": [3, 0, 6, 5], "texture": "#4"},
				"south": {"uv": [0, 0, 0, 5], "texture": "#4"},
				"west": {"uv": [0, 0, 3, 5], "texture": "#4"},
				"up": {"uv": [3, 0, 0, 0], "texture": "#4"},
				"down": {"uv": [3, 0, 0, 0], "texture": "#4"}
			}
		},
		{
			"from": [3.95, -6, 5.8],
			"to": [3.95, 4, 11.8],
			"rotation": {"angle": 0, "axis": "y", "origin": [3.95, -1, 8.8]},
			"faces": {
				"north": {"uv": [0, 0, 0, 5], "texture": "#4"},
				"east": {"uv": [3, 0, 6, 5], "texture": "#4"},
				"south": {"uv": [0, 0, 0, 5], "texture": "#4"},
				"west": {"uv": [0, 0, 3, 5], "texture": "#4"},
				"up": {"uv": [3, 0, 0, 0], "texture": "#4"},
				"down": {"uv": [3, 0, 0, 0], "texture": "#4"}
			}
		},
		{
			"from": [0.95, -6, 8.8],
			"to": [6.95, 4, 8.8],
			"rotation": {"angle": 0, "axis": "y", "origin": [2.95, 2, 7.8]},
			"faces": {
				"north": {"uv": [0, 0, 3, 5], "texture": "#4"},
				"east": {"uv": [0, 0, 0, 5], "texture": "#4"},
				"south": {"uv": [3, 0, 6, 5], "texture": "#4"},
				"west": {"uv": [0, 0, 0, 5], "texture": "#4"},
				"up": {"uv": [3, 0, 0, 0], "texture": "#4"},
				"down": {"uv": [3, 0, 0, 0], "texture": "#4"}
			}
		},
		{
			"from": [11.7328, 3.70075, 1.97139],
			"to": [16.37721, 6.58476, 10.3162],
			"rotation": {"angle": 0, "axis": "y", "origin": [14.05501, 8.22346, 8.7275]},
			"faces": {
				"north": {"uv": [0, 9.5, 2.375, 10.9375], "texture": "#4"},
				"east": {"uv": [6, 3, 10.1875, 4.4375], "texture": "#4"},
				"south": {"uv": [2.5, 9.5, 4.875, 10.9375], "texture": "#4"},
				"west": {"uv": [7.5, 4.5, 11.6875, 5.9375], "texture": "#4"},
				"up": {"uv": [2.375, 9.1875, 0, 5], "texture": "#4"},
				"down": {"uv": [4.875, 5, 2.5, 9.1875], "texture": "#4"}
			}
		},
		{
			"from": [11.7328, 6.60976, 5.9263],
			"to": [16.37721, 11.84097, 10.3162],
			"rotation": {"angle": 0, "axis": "y", "origin": [14.05501, 8.19846, 8.7275]},
			"faces": {
				"north": {"uv": [5, 5, 7.375, 7.625], "texture": "#4"},
				"east": {"uv": [7.5, 6, 9.75, 8.625], "texture": "#4"},
				"south": {"uv": [6, 0, 8.375, 2.625], "texture": "#4"},
				"west": {"uv": [5, 8, 7.25, 10.625], "texture": "#4"},
				"up": {"uv": [10.875, 2.25, 8.5, 0], "texture": "#4"},
				"down": {"uv": [9.875, 9, 7.5, 11.25], "texture": "#4"}
			}
		},
		{
			"from": [16.37721, 10.44897, 5.6329],
			"to": [16.62061, 12.15937, 10.6096],
			"rotation": {"angle": 0, "axis": "y", "origin": [14.00501, 8.22346, 8.7275]},
			"faces": {
				"north": {"uv": [12, 4.5, 12.125, 5.375], "texture": "#4"},
				"east": {"uv": [10, 6, 12.5, 6.875], "texture": "#4"},
				"south": {"uv": [12.5, 8.5, 12.625, 9.375], "texture": "#4"},
				"west": {"uv": [10, 7, 12.5, 7.875], "texture": "#4"},
				"up": {"uv": [2.125, 14.5, 2, 12], "texture": "#4"},
				"down": {"uv": [11.625, 12, 11.5, 14.5], "texture": "#4"}
			}
		},
		{
			"from": [11.4894, 10.44897, 5.6329],
			"to": [11.7328, 12.15937, 10.6096],
			"rotation": {"angle": 0, "axis": "y", "origin": [14.10501, 8.22346, 8.7275]},
			"faces": {
				"north": {"uv": [9.5, 12.5, 9.625, 13.375], "texture": "#4"},
				"east": {"uv": [10, 8, 12.5, 8.875], "texture": "#4"},
				"south": {"uv": [12.5, 9.5, 12.625, 10.375], "texture": "#4"},
				"west": {"uv": [10, 9, 12.5, 9.875], "texture": "#4"},
				"up": {"uv": [12.125, 14.5, 12, 12], "texture": "#4"},
				"down": {"uv": [12.625, 4.5, 12.5, 7], "texture": "#4"}
			}
		},
		{
			"from": [11.7328, 10.44897, 5.6329],
			"to": [16.37721, 12.15937, 5.8763],
			"rotation": {"angle": 0, "axis": "y", "origin": [14.05501, 8.22346, 7.515]},
			"faces": {
				"north": {"uv": [10, 10, 12.375, 10.875], "texture": "#4"},
				"east": {"uv": [10, 12.5, 10.125, 13.375], "texture": "#4"},
				"south": {"uv": [10.5, 2.5, 12.875, 3.375], "texture": "#4"},
				"west": {"uv": [10.5, 12.5, 10.625, 13.375], "texture": "#4"},
				"up": {"uv": [14.375, 1.125, 12, 1], "texture": "#4"},
				"down": {"uv": [14.375, 1.5, 12, 1.625], "texture": "#4"}
			}
		},
		{
			"from": [11.7328, 10.44897, 10.3662],
			"to": [16.37721, 12.15937, 10.6096],
			"rotation": {"angle": 0, "axis": "y", "origin": [14.05501, 8.22346, 8.7275]},
			"faces": {
				"north": {"uv": [10.5, 3.5, 12.875, 4.375], "texture": "#4"},
				"east": {"uv": [12.5, 10.5, 12.625, 11.375], "texture": "#4"},
				"south": {"uv": [0, 11, 2.375, 11.875], "texture": "#4"},
				"west": {"uv": [11, 12.5, 11.125, 13.375], "texture": "#4"},
				"up": {"uv": [14.375, 2.125, 12, 2], "texture": "#4"},
				"down": {"uv": [7.875, 12.5, 5.5, 12.625], "texture": "#4"}
			}
		},
		{
			"from": [10.02, 3.46313, 7.91649],
			"to": [11.82, 8.26313, 9.71649],
			"rotation": {"angle": 0, "axis": "y", "origin": [10.935, 7.58931, 8.8082]},
			"faces": {
				"north": {"uv": [11, 0, 11.875, 2.375], "texture": "#4"},
				"east": {"uv": [2.5, 11, 3.375, 13.375], "texture": "#4"},
				"south": {"uv": [3.5, 11, 4.375, 13.375], "texture": "#4"},
				"west": {"uv": [4.5, 11, 5.375, 13.375], "texture": "#4"},
				"up": {"uv": [12.375, 11.875, 11.5, 11], "texture": "#4"},
				"down": {"uv": [0.875, 12, 0, 12.875], "texture": "#4"}
			}
		},
		{
			"from": [9.6, 8.26313, 7.61649],
			"to": [12.3, 8.56313, 10.01649],
			"rotation": {"angle": 0, "axis": "y", "origin": [10.935, 7.58931, 8.8082]},
			"faces": {
				"north": {"uv": [6, 4.5, 7.375, 4.625], "texture": "#4"},
				"east": {"uv": [12.5, 7, 13.6875, 7.125], "texture": "#4"},
				"south": {"uv": [8.5, 2.5, 9.875, 2.625], "texture": "#4"},
				"west": {"uv": [12.5, 7.5, 13.6875, 7.625], "texture": "#4"},
				"up": {"uv": [6.875, 12.1875, 5.5, 11], "texture": "#4"},
				"down": {"uv": [11.375, 11, 10, 12.1875], "texture": "#4"}
			}
		},
		{
			"from": [9.9, 8.54974, 7.88483],
			"to": [12, 8.84974, 9.68483],
			"rotation": {"angle": 0, "axis": "y", "origin": [10.935, 7.56431, 8.8082]},
			"faces": {
				"north": {"uv": [8, 12.5, 9.0625, 12.625], "texture": "#4"},
				"east": {"uv": [12.5, 11.5, 13.375, 11.625], "texture": "#4"},
				"south": {"uv": [12.5, 8, 13.5625, 8.125], "texture": "#4"},
				"west": {"uv": [12.5, 12, 13.375, 12.125], "texture": "#4"},
				"up": {"uv": [8.0625, 12.375, 7, 11.5], "texture": "#4"},
				"down": {"uv": [9.5625, 11.5, 8.5, 12.375], "texture": "#4"}
			}
		},
		{
			"from": [10.2, 8.84511, 8.19238],
			"to": [11.7, 9.14511, 9.39238],
			"rotation": {"angle": 0, "axis": "y", "origin": [10.935, 7.56431, 8.8082]},
			"faces": {
				"north": {"uv": [12.5, 12.5, 13.25, 12.625], "texture": "#4"},
				"east": {"uv": [13, 0, 13.625, 0.125], "texture": "#4"},
				"south": {"uv": [0, 13, 0.75, 13.125], "texture": "#4"},
				"west": {"uv": [13, 0.5, 13.625, 0.625], "texture": "#4"},
				"up": {"uv": [12.75, 0.625, 12, 0], "texture": "#4"},
				"down": {"uv": [1.75, 12, 1, 12.625], "texture": "#4"}
			}
		},
		{
			"from": [10.5, 9.11548, 8.49992],
			"to": [11.4, 9.41548, 9.09992],
			"rotation": {"angle": 0, "axis": "y", "origin": [10.935, 7.53931, 8.8082]},
			"faces": {
				"north": {"uv": [12, 5.5, 12.4375, 5.625], "texture": "#4"},
				"east": {"uv": [1.5, 13, 1.8125, 13.125], "texture": "#4"},
				"south": {"uv": [1, 13, 1.4375, 13.125], "texture": "#4"},
				"west": {"uv": [13, 2.5, 13.3125, 2.625], "texture": "#4"},
				"up": {"uv": [10.4375, 2.8125, 10, 2.5], "texture": "#4"},
				"down": {"uv": [7.4375, 11, 7, 11.3125], "texture": "#4"}
			}
		},
		{
			"from": [16.27, 3.46313, 7.91649],
			"to": [18.07, 8.26313, 9.71649],
			"rotation": {"angle": 0, "axis": "y", "origin": [17.185, 7.58931, 8.8082]},
			"faces": {
				"north": {"uv": [11, 0, 11.875, 2.375], "texture": "#4"},
				"east": {"uv": [2.5, 11, 3.375, 13.375], "texture": "#4"},
				"south": {"uv": [3.5, 11, 4.375, 13.375], "texture": "#4"},
				"west": {"uv": [4.5, 11, 5.375, 13.375], "texture": "#4"},
				"up": {"uv": [12.375, 11.875, 11.5, 11], "texture": "#4"},
				"down": {"uv": [0.875, 12, 0, 12.875], "texture": "#4"}
			}
		},
		{
			"from": [15.85, 8.26313, 7.61649],
			"to": [18.55, 8.56313, 10.01649],
			"rotation": {"angle": 0, "axis": "y", "origin": [17.185, 7.58931, 8.8082]},
			"faces": {
				"north": {"uv": [6, 4.5, 7.375, 4.625], "texture": "#4"},
				"east": {"uv": [12.5, 7, 13.6875, 7.125], "texture": "#4"},
				"south": {"uv": [8.5, 2.5, 9.875, 2.625], "texture": "#4"},
				"west": {"uv": [12.5, 7.5, 13.6875, 7.625], "texture": "#4"},
				"up": {"uv": [6.875, 12.1875, 5.5, 11], "texture": "#4"},
				"down": {"uv": [11.375, 11, 10, 12.1875], "texture": "#4"}
			}
		},
		{
			"from": [16.15, 8.54974, 7.88483],
			"to": [18.25, 8.84974, 9.68483],
			"rotation": {"angle": 0, "axis": "y", "origin": [17.185, 7.56431, 8.8082]},
			"faces": {
				"north": {"uv": [8, 12.5, 9.0625, 12.625], "texture": "#4"},
				"east": {"uv": [12.5, 11.5, 13.375, 11.625], "texture": "#4"},
				"south": {"uv": [12.5, 8, 13.5625, 8.125], "texture": "#4"},
				"west": {"uv": [12.5, 12, 13.375, 12.125], "texture": "#4"},
				"up": {"uv": [8.0625, 12.375, 7, 11.5], "texture": "#4"},
				"down": {"uv": [9.5625, 11.5, 8.5, 12.375], "texture": "#4"}
			}
		},
		{
			"from": [16.45, 8.84511, 8.19238],
			"to": [17.95, 9.14511, 9.39238],
			"rotation": {"angle": 0, "axis": "y", "origin": [17.185, 7.56431, 8.8082]},
			"faces": {
				"north": {"uv": [12.5, 12.5, 13.25, 12.625], "texture": "#4"},
				"east": {"uv": [13, 0, 13.625, 0.125], "texture": "#4"},
				"south": {"uv": [0, 13, 0.75, 13.125], "texture": "#4"},
				"west": {"uv": [13, 0.5, 13.625, 0.625], "texture": "#4"},
				"up": {"uv": [12.75, 0.625, 12, 0], "texture": "#4"},
				"down": {"uv": [1.75, 12, 1, 12.625], "texture": "#4"}
			}
		},
		{
			"from": [16.75, 9.11548, 8.49992],
			"to": [17.65, 9.41548, 9.09992],
			"rotation": {"angle": 0, "axis": "y", "origin": [17.185, 7.53931, 8.8082]},
			"faces": {
				"north": {"uv": [12, 5.5, 12.4375, 5.625], "texture": "#4"},
				"east": {"uv": [1.5, 13, 1.8125, 13.125], "texture": "#4"},
				"south": {"uv": [1, 13, 1.4375, 13.125], "texture": "#4"},
				"west": {"uv": [13, 2.5, 13.3125, 2.625], "texture": "#4"},
				"up": {"uv": [10.4375, 2.8125, 10, 2.5], "texture": "#4"},
				"down": {"uv": [7.4375, 11, 7, 11.3125], "texture": "#4"}
			}
		},
		{
			"from": [7.95, -6, 8.8],
			"to": [13.95, 4, 8.8],
			"rotation": {"angle": 0, "axis": "y", "origin": [9.95, 2, 7.8]},
			"faces": {
				"north": {"uv": [0, 0, 3, 5], "texture": "#4"},
				"east": {"uv": [0, 0, 0, 5], "texture": "#4"},
				"south": {"uv": [3, 0, 6, 5], "texture": "#4"},
				"west": {"uv": [0, 0, 0, 5], "texture": "#4"},
				"up": {"uv": [3, 0, 0, 0], "texture": "#4"},
				"down": {"uv": [3, 0, 0, 0], "texture": "#4"}
			}
		},
		{
			"from": [10.95, -6, 5.8],
			"to": [10.95, 4, 11.8],
			"rotation": {"angle": 0, "axis": "y", "origin": [10.95, -1, 8.8]},
			"faces": {
				"north": {"uv": [0, 0, 0, 5], "texture": "#4"},
				"east": {"uv": [3, 0, 6, 5], "texture": "#4"},
				"south": {"uv": [0, 0, 0, 5], "texture": "#4"},
				"west": {"uv": [0, 0, 3, 5], "texture": "#4"},
				"up": {"uv": [3, 0, 0, 0], "texture": "#4"},
				"down": {"uv": [3, 0, 0, 0], "texture": "#4"}
			}
		},
		{
			"from": [16.95, -6, 5.8],
			"to": [16.95, 4, 11.8],
			"rotation": {"angle": 0, "axis": "y", "origin": [16.95, -1, 8.8]},
			"faces": {
				"north": {"uv": [0, 0, 0, 5], "texture": "#4"},
				"east": {"uv": [3, 0, 6, 5], "texture": "#4"},
				"south": {"uv": [0, 0, 0, 5], "texture": "#4"},
				"west": {"uv": [0, 0, 3, 5], "texture": "#4"},
				"up": {"uv": [3, 0, 0, 0], "texture": "#4"},
				"down": {"uv": [3, 0, 0, 0], "texture": "#4"}
			}
		},
		{
			"from": [13.95, -6, 8.8],
			"to": [19.95, 4, 8.8],
			"rotation": {"angle": 0, "axis": "y", "origin": [15.95, 2, 7.8]},
			"faces": {
				"north": {"uv": [0, 0, 3, 5], "texture": "#4"},
				"east": {"uv": [0, 0, 0, 5], "texture": "#4"},
				"south": {"uv": [3, 0, 6, 5], "texture": "#4"},
				"west": {"uv": [0, 0, 0, 5], "texture": "#4"},
				"up": {"uv": [3, 0, 0, 0], "texture": "#4"},
				"down": {"uv": [3, 0, 0, 0], "texture": "#4"}
			}
		}
	],
	"groups": [
		{
			"name": "moon_shoes",
			"origin": [8, 8, 8],
			"color": 0,
			"children": [
				{
					"name": "shoes",
					"origin": [8, 8, 8],
					"color": 0,
					"children": [
						{
							"name": "moon_shoes",
							"origin": [8, 8, 8],
							"color": 0,
							"children": [
								0,
								1,
								2,
								3,
								4,
								5,
								{
									"name": "rockets",
									"origin": [8, 8, 8],
									"color": 0,
									"children": [
										6,
										7,
										8,
										9,
										10,
										11,
										12,
										13,
										14,
										15,
										{
											"name": "fire",
											"origin": [8, 8, 8],
											"color": 0,
											"children": [16, 17, 18, 19]
										}
									]
								}
							]
						}
					]
				},
				{
					"name": "shoes",
					"origin": [8, 8, 8],
					"color": 0,
					"children": [
						{
							"name": "moon_shoes",
							"origin": [8, 8, 8],
							"color": 0,
							"children": [
								20,
								21,
								22,
								23,
								24,
								25,
								{
									"name": "rockets",
									"origin": [8, 8, 8],
									"color": 0,
									"children": [
										26,
										27,
										28,
										29,
										30,
										31,
										32,
										33,
										34,
										35,
										{
											"name": "fire",
											"origin": [8, 8, 8],
											"color": 0,
											"children": [36, 37, 38, 39]
										}
									]
								}
							]
						}
					]
				}
			]
		}
	]
}