{
	"credit": "Made with Blockbench",
	"texture_size": [128, 128],
	"textures": {
		"0": "custom:item/moon_express",
		"particle": "custom:item/moon_express"
	},
	"elements": [
		{
			"from": [1, -14, 1],
			"to": [15, -9, 3],
			"rotation": {"angle": 0, "axis": "y", "origin": [0, -14, 0]},
			"faces": {
				"north": {"uv": [7.25, 4, 9, 4.625], "texture": "#0"},
				"east": {"uv": [1.75, 7.5, 2, 8.125], "texture": "#0"},
				"south": {"uv": [0, 7.5, 1.75, 8.125], "texture": "#0"},
				"west": {"uv": [2, 7.5, 2.25, 8.125], "texture": "#0"},
				"up": {"uv": [6.75, 5, 5, 4.75], "texture": "#0"},
				"down": {"uv": [10.5, 2.5, 8.75, 2.75], "texture": "#0"}
			}
		},
		{
			"from": [1, -14, 13],
			"to": [15, -9, 15],
			"rotation": {"angle": 0, "axis": "y", "origin": [0, -14, 12]},
			"faces": {
				"north": {"uv": [7.5, 0, 9.25, 0.625], "texture": "#0"},
				"east": {"uv": [8.625, 9, 8.875, 9.625], "texture": "#0"},
				"south": {"uv": [7.5, 0.625, 9.25, 1.25], "texture": "#0"},
				"west": {"uv": [6, 9.125, 6.25, 9.75], "texture": "#0"},
				"up": {"uv": [10.5, 3, 8.75, 2.75], "texture": "#0"},
				"down": {"uv": [10.5, 3, 8.75, 3.25], "texture": "#0"}
			}
		},
		{
			"from": [0, -9, 15],
			"to": [16, -8, 16],
			"rotation": {"angle": 0, "axis": "y", "origin": [0, -14, 13]},
			"faces": {
				"north": {"uv": [7.25, 4.625, 9.25, 4.75], "texture": "#0"},
				"east": {"uv": [6.875, 4.75, 7, 4.875], "texture": "#0"},
				"south": {"uv": [2.5, 9, 4.5, 9.125], "texture": "#0"},
				"west": {"uv": [6.875, 4.875, 7, 5], "texture": "#0"},
				"up": {"uv": [11, 4.125, 9, 4], "texture": "#0"},
				"down": {"uv": [11, 4.125, 9, 4.25], "texture": "#0"}
			}
		},
		{
			"from": [0, -9, 1],
			"to": [1, -8, 15],
			"rotation": {"angle": 0, "axis": "y", "origin": [0.5, -8.5, 7.5]},
			"faces": {
				"north": {"uv": [5.75, 8.5, 5.875, 8.625], "texture": "#0"},
				"east": {"uv": [6.5, 9, 8.25, 9.125], "texture": "#0"},
				"south": {"uv": [5.875, 8.5, 6, 8.625], "texture": "#0"},
				"west": {"uv": [9, 7.5, 10.75, 7.625], "texture": "#0"},
				"up": {"uv": [9.125, 9.375, 9, 7.625], "texture": "#0"},
				"down": {"uv": [8.375, 9, 8.25, 10.75], "texture": "#0"}
			}
		},
		{
			"from": [15, -9, 1],
			"to": [16, -8, 15],
			"rotation": {"angle": 0, "axis": "y", "origin": [15.5, -8.5, 7.5]},
			"faces": {
				"north": {"uv": [6, 8.5, 6.125, 8.625], "texture": "#0"},
				"east": {"uv": [2.5, 9.125, 4.25, 9.25], "texture": "#0"},
				"south": {"uv": [6.125, 8.5, 6.25, 8.625], "texture": "#0"},
				"west": {"uv": [4.25, 9.125, 6, 9.25], "texture": "#0"},
				"up": {"uv": [8.5, 10.75, 8.375, 9], "texture": "#0"},
				"down": {"uv": [8.625, 9, 8.5, 10.75], "texture": "#0"}
			}
		},
		{
			"from": [0, -9, 0],
			"to": [16, -8, 1],
			"rotation": {"angle": 0, "axis": "y", "origin": [0, -14, -2]},
			"faces": {
				"north": {"uv": [9, 4.25, 11, 4.375], "texture": "#0"},
				"east": {"uv": [6.25, 8.5, 6.375, 8.625], "texture": "#0"},
				"south": {"uv": [9, 4.375, 11, 4.5], "texture": "#0"},
				"west": {"uv": [6.375, 8.5, 6.5, 8.625], "texture": "#0"},
				"up": {"uv": [6.5, 9.125, 4.5, 9], "texture": "#0"},
				"down": {"uv": [11, 4.5, 9, 4.625], "texture": "#0"}
			}
		},
		{
			"from": [1, -14, 3],
			"to": [3, -9, 13],
			"rotation": {"angle": 0, "axis": "y", "origin": [0, -14, 12]},
			"faces": {
				"north": {"uv": [6.25, 9.125, 6.5, 9.75], "texture": "#0"},
				"east": {"uv": [5.75, 7.25, 7, 7.875], "texture": "#0"},
				"south": {"uv": [6.5, 9.125, 6.75, 9.75], "texture": "#0"},
				"west": {"uv": [7.5, 1.25, 8.75, 1.875], "texture": "#0"},
				"up": {"uv": [2.5, 8.75, 2.25, 7.5], "texture": "#0"},
				"down": {"uv": [2.5, 8.75, 2.25, 10], "texture": "#0"}
			}
		},
		{
			"from": [13, -14, 3],
			"to": [15, -9, 13],
			"rotation": {"angle": 0, "axis": "y", "origin": [12, -14, 12]},
			"faces": {
				"north": {"uv": [6.75, 9.125, 7, 9.75], "texture": "#0"},
				"east": {"uv": [7.5, 1.875, 8.75, 2.5], "texture": "#0"},
				"south": {"uv": [7, 9.125, 7.25, 9.75], "texture": "#0"},
				"west": {"uv": [5.75, 7.875, 7, 8.5], "texture": "#0"},
				"up": {"uv": [9, 8.75, 8.75, 7.5], "texture": "#0"},
				"down": {"uv": [0.25, 8.875, 0, 10.125], "texture": "#0"}
			}
		},
		{
			"from": [2, -16, 2],
			"to": [14, -14, 14],
			"rotation": {"angle": 0, "axis": "y", "origin": [0, -16, 0]},
			"faces": {
				"north": {"uv": [6, 8.75, 7.5, 9], "texture": "#0"},
				"east": {"uv": [8.75, 7, 10.25, 7.25], "texture": "#0"},
				"south": {"uv": [8.75, 7.25, 10.25, 7.5], "texture": "#0"},
				"west": {"uv": [7.5, 8.75, 9, 9], "texture": "#0"},
				"up": {"uv": [8.75, 4, 7.25, 2.5], "texture": "#0"},
				"down": {"uv": [5.75, 7.25, 4.25, 8.75], "texture": "#0"}
			}
		},
		{
			"from": [1, 6, 1],
			"to": [15, 8, 15],
			"rotation": {"angle": 0, "axis": "y", "origin": [0, 6, 0]},
			"faces": {
				"north": {"uv": [8.75, 3.25, 10.5, 3.5], "texture": "#0"},
				"east": {"uv": [8.75, 3.5, 10.5, 3.75], "texture": "#0"},
				"south": {"uv": [8.75, 3.75, 10.5, 4], "texture": "#0"},
				"west": {"uv": [4.25, 8.75, 6, 9], "texture": "#0"},
				"up": {"uv": [8.75, 8.75, 7, 7], "texture": "#0"},
				"down": {"uv": [4.25, 7.25, 2.5, 9], "texture": "#0"}
			}
		},
		{
			"from": [-1, 8, -1],
			"to": [17, 10, 17],
			"rotation": {"angle": 0, "axis": "y", "origin": [0, 8, 0]},
			"faces": {
				"north": {"uv": [0, 8.125, 2.25, 8.375], "texture": "#0"},
				"east": {"uv": [0, 8.375, 2.25, 8.625], "texture": "#0"},
				"south": {"uv": [0, 8.625, 2.25, 8.875], "texture": "#0"},
				"west": {"uv": [8.75, 1.25, 11, 1.5], "texture": "#0"},
				"up": {"uv": [4.75, 7.25, 2.5, 5], "texture": "#0"},
				"down": {"uv": [7.25, 2.5, 5, 4.75], "texture": "#0"}
			}
		},
		{
			"from": [-1, 30, -1],
			"to": [17, 32, 17],
			"rotation": {"angle": 0, "axis": "y", "origin": [0, 30, 0]},
			"faces": {
				"north": {"uv": [8.75, 1.5, 11, 1.75], "texture": "#0"},
				"east": {"uv": [8.75, 1.75, 11, 2], "texture": "#0"},
				"south": {"uv": [8.75, 2, 11, 2.25], "texture": "#0"},
				"west": {"uv": [8.75, 2.25, 11, 2.5], "texture": "#0"},
				"up": {"uv": [7, 7.25, 4.75, 5], "texture": "#0"},
				"down": {"uv": [9.25, 4.75, 7, 7], "texture": "#0"}
			}
		},
		{
			"from": [-2, 10, -2],
			"to": [18, 30, 18],
			"rotation": {"angle": 0, "axis": "y", "origin": [0, 10, 0]},
			"faces": {
				"north": {"uv": [0, 0, 2.5, 2.5], "texture": "#0"},
				"east": {"uv": [0, 2.5, 2.5, 5], "texture": "#0"},
				"south": {"uv": [2.5, 0, 5, 2.5], "texture": "#0"},
				"west": {"uv": [2.5, 2.5, 5, 5], "texture": "#0"},
				"up": {"uv": [2.5, 7.5, 0, 5], "texture": "#0"},
				"down": {"uv": [7.5, 0, 5, 2.5], "texture": "#0"}
			}
		},
		{
			"from": [0.1, -8.25, 0.025],
			"to": [1.1, 8.25, 1.025],
			"rotation": {"angle": 0, "axis": "y", "origin": [1.1, -0.25, 1.025]},
			"faces": {
				"north": {"uv": [0.75, 8.875, 0.875, 11], "texture": "#0"},
				"east": {"uv": [0.875, 8.875, 1, 11], "texture": "#0"},
				"south": {"uv": [1, 8.875, 1.125, 11], "texture": "#0"},
				"west": {"uv": [1.125, 8.875, 1.25, 11], "texture": "#0"},
				"up": {"uv": [6.625, 8.625, 6.5, 8.5], "texture": "#0"},
				"down": {"uv": [6.75, 8.5, 6.625, 8.625], "texture": "#0"}
			}
		},
		{
			"from": [0.1, -8.25, 14.975],
			"to": [1.1, 8.25, 15.975],
			"rotation": {"angle": 0, "axis": "y", "origin": [1.1, -0.25, 15.975]},
			"faces": {
				"north": {"uv": [0.75, 8.875, 0.875, 11], "texture": "#0"},
				"east": {"uv": [0.875, 8.875, 1, 11], "texture": "#0"},
				"south": {"uv": [1, 8.875, 1.125, 11], "texture": "#0"},
				"west": {"uv": [1.125, 8.875, 1.25, 11], "texture": "#0"},
				"up": {"uv": [6.625, 8.625, 6.5, 8.5], "texture": "#0"},
				"down": {"uv": [6.75, 8.5, 6.625, 8.625], "texture": "#0"}
			}
		},
		{
			"from": [14.925, -8.25, 0.025],
			"to": [15.925, 8.25, 1.025],
			"rotation": {"angle": 0, "axis": "y", "origin": [15.925, -0.25, 1.025]},
			"faces": {
				"north": {"uv": [0.75, 8.875, 0.875, 11], "texture": "#0"},
				"east": {"uv": [0.875, 8.875, 1, 11], "texture": "#0"},
				"south": {"uv": [1, 8.875, 1.125, 11], "texture": "#0"},
				"west": {"uv": [1.125, 8.875, 1.25, 11], "texture": "#0"},
				"up": {"uv": [6.625, 8.625, 6.5, 8.5], "texture": "#0"},
				"down": {"uv": [6.75, 8.5, 6.625, 8.625], "texture": "#0"}
			}
		},
		{
			"from": [14.925, -8.25, 14.975],
			"to": [15.925, 8.25, 15.975],
			"rotation": {"angle": 0, "axis": "y", "origin": [15.925, -0.25, 15.975]},
			"faces": {
				"north": {"uv": [0.75, 8.875, 0.875, 11], "texture": "#0"},
				"east": {"uv": [0.875, 8.875, 1, 11], "texture": "#0"},
				"south": {"uv": [1, 8.875, 1.125, 11], "texture": "#0"},
				"west": {"uv": [1.125, 8.875, 1.25, 11], "texture": "#0"},
				"up": {"uv": [6.625, 8.625, 6.5, 8.5], "texture": "#0"},
				"down": {"uv": [6.75, 8.5, 6.625, 8.625], "texture": "#0"}
			}
		}
	],
	"display": {
		"head": {
			"translation": [0, 8.5, 0]
		}
	},
	"groups": [
		{
			"name": "moon_express",
			"origin": [8, 8, 8],
			"color": 0,
			"children": [0, 1, 2, 3, 4, 5, 6, 7, 8, 9, 10, 11, 12, 13, 14, 15, 16]
		}
	]
}