{
  "parent": "minecraft:item/generated",
  "textures": {
    "layer0": "minecraft:item/stick"
  },
  "overrides": [
    { "predicate": {"custom_model_data": 1}, "model": "custom:item/lemonade_stand"},
    { "predicate": {"custom_model_data": 2}, "model": "custom:item/newspaper_delivery"},
    { "predicate": {"custom_model_data": 3}, "model": "custom:item/car_wash"},
    { "predicate": {"custom_model_data": 4}, "model": "custom:item/pizza_shop"},
    { "predicate": {"custom_model_data": 5}, "model": "custom:item/donut_shop"},
    { "predicate": {"custom_model_data": 6}, "model": "custom:item/shrimp_boat"},
    { "predicate": {"custom_model_data": 7}, "model": "custom:item/hockey_team"},
    { "predicate": {"custom_model_data": 8}, "model": "custom:item/movie_studio"},
    { "predicate": {"custom_model_data": 9}, "model": "custom:item/bank"},
    { "predicate": {"custom_model_data": 10}, "model": "custom:item/oil_company"}
  ]
}