{
  "parent": "minecraft:item/generated",
  "textures": {
    "layer0": "minecraft:item/stick"
  },
  "overrides": [
    { "predicate": {"custom_model_data": 1}, "model": "custom:item/lemonade_stand"},
    { "predicate": {"custom_model_data": 2}, "model": "custom:item/newspaper_delivery"},
    { "predicate": {"custom_model_data": 3}, "model": "custom:item/carwash"},
    { "predicate": {"custom_model_data": 4}, "model": "custom:item/pizza_shop"},
    { "predicate": {"custom_model_data": 5}, "model": "custom:item/donut_shop"}
  ]
}