{
	"credit": "Made with Blockbench",
	"texture_size": [64, 64],
	"textures": {
		"4": "custom:item/bank"
	},
	"elements": [
		{
			"from": [7, 0, 7],
			"to": [16, 11, 16],
			"rotation": {"angle": 0, "axis": "y", "origin": [0, 0, 4]},
			"faces": {
				"north": {"uv": [4.5, 0, 6.75, 2.75], "texture": "#4"},
				"east": {"uv": [4.5, 2.75, 6.75, 5.5], "texture": "#4"},
				"south": {"uv": [4.5, 5.5, 6.75, 8.25], "texture": "#4"},
				"west": {"uv": [0, 6.25, 2.25, 9], "texture": "#4"},
				"up": {"uv": [4.5, 8.5, 2.25, 6.25], "texture": "#4"},
				"down": {"uv": [9, 0, 6.75, 2.25], "texture": "#4"}
			}
		},
		{
			"from": [7, 11, 11.575],
			"to": [16, 22.175, 16],
			"rotation": {"angle": 0, "axis": "y", "origin": [0, 11, 4]},
			"faces": {
				"north": {"uv": [0, 3.25, 2.25, 6.03125], "texture": "#4"},
				"east": {"uv": [6.75, 2.25, 7.84375, 5.03125], "texture": "#4"},
				"south": {"uv": [2.25, 3.25, 4.5, 6.03125], "texture": "#4"},
				"west": {"uv": [6.75, 5.25, 7.84375, 8.03125], "texture": "#4"},
				"up": {"uv": [10.25, 6.34375, 8, 5.25], "texture": "#4"},
				"down": {"uv": [10.25, 6.5, 8, 7.59375], "texture": "#4"}
			}
		},
		{
			"from": [7.055, 20.12488, 7.1608],
			"to": [15.995, 21.48988, 12.5258],
			"rotation": {"angle": -22.5, "axis": "x", "origin": [13.025, 19.43238, 10.3433]},
			"faces": {
				"north": {"uv": [5.25, 9.5, 7.5, 9.84375], "texture": "#4"},
				"east": {"uv": [8.75, 9.75, 10.09375, 10.09375], "texture": "#4"},
				"south": {"uv": [1.25, 9.75, 3.5, 10.09375], "texture": "#4"},
				"west": {"uv": [5.25, 10, 6.59375, 10.34375], "texture": "#4"},
				"up": {"uv": [10.25, 3.59375, 8, 2.25], "texture": "#4"},
				"down": {"uv": [10.25, 3.75, 8, 5.09375], "texture": "#4"}
			}
		},
		{
			"from": [7.03, 10.18232, 11.23718],
			"to": [15.97, 22.19732, 13.82718],
			"rotation": {"angle": 22.5, "axis": "x", "origin": [8, 16.72732, 10.35718]},
			"faces": {
				"north": {"uv": [0, 0, 2.25, 3.03125], "texture": "#4"},
				"east": {"uv": [8, 7.75, 8.65625, 10.78125], "texture": "#4"},
				"south": {"uv": [2.25, 0, 4.5, 3.03125], "texture": "#4"},
				"west": {"uv": [4.5, 8.25, 5.15625, 11.28125], "texture": "#4"},
				"up": {"uv": [11.25, 1.90625, 9, 1.25], "texture": "#4"},
				"down": {"uv": [11, 9, 8.75, 9.65625], "texture": "#4"}
			}
		},
		{
			"from": [9, 6.02513, 4.93934],
			"to": [14, 11.02513, 9.93934],
			"rotation": {"angle": 45, "axis": "x", "origin": [13.5, 8.52513, 5.93934]},
			"faces": {
				"north": {"uv": [5.25, 8.25, 6.5, 9.5], "texture": "#4"},
				"east": {"uv": [6.5, 8.25, 7.75, 9.5], "texture": "#4"},
				"south": {"uv": [2.25, 8.5, 3.5, 9.75], "texture": "#4"},
				"west": {"uv": [8.75, 7.75, 10, 9], "texture": "#4"},
				"up": {"uv": [1.25, 10.25, 0, 9], "texture": "#4"},
				"down": {"uv": [10.25, 0, 9, 1.25], "texture": "#4"}
			}
		}
	],
	"display": {
		"head": {
			"translation": [-6.25, -2.5, -3.5],
			"scale": [1.75, 1.75, 1.75]
		}
	},
	"groups": [
		{
			"name": "ATM",
			"origin": [8, 8, 8],
			"color": 0,
			"children": [0, 1, 2, 3, 4]
		}
	]
}