{
	"credit": "Made with Blockbench",
	"texture_size": [128, 128],
	"textures": {
		"3": "custom:item/car_wash"
	},
	"elements": [
		{
			"from": [-9.6, 4, -9.8],
			"to": [0, 24.78, -0.2],
			"rotation": {"angle": 0, "axis": "y", "origin": [-5.6, 0, -5.8]},
			"faces": {
				"north": {"uv": [2, 0, 3.5, 3.25], "texture": "#3"},
				"east": {"uv": [2, 0, 3.5, 3.25], "texture": "#3"},
				"south": {"uv": [2, 0, 3.5, 3.25], "texture": "#3"},
				"west": {"uv": [2, 0, 3.5, 3.25], "texture": "#3"},
				"up": {"uv": [3.5, 4.75, 2, 3.25], "texture": "#3"},
				"down": {"uv": [1.5, 3.5, 0, 5], "texture": "#3"}
			}
		},
		{
			"from": [-5.6, -12.8, -5.8],
			"to": [-4, 20.3, -4.2],
			"rotation": {"angle": 0, "axis": "y", "origin": [-5.6, 0, -5.8]},
			"faces": {
				"north": {"uv": [3.5, 0, 3.75, 5.1875], "texture": "#3"},
				"east": {"uv": [1.5, 3.5, 1.75, 8.6875], "texture": "#3"},
				"south": {"uv": [1.75, 3.5, 2, 8.6875], "texture": "#3"},
				"west": {"uv": [3.75, 0, 4, 5.1875], "texture": "#3"},
				"up": {"uv": [4.25, 0.25, 4, 0], "texture": "#3"},
				"down": {"uv": [4.25, 0.25, 4, 0.5], "texture": "#3"}
			}
		},
		{
			"from": [-7.94, 3.2, -11.2],
			"to": [-7.94, 25.6, 1.4],
			"rotation": {"angle": 0, "axis": "y", "origin": [-8, 0, -10.6]},
			"faces": {
				"north": {"uv": [0, 0, 0, 3.5], "texture": "#3"},
				"east": {"uv": [0, 0, 2, 3.5], "texture": "#3"},
				"south": {"uv": [0, 0, 0, 3.5], "texture": "#3"},
				"west": {"uv": [0, 0, 2, 3.5], "texture": "#3"},
				"up": {"uv": [0, 2, 0, 0], "texture": "#3"},
				"down": {"uv": [0, 0, 0, 2], "texture": "#3"}
			}
		},
		{
			"from": [-9.42, 3.2, -11.2],
			"to": [-9.42, 25.6, 1.4],
			"rotation": {"angle": 0, "axis": "y", "origin": [-9.48, 0, -10.6]},
			"faces": {
				"north": {"uv": [0, 0, 0, 3.5], "texture": "#3"},
				"east": {"uv": [0, 0, 2, 3.5], "texture": "#3"},
				"south": {"uv": [0, 0, 0, 3.5], "texture": "#3"},
				"west": {"uv": [0, 0, 2, 3.5], "texture": "#3"},
				"up": {"uv": [0, 2, 0, 0], "texture": "#3"},
				"down": {"uv": [0, 0, 0, 2], "texture": "#3"}
			}
		},
		{
			"from": [-6.34, 3.2, -11.2],
			"to": [-6.34, 25.6, 1.4],
			"rotation": {"angle": 0, "axis": "y", "origin": [-6.4, 0, -10.6]},
			"faces": {
				"north": {"uv": [0, 0, 0, 3.5], "texture": "#3"},
				"east": {"uv": [0, 0, 2, 3.5], "texture": "#3"},
				"south": {"uv": [0, 0, 0, 3.5], "texture": "#3"},
				"west": {"uv": [0, 0, 2, 3.5], "texture": "#3"},
				"up": {"uv": [0, 2, 0, 0], "texture": "#3"},
				"down": {"uv": [0, 0, 0, 2], "texture": "#3"}
			}
		},
		{
			"from": [-4.74, 3.2, -11.2],
			"to": [-4.74, 25.6, 1.4],
			"rotation": {"angle": 0, "axis": "y", "origin": [-4.8, 0, -10.6]},
			"faces": {
				"north": {"uv": [0, 0, 0, 3.5], "texture": "#3"},
				"east": {"uv": [0, 0, 2, 3.5], "texture": "#3"},
				"south": {"uv": [0, 0, 0, 3.5], "texture": "#3"},
				"west": {"uv": [0, 0, 2, 3.5], "texture": "#3"},
				"up": {"uv": [0, 2, 0, 0], "texture": "#3"},
				"down": {"uv": [0, 0, 0, 2], "texture": "#3"}
			}
		},
		{
			"from": [-3.14, 3.2, -11.2],
			"to": [-3.14, 25.6, 1.4],
			"rotation": {"angle": 0, "axis": "y", "origin": [-3.2, 0, -10.6]},
			"faces": {
				"north": {"uv": [0, 0, 0, 3.5], "texture": "#3"},
				"east": {"uv": [0, 0, 2, 3.5], "texture": "#3"},
				"south": {"uv": [0, 0, 0, 3.5], "texture": "#3"},
				"west": {"uv": [0, 0, 2, 3.5], "texture": "#3"},
				"up": {"uv": [0, 2, 0, 0], "texture": "#3"},
				"down": {"uv": [0, 0, 0, 2], "texture": "#3"}
			}
		},
		{
			"from": [-1.54, 3.2, -11.2],
			"to": [-1.54, 25.6, 1.4],
			"rotation": {"angle": 0, "axis": "y", "origin": [-1.6, 0, -10.6]},
			"faces": {
				"north": {"uv": [0, 0, 0, 3.5], "texture": "#3"},
				"east": {"uv": [0, 0, 2, 3.5], "texture": "#3"},
				"south": {"uv": [0, 0, 0, 3.5], "texture": "#3"},
				"west": {"uv": [0, 0, 2, 3.5], "texture": "#3"},
				"up": {"uv": [0, 2, 0, 0], "texture": "#3"},
				"down": {"uv": [0, 0, 0, 2], "texture": "#3"}
			}
		},
		{
			"from": [-0.08, 3.2, -11.2],
			"to": [-0.08, 25.6, 1.4],
			"rotation": {"angle": 0, "axis": "y", "origin": [-0.14, 0, -10.6]},
			"faces": {
				"north": {"uv": [0, 0, 0, 3.5], "texture": "#3"},
				"east": {"uv": [0, 0, 2, 3.5], "texture": "#3"},
				"south": {"uv": [0, 0, 0, 3.5], "texture": "#3"},
				"west": {"uv": [0, 0, 2, 3.5], "texture": "#3"},
				"up": {"uv": [0, 2, 0, 0], "texture": "#3"},
				"down": {"uv": [0, 0, 0, 2], "texture": "#3"}
			}
		},
		{
			"from": [-11.05, 3.2, -1.71],
			"to": [1.55, 25.6, -1.71],
			"rotation": {"angle": 0, "axis": "y", "origin": [-4.75, 14.4, -4.9]},
			"faces": {
				"north": {"uv": [0, 0, 2, 3.5], "texture": "#3"},
				"east": {"uv": [0, 0, 0, 3.5], "texture": "#3"},
				"south": {"uv": [0, 0, 2, 3.5], "texture": "#3"},
				"west": {"uv": [0, 0, 0, 3.5], "texture": "#3"},
				"up": {"uv": [0, 2, 0, 0], "texture": "#3"},
				"down": {"uv": [0, 0, 0, 2], "texture": "#3"}
			}
		},
		{
			"from": [-11.05, 3.2, -0.23],
			"to": [1.55, 25.6, -0.23],
			"rotation": {"angle": 0, "axis": "y", "origin": [-4.75, 14.4, -4.9]},
			"faces": {
				"north": {"uv": [0, 0, 2, 3.5], "texture": "#3"},
				"east": {"uv": [0, 0, 0, 3.5], "texture": "#3"},
				"south": {"uv": [0, 0, 2, 3.5], "texture": "#3"},
				"west": {"uv": [0, 0, 0, 3.5], "texture": "#3"},
				"up": {"uv": [0, 2, 0, 0], "texture": "#3"},
				"down": {"uv": [0, 0, 0, 2], "texture": "#3"}
			}
		},
		{
			"from": [-11.05, 3.2, -3.31],
			"to": [1.55, 25.6, -3.31],
			"rotation": {"angle": 0, "axis": "y", "origin": [-4.75, 14.4, -4.9]},
			"faces": {
				"north": {"uv": [0, 0, 2, 3.5], "texture": "#3"},
				"east": {"uv": [0, 0, 0, 3.5], "texture": "#3"},
				"south": {"uv": [0, 0, 2, 3.5], "texture": "#3"},
				"west": {"uv": [0, 0, 0, 3.5], "texture": "#3"},
				"up": {"uv": [0, 2, 0, 0], "texture": "#3"},
				"down": {"uv": [0, 0, 0, 2], "texture": "#3"}
			}
		},
		{
			"from": [-11.05, 3.2, -4.91],
			"to": [1.55, 25.6, -4.91],
			"rotation": {"angle": 0, "axis": "y", "origin": [-4.75, 14.4, -4.9]},
			"faces": {
				"north": {"uv": [0, 0, 2, 3.5], "texture": "#3"},
				"east": {"uv": [0, 0, 0, 3.5], "texture": "#3"},
				"south": {"uv": [0, 0, 2, 3.5], "texture": "#3"},
				"west": {"uv": [0, 0, 0, 3.5], "texture": "#3"},
				"up": {"uv": [0, 2, 0, 0], "texture": "#3"},
				"down": {"uv": [0, 0, 0, 2], "texture": "#3"}
			}
		},
		{
			"from": [-11.05, 3.2, -6.51],
			"to": [1.55, 25.6, -6.51],
			"rotation": {"angle": 0, "axis": "y", "origin": [-4.75, 14.4, -4.9]},
			"faces": {
				"north": {"uv": [0, 0, 2, 3.5], "texture": "#3"},
				"east": {"uv": [0, 0, 0, 3.5], "texture": "#3"},
				"south": {"uv": [0, 0, 2, 3.5], "texture": "#3"},
				"west": {"uv": [0, 0, 0, 3.5], "texture": "#3"},
				"up": {"uv": [0, 2, 0, 0], "texture": "#3"},
				"down": {"uv": [0, 0, 0, 2], "texture": "#3"}
			}
		},
		{
			"from": [-11.05, 3.2, -8.11],
			"to": [1.55, 25.6, -8.11],
			"rotation": {"angle": 0, "axis": "y", "origin": [-4.75, 14.4, -4.9]},
			"faces": {
				"north": {"uv": [0, 0, 2, 3.5], "texture": "#3"},
				"east": {"uv": [0, 0, 0, 3.5], "texture": "#3"},
				"south": {"uv": [0, 0, 2, 3.5], "texture": "#3"},
				"west": {"uv": [0, 0, 0, 3.5], "texture": "#3"},
				"up": {"uv": [0, 2, 0, 0], "texture": "#3"},
				"down": {"uv": [0, 0, 0, 2], "texture": "#3"}
			}
		},
		{
			"from": [-11.05, 3.2, -9.57],
			"to": [1.55, 25.6, -9.57],
			"rotation": {"angle": 0, "axis": "y", "origin": [-4.75, 14.4, -4.9]},
			"faces": {
				"north": {"uv": [0, 0, 2, 3.5], "texture": "#3"},
				"east": {"uv": [0, 0, 0, 3.5], "texture": "#3"},
				"south": {"uv": [0, 0, 2, 3.5], "texture": "#3"},
				"west": {"uv": [0, 0, 0, 3.5], "texture": "#3"},
				"up": {"uv": [0, 2, 0, 0], "texture": "#3"},
				"down": {"uv": [0, 0, 0, 2], "texture": "#3"}
			}
		},
		{
			"from": [-11.05, 3.2, -9.57],
			"to": [1.55, 25.6, -9.57],
			"rotation": {"angle": 0, "axis": "y", "origin": [-4.75, 14.4, -4.9]},
			"faces": {
				"north": {"uv": [0, 0, 2, 3.5], "texture": "#3"},
				"east": {"uv": [0, 0, 0, 3.5], "texture": "#3"},
				"south": {"uv": [0, 0, 2, 3.5], "texture": "#3"},
				"west": {"uv": [0, 0, 0, 3.5], "texture": "#3"},
				"up": {"uv": [0, 2, 0, 0], "texture": "#3"},
				"down": {"uv": [0, 0, 0, 2], "texture": "#3"}
			}
		},
		{
			"from": [-7.94, 3.2, -11.2],
			"to": [-7.94, 25.6, 1.4],
			"rotation": {"angle": 0, "axis": "y", "origin": [-4.75, 14.4, -4.9]},
			"faces": {
				"north": {"uv": [0, 0, 0, 3.5], "texture": "#3"},
				"east": {"uv": [0, 0, 2, 3.5], "texture": "#3"},
				"south": {"uv": [0, 0, 0, 3.5], "texture": "#3"},
				"west": {"uv": [0, 0, 2, 3.5], "texture": "#3"},
				"up": {"uv": [0, 2, 0, 0], "texture": "#3"},
				"down": {"uv": [0, 0, 0, 2], "texture": "#3"}
			}
		},
		{
			"from": [-9.42, 3.2, -11.2],
			"to": [-9.42, 25.6, 1.4],
			"rotation": {"angle": 0, "axis": "y", "origin": [-4.75, 14.4, -4.9]},
			"faces": {
				"north": {"uv": [0, 0, 0, 3.5], "texture": "#3"},
				"east": {"uv": [0, 0, 2, 3.5], "texture": "#3"},
				"south": {"uv": [0, 0, 0, 3.5], "texture": "#3"},
				"west": {"uv": [0, 0, 2, 3.5], "texture": "#3"},
				"up": {"uv": [0, 2, 0, 0], "texture": "#3"},
				"down": {"uv": [0, 0, 0, 2], "texture": "#3"}
			}
		},
		{
			"from": [-6.34, 3.2, -11.2],
			"to": [-6.34, 25.6, 1.4],
			"rotation": {"angle": 0, "axis": "y", "origin": [-4.75, 14.4, -4.9]},
			"faces": {
				"north": {"uv": [0, 0, 0, 3.5], "texture": "#3"},
				"east": {"uv": [0, 0, 2, 3.5], "texture": "#3"},
				"south": {"uv": [0, 0, 0, 3.5], "texture": "#3"},
				"west": {"uv": [0, 0, 2, 3.5], "texture": "#3"},
				"up": {"uv": [0, 2, 0, 0], "texture": "#3"},
				"down": {"uv": [0, 0, 0, 2], "texture": "#3"}
			}
		},
		{
			"from": [-4.74, 3.2, -11.2],
			"to": [-4.74, 25.6, 1.4],
			"rotation": {"angle": 0, "axis": "y", "origin": [-4.75, 14.4, -4.9]},
			"faces": {
				"north": {"uv": [0, 0, 0, 3.5], "texture": "#3"},
				"east": {"uv": [0, 0, 2, 3.5], "texture": "#3"},
				"south": {"uv": [0, 0, 0, 3.5], "texture": "#3"},
				"west": {"uv": [0, 0, 2, 3.5], "texture": "#3"},
				"up": {"uv": [0, 2, 0, 0], "texture": "#3"},
				"down": {"uv": [0, 0, 0, 2], "texture": "#3"}
			}
		},
		{
			"from": [-3.14, 3.2, -11.2],
			"to": [-3.14, 25.6, 1.4],
			"rotation": {"angle": 0, "axis": "y", "origin": [-4.75, 14.4, -4.9]},
			"faces": {
				"north": {"uv": [0, 0, 0, 3.5], "texture": "#3"},
				"east": {"uv": [0, 0, 2, 3.5], "texture": "#3"},
				"south": {"uv": [0, 0, 0, 3.5], "texture": "#3"},
				"west": {"uv": [0, 0, 2, 3.5], "texture": "#3"},
				"up": {"uv": [0, 2, 0, 0], "texture": "#3"},
				"down": {"uv": [0, 0, 0, 2], "texture": "#3"}
			}
		},
		{
			"from": [-1.54, 3.2, -11.2],
			"to": [-1.54, 25.6, 1.4],
			"rotation": {"angle": 0, "axis": "y", "origin": [-4.75, 14.4, -4.9]},
			"faces": {
				"north": {"uv": [0, 0, 0, 3.5], "texture": "#3"},
				"east": {"uv": [0, 0, 2, 3.5], "texture": "#3"},
				"south": {"uv": [0, 0, 0, 3.5], "texture": "#3"},
				"west": {"uv": [0, 0, 2, 3.5], "texture": "#3"},
				"up": {"uv": [0, 2, 0, 0], "texture": "#3"},
				"down": {"uv": [0, 0, 0, 2], "texture": "#3"}
			}
		},
		{
			"from": [-0.08, 3.2, -11.2],
			"to": [-0.08, 25.6, 1.4],
			"rotation": {"angle": 0, "axis": "y", "origin": [-4.75, 14.4, -4.9]},
			"faces": {
				"north": {"uv": [0, 0, 0, 3.5], "texture": "#3"},
				"east": {"uv": [0, 0, 2, 3.5], "texture": "#3"},
				"south": {"uv": [0, 0, 0, 3.5], "texture": "#3"},
				"west": {"uv": [0, 0, 2, 3.5], "texture": "#3"},
				"up": {"uv": [0, 2, 0, 0], "texture": "#3"},
				"down": {"uv": [0, 0, 0, 2], "texture": "#3"}
			}
		},
		{
			"from": [-11.05, 3.2, -1.71],
			"to": [1.55, 25.6, -1.71],
			"rotation": {"angle": 0, "axis": "y", "origin": [-4.75, 14.4, -4.9]},
			"faces": {
				"north": {"uv": [0, 0, 2, 3.5], "texture": "#3"},
				"east": {"uv": [0, 0, 0, 3.5], "texture": "#3"},
				"south": {"uv": [0, 0, 2, 3.5], "texture": "#3"},
				"west": {"uv": [0, 0, 0, 3.5], "texture": "#3"},
				"up": {"uv": [0, 2, 0, 0], "texture": "#3"},
				"down": {"uv": [0, 0, 0, 2], "texture": "#3"}
			}
		},
		{
			"from": [-11.05, 3.2, -0.23],
			"to": [1.55, 25.6, -0.23],
			"rotation": {"angle": 0, "axis": "y", "origin": [-4.75, 14.4, -4.9]},
			"faces": {
				"north": {"uv": [0, 0, 2, 3.5], "texture": "#3"},
				"east": {"uv": [0, 0, 0, 3.5], "texture": "#3"},
				"south": {"uv": [0, 0, 2, 3.5], "texture": "#3"},
				"west": {"uv": [0, 0, 0, 3.5], "texture": "#3"},
				"up": {"uv": [0, 2, 0, 0], "texture": "#3"},
				"down": {"uv": [0, 0, 0, 2], "texture": "#3"}
			}
		},
		{
			"from": [-11.05, 3.2, -3.31],
			"to": [1.55, 25.6, -3.31],
			"rotation": {"angle": 0, "axis": "y", "origin": [-4.75, 14.4, -4.9]},
			"faces": {
				"north": {"uv": [0, 0, 2, 3.5], "texture": "#3"},
				"east": {"uv": [0, 0, 0, 3.5], "texture": "#3"},
				"south": {"uv": [0, 0, 2, 3.5], "texture": "#3"},
				"west": {"uv": [0, 0, 0, 3.5], "texture": "#3"},
				"up": {"uv": [0, 2, 0, 0], "texture": "#3"},
				"down": {"uv": [0, 0, 0, 2], "texture": "#3"}
			}
		},
		{
			"from": [-11.05, 3.2, -4.91],
			"to": [1.55, 25.6, -4.91],
			"rotation": {"angle": 0, "axis": "y", "origin": [-4.75, 14.4, -4.9]},
			"faces": {
				"north": {"uv": [0, 0, 2, 3.5], "texture": "#3"},
				"east": {"uv": [0, 0, 0, 3.5], "texture": "#3"},
				"south": {"uv": [0, 0, 2, 3.5], "texture": "#3"},
				"west": {"uv": [0, 0, 0, 3.5], "texture": "#3"},
				"up": {"uv": [0, 2, 0, 0], "texture": "#3"},
				"down": {"uv": [0, 0, 0, 2], "texture": "#3"}
			}
		},
		{
			"from": [-11.05, 3.2, -6.51],
			"to": [1.55, 25.6, -6.51],
			"rotation": {"angle": 0, "axis": "y", "origin": [-4.75, 14.4, -4.9]},
			"faces": {
				"north": {"uv": [0, 0, 2, 3.5], "texture": "#3"},
				"east": {"uv": [0, 0, 0, 3.5], "texture": "#3"},
				"south": {"uv": [0, 0, 2, 3.5], "texture": "#3"},
				"west": {"uv": [0, 0, 0, 3.5], "texture": "#3"},
				"up": {"uv": [0, 2, 0, 0], "texture": "#3"},
				"down": {"uv": [0, 0, 0, 2], "texture": "#3"}
			}
		},
		{
			"from": [-11.05, 3.2, -8.11],
			"to": [1.55, 25.6, -8.11],
			"rotation": {"angle": 0, "axis": "y", "origin": [-4.75, 14.4, -4.9]},
			"faces": {
				"north": {"uv": [0, 0, 2, 3.5], "texture": "#3"},
				"east": {"uv": [0, 0, 0, 3.5], "texture": "#3"},
				"south": {"uv": [0, 0, 2, 3.5], "texture": "#3"},
				"west": {"uv": [0, 0, 0, 3.5], "texture": "#3"},
				"up": {"uv": [0, 2, 0, 0], "texture": "#3"},
				"down": {"uv": [0, 0, 0, 2], "texture": "#3"}
			}
		},
		{
			"from": [-9.6, 4, 15.8],
			"to": [0, 24.78, 25.4],
			"rotation": {"angle": 0, "axis": "y", "origin": [-4.75, 14.395, 5.515]},
			"faces": {
				"north": {"uv": [2, 0, 3.5, 3.25], "texture": "#3"},
				"east": {"uv": [2, 0, 3.5, 3.25], "texture": "#3"},
				"south": {"uv": [2, 0, 3.5, 3.25], "texture": "#3"},
				"west": {"uv": [2, 0, 3.5, 3.25], "texture": "#3"},
				"up": {"uv": [3.5, 4.75, 2, 3.25], "texture": "#3"},
				"down": {"uv": [1.5, 3.5, 0, 5], "texture": "#3"}
			}
		},
		{
			"from": [-7.94, 3.2, -11.2],
			"to": [-7.94, 25.6, 1.4],
			"rotation": {"angle": 0, "axis": "y", "origin": [-4.75, 14.395, 5.515]},
			"faces": {
				"north": {"uv": [0, 0, 0, 3.5], "texture": "#3"},
				"east": {"uv": [0, 0, 2, 3.5], "texture": "#3"},
				"south": {"uv": [0, 0, 0, 3.5], "texture": "#3"},
				"west": {"uv": [0, 0, 2, 3.5], "texture": "#3"},
				"up": {"uv": [0, 2, 0, 0], "texture": "#3"},
				"down": {"uv": [0, 0, 0, 2], "texture": "#3"}
			}
		},
		{
			"from": [-9.42, 3.2, -11.2],
			"to": [-9.42, 25.6, 1.4],
			"rotation": {"angle": 0, "axis": "y", "origin": [-4.75, 14.395, 5.515]},
			"faces": {
				"north": {"uv": [0, 0, 0, 3.5], "texture": "#3"},
				"east": {"uv": [0, 0, 2, 3.5], "texture": "#3"},
				"south": {"uv": [0, 0, 0, 3.5], "texture": "#3"},
				"west": {"uv": [0, 0, 2, 3.5], "texture": "#3"},
				"up": {"uv": [0, 2, 0, 0], "texture": "#3"},
				"down": {"uv": [0, 0, 0, 2], "texture": "#3"}
			}
		},
		{
			"from": [-6.34, 3.2, -11.2],
			"to": [-6.34, 25.6, 1.4],
			"rotation": {"angle": 0, "axis": "y", "origin": [-4.75, 14.395, 5.515]},
			"faces": {
				"north": {"uv": [0, 0, 0, 3.5], "texture": "#3"},
				"east": {"uv": [0, 0, 2, 3.5], "texture": "#3"},
				"south": {"uv": [0, 0, 0, 3.5], "texture": "#3"},
				"west": {"uv": [0, 0, 2, 3.5], "texture": "#3"},
				"up": {"uv": [0, 2, 0, 0], "texture": "#3"},
				"down": {"uv": [0, 0, 0, 2], "texture": "#3"}
			}
		},
		{
			"from": [-4.74, 3.2, -11.2],
			"to": [-4.74, 25.6, 1.4],
			"rotation": {"angle": 0, "axis": "y", "origin": [-4.75, 14.395, 5.515]},
			"faces": {
				"north": {"uv": [0, 0, 0, 3.5], "texture": "#3"},
				"east": {"uv": [0, 0, 2, 3.5], "texture": "#3"},
				"south": {"uv": [0, 0, 0, 3.5], "texture": "#3"},
				"west": {"uv": [0, 0, 2, 3.5], "texture": "#3"},
				"up": {"uv": [0, 2, 0, 0], "texture": "#3"},
				"down": {"uv": [0, 0, 0, 2], "texture": "#3"}
			}
		},
		{
			"from": [-3.14, 3.2, -11.2],
			"to": [-3.14, 25.6, 1.4],
			"rotation": {"angle": 0, "axis": "y", "origin": [-4.75, 14.395, 5.515]},
			"faces": {
				"north": {"uv": [0, 0, 0, 3.5], "texture": "#3"},
				"east": {"uv": [0, 0, 2, 3.5], "texture": "#3"},
				"south": {"uv": [0, 0, 0, 3.5], "texture": "#3"},
				"west": {"uv": [0, 0, 2, 3.5], "texture": "#3"},
				"up": {"uv": [0, 2, 0, 0], "texture": "#3"},
				"down": {"uv": [0, 0, 0, 2], "texture": "#3"}
			}
		},
		{
			"from": [-1.54, 3.2, -11.2],
			"to": [-1.54, 25.6, 1.4],
			"rotation": {"angle": 0, "axis": "y", "origin": [-4.75, 14.395, 5.515]},
			"faces": {
				"north": {"uv": [0, 0, 0, 3.5], "texture": "#3"},
				"east": {"uv": [0, 0, 2, 3.5], "texture": "#3"},
				"south": {"uv": [0, 0, 0, 3.5], "texture": "#3"},
				"west": {"uv": [0, 0, 2, 3.5], "texture": "#3"},
				"up": {"uv": [0, 2, 0, 0], "texture": "#3"},
				"down": {"uv": [0, 0, 0, 2], "texture": "#3"}
			}
		},
		{
			"from": [-0.08, 3.2, -11.2],
			"to": [-0.08, 25.6, 1.4],
			"rotation": {"angle": 0, "axis": "y", "origin": [-4.75, 14.395, 5.515]},
			"faces": {
				"north": {"uv": [0, 0, 0, 3.5], "texture": "#3"},
				"east": {"uv": [0, 0, 2, 3.5], "texture": "#3"},
				"south": {"uv": [0, 0, 0, 3.5], "texture": "#3"},
				"west": {"uv": [0, 0, 2, 3.5], "texture": "#3"},
				"up": {"uv": [0, 2, 0, 0], "texture": "#3"},
				"down": {"uv": [0, 0, 0, 2], "texture": "#3"}
			}
		},
		{
			"from": [-11.05, 3.2, -1.71],
			"to": [1.55, 25.6, -1.71],
			"rotation": {"angle": 0, "axis": "y", "origin": [-4.75, 14.395, 5.515]},
			"faces": {
				"north": {"uv": [0, 0, 2, 3.5], "texture": "#3"},
				"east": {"uv": [0, 0, 0, 3.5], "texture": "#3"},
				"south": {"uv": [0, 0, 2, 3.5], "texture": "#3"},
				"west": {"uv": [0, 0, 0, 3.5], "texture": "#3"},
				"up": {"uv": [0, 2, 0, 0], "texture": "#3"},
				"down": {"uv": [0, 0, 0, 2], "texture": "#3"}
			}
		},
		{
			"from": [-11.05, 3.2, -0.23],
			"to": [1.55, 25.6, -0.23],
			"rotation": {"angle": 0, "axis": "y", "origin": [-4.75, 14.395, 5.515]},
			"faces": {
				"north": {"uv": [0, 0, 2, 3.5], "texture": "#3"},
				"east": {"uv": [0, 0, 0, 3.5], "texture": "#3"},
				"south": {"uv": [0, 0, 2, 3.5], "texture": "#3"},
				"west": {"uv": [0, 0, 0, 3.5], "texture": "#3"},
				"up": {"uv": [0, 2, 0, 0], "texture": "#3"},
				"down": {"uv": [0, 0, 0, 2], "texture": "#3"}
			}
		},
		{
			"from": [-11.05, 3.2, -3.31],
			"to": [1.55, 25.6, -3.31],
			"rotation": {"angle": 0, "axis": "y", "origin": [-4.75, 14.395, 5.515]},
			"faces": {
				"north": {"uv": [0, 0, 2, 3.5], "texture": "#3"},
				"east": {"uv": [0, 0, 0, 3.5], "texture": "#3"},
				"south": {"uv": [0, 0, 2, 3.5], "texture": "#3"},
				"west": {"uv": [0, 0, 0, 3.5], "texture": "#3"},
				"up": {"uv": [0, 2, 0, 0], "texture": "#3"},
				"down": {"uv": [0, 0, 0, 2], "texture": "#3"}
			}
		},
		{
			"from": [-11.05, 3.2, -4.91],
			"to": [1.55, 25.6, -4.91],
			"rotation": {"angle": 0, "axis": "y", "origin": [-4.75, 14.395, 5.515]},
			"faces": {
				"north": {"uv": [0, 0, 2, 3.5], "texture": "#3"},
				"east": {"uv": [0, 0, 0, 3.5], "texture": "#3"},
				"south": {"uv": [0, 0, 2, 3.5], "texture": "#3"},
				"west": {"uv": [0, 0, 0, 3.5], "texture": "#3"},
				"up": {"uv": [0, 2, 0, 0], "texture": "#3"},
				"down": {"uv": [0, 0, 0, 2], "texture": "#3"}
			}
		},
		{
			"from": [-11.05, 3.2, -6.51],
			"to": [1.55, 25.6, -6.51],
			"rotation": {"angle": 0, "axis": "y", "origin": [-4.75, 14.395, 5.515]},
			"faces": {
				"north": {"uv": [0, 0, 2, 3.5], "texture": "#3"},
				"east": {"uv": [0, 0, 0, 3.5], "texture": "#3"},
				"south": {"uv": [0, 0, 2, 3.5], "texture": "#3"},
				"west": {"uv": [0, 0, 0, 3.5], "texture": "#3"},
				"up": {"uv": [0, 2, 0, 0], "texture": "#3"},
				"down": {"uv": [0, 0, 0, 2], "texture": "#3"}
			}
		},
		{
			"from": [-11.05, 3.2, -8.11],
			"to": [1.55, 25.6, -8.11],
			"rotation": {"angle": 0, "axis": "y", "origin": [-4.75, 14.395, 5.515]},
			"faces": {
				"north": {"uv": [0, 0, 2, 3.5], "texture": "#3"},
				"east": {"uv": [0, 0, 0, 3.5], "texture": "#3"},
				"south": {"uv": [0, 0, 2, 3.5], "texture": "#3"},
				"west": {"uv": [0, 0, 0, 3.5], "texture": "#3"},
				"up": {"uv": [0, 2, 0, 0], "texture": "#3"},
				"down": {"uv": [0, 0, 0, 2], "texture": "#3"}
			}
		},
		{
			"from": [-11.05, 3.2, -9.57],
			"to": [1.55, 25.6, -9.57],
			"rotation": {"angle": 0, "axis": "y", "origin": [-4.75, 14.395, 5.515]},
			"faces": {
				"north": {"uv": [0, 0, 2, 3.5], "texture": "#3"},
				"east": {"uv": [0, 0, 0, 3.5], "texture": "#3"},
				"south": {"uv": [0, 0, 2, 3.5], "texture": "#3"},
				"west": {"uv": [0, 0, 0, 3.5], "texture": "#3"},
				"up": {"uv": [0, 2, 0, 0], "texture": "#3"},
				"down": {"uv": [0, 0, 0, 2], "texture": "#3"}
			}
		},
		{
			"from": [-9.6, 4, 15.8],
			"to": [0, 24.78, 25.4],
			"rotation": {"angle": 0, "axis": "y", "origin": [-5.6, 0, 19.8]},
			"faces": {
				"north": {"uv": [2, 0, 3.5, 3.25], "texture": "#3"},
				"east": {"uv": [2, 0, 3.5, 3.25], "texture": "#3"},
				"south": {"uv": [2, 0, 3.5, 3.25], "texture": "#3"},
				"west": {"uv": [2, 0, 3.5, 3.25], "texture": "#3"},
				"up": {"uv": [3.5, 4.75, 2, 3.25], "texture": "#3"},
				"down": {"uv": [1.5, 3.5, 0, 5], "texture": "#3"}
			}
		},
		{
			"from": [-5.6, -12.8, 19.8],
			"to": [-4, 20.3, 21.4],
			"rotation": {"angle": 0, "axis": "y", "origin": [-5.6, 0, 19.8]},
			"faces": {
				"north": {"uv": [3.5, 0, 3.75, 5.1875], "texture": "#3"},
				"east": {"uv": [1.5, 3.5, 1.75, 8.6875], "texture": "#3"},
				"south": {"uv": [1.75, 3.5, 2, 8.6875], "texture": "#3"},
				"west": {"uv": [3.75, 0, 4, 5.1875], "texture": "#3"},
				"up": {"uv": [4.25, 0.25, 4, 0], "texture": "#3"},
				"down": {"uv": [4.25, 0.25, 4, 0.5], "texture": "#3"}
			}
		},
		{
			"from": [-7.94, 3.2, 14.4],
			"to": [-7.94, 25.6, 27],
			"rotation": {"angle": 0, "axis": "y", "origin": [-8, 0, 15]},
			"faces": {
				"north": {"uv": [0, 0, 0, 3.5], "texture": "#3"},
				"east": {"uv": [0, 0, 2, 3.5], "texture": "#3"},
				"south": {"uv": [0, 0, 0, 3.5], "texture": "#3"},
				"west": {"uv": [0, 0, 2, 3.5], "texture": "#3"},
				"up": {"uv": [0, 2, 0, 0], "texture": "#3"},
				"down": {"uv": [0, 0, 0, 2], "texture": "#3"}
			}
		},
		{
			"from": [-9.42, 3.2, 14.4],
			"to": [-9.42, 25.6, 27],
			"rotation": {"angle": 0, "axis": "y", "origin": [-9.48, 0, 15]},
			"faces": {
				"north": {"uv": [0, 0, 0, 3.5], "texture": "#3"},
				"east": {"uv": [0, 0, 2, 3.5], "texture": "#3"},
				"south": {"uv": [0, 0, 0, 3.5], "texture": "#3"},
				"west": {"uv": [0, 0, 2, 3.5], "texture": "#3"},
				"up": {"uv": [0, 2, 0, 0], "texture": "#3"},
				"down": {"uv": [0, 0, 0, 2], "texture": "#3"}
			}
		},
		{
			"from": [-6.34, 3.2, 14.4],
			"to": [-6.34, 25.6, 27],
			"rotation": {"angle": 0, "axis": "y", "origin": [-6.4, 0, 15]},
			"faces": {
				"north": {"uv": [0, 0, 0, 3.5], "texture": "#3"},
				"east": {"uv": [0, 0, 2, 3.5], "texture": "#3"},
				"south": {"uv": [0, 0, 0, 3.5], "texture": "#3"},
				"west": {"uv": [0, 0, 2, 3.5], "texture": "#3"},
				"up": {"uv": [0, 2, 0, 0], "texture": "#3"},
				"down": {"uv": [0, 0, 0, 2], "texture": "#3"}
			}
		},
		{
			"from": [-4.74, 3.2, 14.4],
			"to": [-4.74, 25.6, 27],
			"rotation": {"angle": 0, "axis": "y", "origin": [-4.8, 0, 15]},
			"faces": {
				"north": {"uv": [0, 0, 0, 3.5], "texture": "#3"},
				"east": {"uv": [0, 0, 2, 3.5], "texture": "#3"},
				"south": {"uv": [0, 0, 0, 3.5], "texture": "#3"},
				"west": {"uv": [0, 0, 2, 3.5], "texture": "#3"},
				"up": {"uv": [0, 2, 0, 0], "texture": "#3"},
				"down": {"uv": [0, 0, 0, 2], "texture": "#3"}
			}
		},
		{
			"from": [-3.14, 3.2, 14.4],
			"to": [-3.14, 25.6, 27],
			"rotation": {"angle": 0, "axis": "y", "origin": [-3.2, 0, 15]},
			"faces": {
				"north": {"uv": [0, 0, 0, 3.5], "texture": "#3"},
				"east": {"uv": [0, 0, 2, 3.5], "texture": "#3"},
				"south": {"uv": [0, 0, 0, 3.5], "texture": "#3"},
				"west": {"uv": [0, 0, 2, 3.5], "texture": "#3"},
				"up": {"uv": [0, 2, 0, 0], "texture": "#3"},
				"down": {"uv": [0, 0, 0, 2], "texture": "#3"}
			}
		},
		{
			"from": [-1.54, 3.2, 14.4],
			"to": [-1.54, 25.6, 27],
			"rotation": {"angle": 0, "axis": "y", "origin": [-1.6, 0, 15]},
			"faces": {
				"north": {"uv": [0, 0, 0, 3.5], "texture": "#3"},
				"east": {"uv": [0, 0, 2, 3.5], "texture": "#3"},
				"south": {"uv": [0, 0, 0, 3.5], "texture": "#3"},
				"west": {"uv": [0, 0, 2, 3.5], "texture": "#3"},
				"up": {"uv": [0, 2, 0, 0], "texture": "#3"},
				"down": {"uv": [0, 0, 0, 2], "texture": "#3"}
			}
		},
		{
			"from": [-0.08, 3.2, 14.4],
			"to": [-0.08, 25.6, 27],
			"rotation": {"angle": 0, "axis": "y", "origin": [-0.14, 0, 15]},
			"faces": {
				"north": {"uv": [0, 0, 0, 3.5], "texture": "#3"},
				"east": {"uv": [0, 0, 2, 3.5], "texture": "#3"},
				"south": {"uv": [0, 0, 0, 3.5], "texture": "#3"},
				"west": {"uv": [0, 0, 2, 3.5], "texture": "#3"},
				"up": {"uv": [0, 2, 0, 0], "texture": "#3"},
				"down": {"uv": [0, 0, 0, 2], "texture": "#3"}
			}
		},
		{
			"from": [-11.05, 3.2, 23.89],
			"to": [1.55, 25.6, 23.89],
			"rotation": {"angle": 0, "axis": "y", "origin": [-4.75, 14.4, 20.7]},
			"faces": {
				"north": {"uv": [0, 0, 2, 3.5], "texture": "#3"},
				"east": {"uv": [0, 0, 0, 3.5], "texture": "#3"},
				"south": {"uv": [0, 0, 2, 3.5], "texture": "#3"},
				"west": {"uv": [0, 0, 0, 3.5], "texture": "#3"},
				"up": {"uv": [0, 2, 0, 0], "texture": "#3"},
				"down": {"uv": [0, 0, 0, 2], "texture": "#3"}
			}
		},
		{
			"from": [-11.05, 3.2, 25.37],
			"to": [1.55, 25.6, 25.37],
			"rotation": {"angle": 0, "axis": "y", "origin": [-4.75, 14.4, 20.7]},
			"faces": {
				"north": {"uv": [0, 0, 2, 3.5], "texture": "#3"},
				"east": {"uv": [0, 0, 0, 3.5], "texture": "#3"},
				"south": {"uv": [0, 0, 2, 3.5], "texture": "#3"},
				"west": {"uv": [0, 0, 0, 3.5], "texture": "#3"},
				"up": {"uv": [0, 2, 0, 0], "texture": "#3"},
				"down": {"uv": [0, 0, 0, 2], "texture": "#3"}
			}
		},
		{
			"from": [-11.05, 3.2, 22.29],
			"to": [1.55, 25.6, 22.29],
			"rotation": {"angle": 0, "axis": "y", "origin": [-4.75, 14.4, 20.7]},
			"faces": {
				"north": {"uv": [0, 0, 2, 3.5], "texture": "#3"},
				"east": {"uv": [0, 0, 0, 3.5], "texture": "#3"},
				"south": {"uv": [0, 0, 2, 3.5], "texture": "#3"},
				"west": {"uv": [0, 0, 0, 3.5], "texture": "#3"},
				"up": {"uv": [0, 2, 0, 0], "texture": "#3"},
				"down": {"uv": [0, 0, 0, 2], "texture": "#3"}
			}
		},
		{
			"from": [-11.05, 3.2, 20.69],
			"to": [1.55, 25.6, 20.69],
			"rotation": {"angle": 0, "axis": "y", "origin": [-4.75, 14.4, 20.7]},
			"faces": {
				"north": {"uv": [0, 0, 2, 3.5], "texture": "#3"},
				"east": {"uv": [0, 0, 0, 3.5], "texture": "#3"},
				"south": {"uv": [0, 0, 2, 3.5], "texture": "#3"},
				"west": {"uv": [0, 0, 0, 3.5], "texture": "#3"},
				"up": {"uv": [0, 2, 0, 0], "texture": "#3"},
				"down": {"uv": [0, 0, 0, 2], "texture": "#3"}
			}
		},
		{
			"from": [-11.05, 3.2, 19.09],
			"to": [1.55, 25.6, 19.09],
			"rotation": {"angle": 0, "axis": "y", "origin": [-4.75, 14.4, 20.7]},
			"faces": {
				"north": {"uv": [0, 0, 2, 3.5], "texture": "#3"},
				"east": {"uv": [0, 0, 0, 3.5], "texture": "#3"},
				"south": {"uv": [0, 0, 2, 3.5], "texture": "#3"},
				"west": {"uv": [0, 0, 0, 3.5], "texture": "#3"},
				"up": {"uv": [0, 2, 0, 0], "texture": "#3"},
				"down": {"uv": [0, 0, 0, 2], "texture": "#3"}
			}
		},
		{
			"from": [-11.05, 3.2, 17.49],
			"to": [1.55, 25.6, 17.49],
			"rotation": {"angle": 0, "axis": "y", "origin": [-4.75, 14.4, 20.7]},
			"faces": {
				"north": {"uv": [0, 0, 2, 3.5], "texture": "#3"},
				"east": {"uv": [0, 0, 0, 3.5], "texture": "#3"},
				"south": {"uv": [0, 0, 2, 3.5], "texture": "#3"},
				"west": {"uv": [0, 0, 0, 3.5], "texture": "#3"},
				"up": {"uv": [0, 2, 0, 0], "texture": "#3"},
				"down": {"uv": [0, 0, 0, 2], "texture": "#3"}
			}
		},
		{
			"from": [-11.05, 3.2, 16.03],
			"to": [1.55, 25.6, 16.03],
			"rotation": {"angle": 0, "axis": "y", "origin": [-4.75, 14.4, 20.7]},
			"faces": {
				"north": {"uv": [0, 0, 2, 3.5], "texture": "#3"},
				"east": {"uv": [0, 0, 0, 3.5], "texture": "#3"},
				"south": {"uv": [0, 0, 2, 3.5], "texture": "#3"},
				"west": {"uv": [0, 0, 0, 3.5], "texture": "#3"},
				"up": {"uv": [0, 2, 0, 0], "texture": "#3"},
				"down": {"uv": [0, 0, 0, 2], "texture": "#3"}
			}
		},
		{
			"from": [16, 4, -9.8],
			"to": [25.6, 24.78, -0.2],
			"rotation": {"angle": 0, "axis": "y", "origin": [20, 0, -5.8]},
			"faces": {
				"north": {"uv": [2, 0, 3.5, 3.25], "texture": "#3"},
				"east": {"uv": [2, 0, 3.5, 3.25], "texture": "#3"},
				"south": {"uv": [2, 0, 3.5, 3.25], "texture": "#3"},
				"west": {"uv": [2, 0, 3.5, 3.25], "texture": "#3"},
				"up": {"uv": [3.5, 4.75, 2, 3.25], "texture": "#3"},
				"down": {"uv": [1.5, 3.5, 0, 5], "texture": "#3"}
			}
		},
		{
			"from": [20, -12.8, -5.8],
			"to": [21.6, 20.3, -4.2],
			"rotation": {"angle": 0, "axis": "y", "origin": [20, 0, -5.8]},
			"faces": {
				"north": {"uv": [3.5, 0, 3.75, 5.1875], "texture": "#3"},
				"east": {"uv": [1.5, 3.5, 1.75, 8.6875], "texture": "#3"},
				"south": {"uv": [1.75, 3.5, 2, 8.6875], "texture": "#3"},
				"west": {"uv": [3.75, 0, 4, 5.1875], "texture": "#3"},
				"up": {"uv": [4.25, 0.25, 4, 0], "texture": "#3"},
				"down": {"uv": [4.25, 0.25, 4, 0.5], "texture": "#3"}
			}
		},
		{
			"from": [17.66, 3.2, -11.2],
			"to": [17.66, 25.6, 1.4],
			"rotation": {"angle": 0, "axis": "y", "origin": [17.6, 0, -10.6]},
			"faces": {
				"north": {"uv": [0, 0, 0, 3.5], "texture": "#3"},
				"east": {"uv": [0, 0, 2, 3.5], "texture": "#3"},
				"south": {"uv": [0, 0, 0, 3.5], "texture": "#3"},
				"west": {"uv": [0, 0, 2, 3.5], "texture": "#3"},
				"up": {"uv": [0, 2, 0, 0], "texture": "#3"},
				"down": {"uv": [0, 0, 0, 2], "texture": "#3"}
			}
		},
		{
			"from": [16.18, 3.2, -11.2],
			"to": [16.18, 25.6, 1.4],
			"rotation": {"angle": 0, "axis": "y", "origin": [16.12, 0, -10.6]},
			"faces": {
				"north": {"uv": [0, 0, 0, 3.5], "texture": "#3"},
				"east": {"uv": [0, 0, 2, 3.5], "texture": "#3"},
				"south": {"uv": [0, 0, 0, 3.5], "texture": "#3"},
				"west": {"uv": [0, 0, 2, 3.5], "texture": "#3"},
				"up": {"uv": [0, 2, 0, 0], "texture": "#3"},
				"down": {"uv": [0, 0, 0, 2], "texture": "#3"}
			}
		},
		{
			"from": [19.26, 3.2, -11.2],
			"to": [19.26, 25.6, 1.4],
			"rotation": {"angle": 0, "axis": "y", "origin": [19.2, 0, -10.6]},
			"faces": {
				"north": {"uv": [0, 0, 0, 3.5], "texture": "#3"},
				"east": {"uv": [0, 0, 2, 3.5], "texture": "#3"},
				"south": {"uv": [0, 0, 0, 3.5], "texture": "#3"},
				"west": {"uv": [0, 0, 2, 3.5], "texture": "#3"},
				"up": {"uv": [0, 2, 0, 0], "texture": "#3"},
				"down": {"uv": [0, 0, 0, 2], "texture": "#3"}
			}
		},
		{
			"from": [20.86, 3.2, -11.2],
			"to": [20.86, 25.6, 1.4],
			"rotation": {"angle": 0, "axis": "y", "origin": [20.8, 0, -10.6]},
			"faces": {
				"north": {"uv": [0, 0, 0, 3.5], "texture": "#3"},
				"east": {"uv": [0, 0, 2, 3.5], "texture": "#3"},
				"south": {"uv": [0, 0, 0, 3.5], "texture": "#3"},
				"west": {"uv": [0, 0, 2, 3.5], "texture": "#3"},
				"up": {"uv": [0, 2, 0, 0], "texture": "#3"},
				"down": {"uv": [0, 0, 0, 2], "texture": "#3"}
			}
		},
		{
			"from": [22.46, 3.2, -11.2],
			"to": [22.46, 25.6, 1.4],
			"rotation": {"angle": 0, "axis": "y", "origin": [22.4, 0, -10.6]},
			"faces": {
				"north": {"uv": [0, 0, 0, 3.5], "texture": "#3"},
				"east": {"uv": [0, 0, 2, 3.5], "texture": "#3"},
				"south": {"uv": [0, 0, 0, 3.5], "texture": "#3"},
				"west": {"uv": [0, 0, 2, 3.5], "texture": "#3"},
				"up": {"uv": [0, 2, 0, 0], "texture": "#3"},
				"down": {"uv": [0, 0, 0, 2], "texture": "#3"}
			}
		},
		{
			"from": [24.06, 3.2, -11.2],
			"to": [24.06, 25.6, 1.4],
			"rotation": {"angle": 0, "axis": "y", "origin": [24, 0, -10.6]},
			"faces": {
				"north": {"uv": [0, 0, 0, 3.5], "texture": "#3"},
				"east": {"uv": [0, 0, 2, 3.5], "texture": "#3"},
				"south": {"uv": [0, 0, 0, 3.5], "texture": "#3"},
				"west": {"uv": [0, 0, 2, 3.5], "texture": "#3"},
				"up": {"uv": [0, 2, 0, 0], "texture": "#3"},
				"down": {"uv": [0, 0, 0, 2], "texture": "#3"}
			}
		},
		{
			"from": [25.52, 3.2, -11.2],
			"to": [25.52, 25.6, 1.4],
			"rotation": {"angle": 0, "axis": "y", "origin": [25.46, 0, -10.6]},
			"faces": {
				"north": {"uv": [0, 0, 0, 3.5], "texture": "#3"},
				"east": {"uv": [0, 0, 2, 3.5], "texture": "#3"},
				"south": {"uv": [0, 0, 0, 3.5], "texture": "#3"},
				"west": {"uv": [0, 0, 2, 3.5], "texture": "#3"},
				"up": {"uv": [0, 2, 0, 0], "texture": "#3"},
				"down": {"uv": [0, 0, 0, 2], "texture": "#3"}
			}
		},
		{
			"from": [14.55, 3.2, -1.71],
			"to": [27.15, 25.6, -1.71],
			"rotation": {"angle": 0, "axis": "y", "origin": [20.85, 14.4, -4.9]},
			"faces": {
				"north": {"uv": [0, 0, 2, 3.5], "texture": "#3"},
				"east": {"uv": [0, 0, 0, 3.5], "texture": "#3"},
				"south": {"uv": [0, 0, 2, 3.5], "texture": "#3"},
				"west": {"uv": [0, 0, 0, 3.5], "texture": "#3"},
				"up": {"uv": [0, 2, 0, 0], "texture": "#3"},
				"down": {"uv": [0, 0, 0, 2], "texture": "#3"}
			}
		},
		{
			"from": [14.55, 3.2, -0.23],
			"to": [27.15, 25.6, -0.23],
			"rotation": {"angle": 0, "axis": "y", "origin": [20.85, 14.4, -4.9]},
			"faces": {
				"north": {"uv": [0, 0, 2, 3.5], "texture": "#3"},
				"east": {"uv": [0, 0, 0, 3.5], "texture": "#3"},
				"south": {"uv": [0, 0, 2, 3.5], "texture": "#3"},
				"west": {"uv": [0, 0, 0, 3.5], "texture": "#3"},
				"up": {"uv": [0, 2, 0, 0], "texture": "#3"},
				"down": {"uv": [0, 0, 0, 2], "texture": "#3"}
			}
		},
		{
			"from": [14.55, 3.2, -3.31],
			"to": [27.15, 25.6, -3.31],
			"rotation": {"angle": 0, "axis": "y", "origin": [20.85, 14.4, -4.9]},
			"faces": {
				"north": {"uv": [0, 0, 2, 3.5], "texture": "#3"},
				"east": {"uv": [0, 0, 0, 3.5], "texture": "#3"},
				"south": {"uv": [0, 0, 2, 3.5], "texture": "#3"},
				"west": {"uv": [0, 0, 0, 3.5], "texture": "#3"},
				"up": {"uv": [0, 2, 0, 0], "texture": "#3"},
				"down": {"uv": [0, 0, 0, 2], "texture": "#3"}
			}
		},
		{
			"from": [14.55, 3.2, -4.91],
			"to": [27.15, 25.6, -4.91],
			"rotation": {"angle": 0, "axis": "y", "origin": [20.85, 14.4, -4.9]},
			"faces": {
				"north": {"uv": [0, 0, 2, 3.5], "texture": "#3"},
				"east": {"uv": [0, 0, 0, 3.5], "texture": "#3"},
				"south": {"uv": [0, 0, 2, 3.5], "texture": "#3"},
				"west": {"uv": [0, 0, 0, 3.5], "texture": "#3"},
				"up": {"uv": [0, 2, 0, 0], "texture": "#3"},
				"down": {"uv": [0, 0, 0, 2], "texture": "#3"}
			}
		},
		{
			"from": [14.55, 3.2, -6.51],
			"to": [27.15, 25.6, -6.51],
			"rotation": {"angle": 0, "axis": "y", "origin": [20.85, 14.4, -4.9]},
			"faces": {
				"north": {"uv": [0, 0, 2, 3.5], "texture": "#3"},
				"east": {"uv": [0, 0, 0, 3.5], "texture": "#3"},
				"south": {"uv": [0, 0, 2, 3.5], "texture": "#3"},
				"west": {"uv": [0, 0, 0, 3.5], "texture": "#3"},
				"up": {"uv": [0, 2, 0, 0], "texture": "#3"},
				"down": {"uv": [0, 0, 0, 2], "texture": "#3"}
			}
		},
		{
			"from": [14.55, 3.2, -8.11],
			"to": [27.15, 25.6, -8.11],
			"rotation": {"angle": 0, "axis": "y", "origin": [20.85, 14.4, -4.9]},
			"faces": {
				"north": {"uv": [0, 0, 2, 3.5], "texture": "#3"},
				"east": {"uv": [0, 0, 0, 3.5], "texture": "#3"},
				"south": {"uv": [0, 0, 2, 3.5], "texture": "#3"},
				"west": {"uv": [0, 0, 0, 3.5], "texture": "#3"},
				"up": {"uv": [0, 2, 0, 0], "texture": "#3"},
				"down": {"uv": [0, 0, 0, 2], "texture": "#3"}
			}
		},
		{
			"from": [14.55, 3.2, -9.57],
			"to": [27.15, 25.6, -9.57],
			"rotation": {"angle": 0, "axis": "y", "origin": [20.85, 14.4, -4.9]},
			"faces": {
				"north": {"uv": [0, 0, 2, 3.5], "texture": "#3"},
				"east": {"uv": [0, 0, 0, 3.5], "texture": "#3"},
				"south": {"uv": [0, 0, 2, 3.5], "texture": "#3"},
				"west": {"uv": [0, 0, 0, 3.5], "texture": "#3"},
				"up": {"uv": [0, 2, 0, 0], "texture": "#3"},
				"down": {"uv": [0, 0, 0, 2], "texture": "#3"}
			}
		},
		{
			"from": [14.55, 3.2, -9.57],
			"to": [27.15, 25.6, -9.57],
			"rotation": {"angle": 0, "axis": "y", "origin": [20.85, 14.4, -4.9]},
			"faces": {
				"north": {"uv": [0, 0, 2, 3.5], "texture": "#3"},
				"east": {"uv": [0, 0, 0, 3.5], "texture": "#3"},
				"south": {"uv": [0, 0, 2, 3.5], "texture": "#3"},
				"west": {"uv": [0, 0, 0, 3.5], "texture": "#3"},
				"up": {"uv": [0, 2, 0, 0], "texture": "#3"},
				"down": {"uv": [0, 0, 0, 2], "texture": "#3"}
			}
		},
		{
			"from": [17.66, 3.2, -11.2],
			"to": [17.66, 25.6, 1.4],
			"rotation": {"angle": 0, "axis": "y", "origin": [20.85, 14.4, -4.9]},
			"faces": {
				"north": {"uv": [0, 0, 0, 3.5], "texture": "#3"},
				"east": {"uv": [0, 0, 2, 3.5], "texture": "#3"},
				"south": {"uv": [0, 0, 0, 3.5], "texture": "#3"},
				"west": {"uv": [0, 0, 2, 3.5], "texture": "#3"},
				"up": {"uv": [0, 2, 0, 0], "texture": "#3"},
				"down": {"uv": [0, 0, 0, 2], "texture": "#3"}
			}
		},
		{
			"from": [16.18, 3.2, -11.2],
			"to": [16.18, 25.6, 1.4],
			"rotation": {"angle": 0, "axis": "y", "origin": [20.85, 14.4, -4.9]},
			"faces": {
				"north": {"uv": [0, 0, 0, 3.5], "texture": "#3"},
				"east": {"uv": [0, 0, 2, 3.5], "texture": "#3"},
				"south": {"uv": [0, 0, 0, 3.5], "texture": "#3"},
				"west": {"uv": [0, 0, 2, 3.5], "texture": "#3"},
				"up": {"uv": [0, 2, 0, 0], "texture": "#3"},
				"down": {"uv": [0, 0, 0, 2], "texture": "#3"}
			}
		},
		{
			"from": [19.26, 3.2, -11.2],
			"to": [19.26, 25.6, 1.4],
			"rotation": {"angle": 0, "axis": "y", "origin": [20.85, 14.4, -4.9]},
			"faces": {
				"north": {"uv": [0, 0, 0, 3.5], "texture": "#3"},
				"east": {"uv": [0, 0, 2, 3.5], "texture": "#3"},
				"south": {"uv": [0, 0, 0, 3.5], "texture": "#3"},
				"west": {"uv": [0, 0, 2, 3.5], "texture": "#3"},
				"up": {"uv": [0, 2, 0, 0], "texture": "#3"},
				"down": {"uv": [0, 0, 0, 2], "texture": "#3"}
			}
		},
		{
			"from": [20.86, 3.2, -11.2],
			"to": [20.86, 25.6, 1.4],
			"rotation": {"angle": 0, "axis": "y", "origin": [20.85, 14.4, -4.9]},
			"faces": {
				"north": {"uv": [0, 0, 0, 3.5], "texture": "#3"},
				"east": {"uv": [0, 0, 2, 3.5], "texture": "#3"},
				"south": {"uv": [0, 0, 0, 3.5], "texture": "#3"},
				"west": {"uv": [0, 0, 2, 3.5], "texture": "#3"},
				"up": {"uv": [0, 2, 0, 0], "texture": "#3"},
				"down": {"uv": [0, 0, 0, 2], "texture": "#3"}
			}
		},
		{
			"from": [22.46, 3.2, -11.2],
			"to": [22.46, 25.6, 1.4],
			"rotation": {"angle": 0, "axis": "y", "origin": [20.85, 14.4, -4.9]},
			"faces": {
				"north": {"uv": [0, 0, 0, 3.5], "texture": "#3"},
				"east": {"uv": [0, 0, 2, 3.5], "texture": "#3"},
				"south": {"uv": [0, 0, 0, 3.5], "texture": "#3"},
				"west": {"uv": [0, 0, 2, 3.5], "texture": "#3"},
				"up": {"uv": [0, 2, 0, 0], "texture": "#3"},
				"down": {"uv": [0, 0, 0, 2], "texture": "#3"}
			}
		},
		{
			"from": [24.06, 3.2, -11.2],
			"to": [24.06, 25.6, 1.4],
			"rotation": {"angle": 0, "axis": "y", "origin": [20.85, 14.4, -4.9]},
			"faces": {
				"north": {"uv": [0, 0, 0, 3.5], "texture": "#3"},
				"east": {"uv": [0, 0, 2, 3.5], "texture": "#3"},
				"south": {"uv": [0, 0, 0, 3.5], "texture": "#3"},
				"west": {"uv": [0, 0, 2, 3.5], "texture": "#3"},
				"up": {"uv": [0, 2, 0, 0], "texture": "#3"},
				"down": {"uv": [0, 0, 0, 2], "texture": "#3"}
			}
		},
		{
			"from": [25.52, 3.2, -11.2],
			"to": [25.52, 25.6, 1.4],
			"rotation": {"angle": 0, "axis": "y", "origin": [20.85, 14.4, -4.9]},
			"faces": {
				"north": {"uv": [0, 0, 0, 3.5], "texture": "#3"},
				"east": {"uv": [0, 0, 2, 3.5], "texture": "#3"},
				"south": {"uv": [0, 0, 0, 3.5], "texture": "#3"},
				"west": {"uv": [0, 0, 2, 3.5], "texture": "#3"},
				"up": {"uv": [0, 2, 0, 0], "texture": "#3"},
				"down": {"uv": [0, 0, 0, 2], "texture": "#3"}
			}
		},
		{
			"from": [14.55, 3.2, -1.71],
			"to": [27.15, 25.6, -1.71],
			"rotation": {"angle": 0, "axis": "y", "origin": [20.85, 14.4, -4.9]},
			"faces": {
				"north": {"uv": [0, 0, 2, 3.5], "texture": "#3"},
				"east": {"uv": [0, 0, 0, 3.5], "texture": "#3"},
				"south": {"uv": [0, 0, 2, 3.5], "texture": "#3"},
				"west": {"uv": [0, 0, 0, 3.5], "texture": "#3"},
				"up": {"uv": [0, 2, 0, 0], "texture": "#3"},
				"down": {"uv": [0, 0, 0, 2], "texture": "#3"}
			}
		},
		{
			"from": [14.55, 3.2, -0.23],
			"to": [27.15, 25.6, -0.23],
			"rotation": {"angle": 0, "axis": "y", "origin": [20.85, 14.4, -4.9]},
			"faces": {
				"north": {"uv": [0, 0, 2, 3.5], "texture": "#3"},
				"east": {"uv": [0, 0, 0, 3.5], "texture": "#3"},
				"south": {"uv": [0, 0, 2, 3.5], "texture": "#3"},
				"west": {"uv": [0, 0, 0, 3.5], "texture": "#3"},
				"up": {"uv": [0, 2, 0, 0], "texture": "#3"},
				"down": {"uv": [0, 0, 0, 2], "texture": "#3"}
			}
		},
		{
			"from": [14.55, 3.2, -3.31],
			"to": [27.15, 25.6, -3.31],
			"rotation": {"angle": 0, "axis": "y", "origin": [20.85, 14.4, -4.9]},
			"faces": {
				"north": {"uv": [0, 0, 2, 3.5], "texture": "#3"},
				"east": {"uv": [0, 0, 0, 3.5], "texture": "#3"},
				"south": {"uv": [0, 0, 2, 3.5], "texture": "#3"},
				"west": {"uv": [0, 0, 0, 3.5], "texture": "#3"},
				"up": {"uv": [0, 2, 0, 0], "texture": "#3"},
				"down": {"uv": [0, 0, 0, 2], "texture": "#3"}
			}
		},
		{
			"from": [14.55, 3.2, -4.91],
			"to": [27.15, 25.6, -4.91],
			"rotation": {"angle": 0, "axis": "y", "origin": [20.85, 14.4, -4.9]},
			"faces": {
				"north": {"uv": [0, 0, 2, 3.5], "texture": "#3"},
				"east": {"uv": [0, 0, 0, 3.5], "texture": "#3"},
				"south": {"uv": [0, 0, 2, 3.5], "texture": "#3"},
				"west": {"uv": [0, 0, 0, 3.5], "texture": "#3"},
				"up": {"uv": [0, 2, 0, 0], "texture": "#3"},
				"down": {"uv": [0, 0, 0, 2], "texture": "#3"}
			}
		},
		{
			"from": [14.55, 3.2, -6.51],
			"to": [27.15, 25.6, -6.51],
			"rotation": {"angle": 0, "axis": "y", "origin": [20.85, 14.4, -4.9]},
			"faces": {
				"north": {"uv": [0, 0, 2, 3.5], "texture": "#3"},
				"east": {"uv": [0, 0, 0, 3.5], "texture": "#3"},
				"south": {"uv": [0, 0, 2, 3.5], "texture": "#3"},
				"west": {"uv": [0, 0, 0, 3.5], "texture": "#3"},
				"up": {"uv": [0, 2, 0, 0], "texture": "#3"},
				"down": {"uv": [0, 0, 0, 2], "texture": "#3"}
			}
		},
		{
			"from": [14.55, 3.2, -8.11],
			"to": [27.15, 25.6, -8.11],
			"rotation": {"angle": 0, "axis": "y", "origin": [20.85, 14.4, -4.9]},
			"faces": {
				"north": {"uv": [0, 0, 2, 3.5], "texture": "#3"},
				"east": {"uv": [0, 0, 0, 3.5], "texture": "#3"},
				"south": {"uv": [0, 0, 2, 3.5], "texture": "#3"},
				"west": {"uv": [0, 0, 0, 3.5], "texture": "#3"},
				"up": {"uv": [0, 2, 0, 0], "texture": "#3"},
				"down": {"uv": [0, 0, 0, 2], "texture": "#3"}
			}
		},
		{
			"from": [16, 4, 15.8],
			"to": [25.6, 24.78, 25.4],
			"rotation": {"angle": 0, "axis": "y", "origin": [20.85, 14.395, 5.515]},
			"faces": {
				"north": {"uv": [2, 0, 3.5, 3.25], "texture": "#3"},
				"east": {"uv": [2, 0, 3.5, 3.25], "texture": "#3"},
				"south": {"uv": [2, 0, 3.5, 3.25], "texture": "#3"},
				"west": {"uv": [2, 0, 3.5, 3.25], "texture": "#3"},
				"up": {"uv": [3.5, 4.75, 2, 3.25], "texture": "#3"},
				"down": {"uv": [1.5, 3.5, 0, 5], "texture": "#3"}
			}
		},
		{
			"from": [17.66, 3.2, -11.2],
			"to": [17.66, 25.6, 1.4],
			"rotation": {"angle": 0, "axis": "y", "origin": [20.85, 14.395, 5.515]},
			"faces": {
				"north": {"uv": [0, 0, 0, 3.5], "texture": "#3"},
				"east": {"uv": [0, 0, 2, 3.5], "texture": "#3"},
				"south": {"uv": [0, 0, 0, 3.5], "texture": "#3"},
				"west": {"uv": [0, 0, 2, 3.5], "texture": "#3"},
				"up": {"uv": [0, 2, 0, 0], "texture": "#3"},
				"down": {"uv": [0, 0, 0, 2], "texture": "#3"}
			}
		},
		{
			"from": [16.18, 3.2, -11.2],
			"to": [16.18, 25.6, 1.4],
			"rotation": {"angle": 0, "axis": "y", "origin": [20.85, 14.395, 5.515]},
			"faces": {
				"north": {"uv": [0, 0, 0, 3.5], "texture": "#3"},
				"east": {"uv": [0, 0, 2, 3.5], "texture": "#3"},
				"south": {"uv": [0, 0, 0, 3.5], "texture": "#3"},
				"west": {"uv": [0, 0, 2, 3.5], "texture": "#3"},
				"up": {"uv": [0, 2, 0, 0], "texture": "#3"},
				"down": {"uv": [0, 0, 0, 2], "texture": "#3"}
			}
		},
		{
			"from": [19.26, 3.2, -11.2],
			"to": [19.26, 25.6, 1.4],
			"rotation": {"angle": 0, "axis": "y", "origin": [20.85, 14.395, 5.515]},
			"faces": {
				"north": {"uv": [0, 0, 0, 3.5], "texture": "#3"},
				"east": {"uv": [0, 0, 2, 3.5], "texture": "#3"},
				"south": {"uv": [0, 0, 0, 3.5], "texture": "#3"},
				"west": {"uv": [0, 0, 2, 3.5], "texture": "#3"},
				"up": {"uv": [0, 2, 0, 0], "texture": "#3"},
				"down": {"uv": [0, 0, 0, 2], "texture": "#3"}
			}
		},
		{
			"from": [20.86, 3.2, -11.2],
			"to": [20.86, 25.6, 1.4],
			"rotation": {"angle": 0, "axis": "y", "origin": [20.85, 14.395, 5.515]},
			"faces": {
				"north": {"uv": [0, 0, 0, 3.5], "texture": "#3"},
				"east": {"uv": [0, 0, 2, 3.5], "texture": "#3"},
				"south": {"uv": [0, 0, 0, 3.5], "texture": "#3"},
				"west": {"uv": [0, 0, 2, 3.5], "texture": "#3"},
				"up": {"uv": [0, 2, 0, 0], "texture": "#3"},
				"down": {"uv": [0, 0, 0, 2], "texture": "#3"}
			}
		},
		{
			"from": [22.46, 3.2, -11.2],
			"to": [22.46, 25.6, 1.4],
			"rotation": {"angle": 0, "axis": "y", "origin": [20.85, 14.395, 5.515]},
			"faces": {
				"north": {"uv": [0, 0, 0, 3.5], "texture": "#3"},
				"east": {"uv": [0, 0, 2, 3.5], "texture": "#3"},
				"south": {"uv": [0, 0, 0, 3.5], "texture": "#3"},
				"west": {"uv": [0, 0, 2, 3.5], "texture": "#3"},
				"up": {"uv": [0, 2, 0, 0], "texture": "#3"},
				"down": {"uv": [0, 0, 0, 2], "texture": "#3"}
			}
		},
		{
			"from": [24.06, 3.2, -11.2],
			"to": [24.06, 25.6, 1.4],
			"rotation": {"angle": 0, "axis": "y", "origin": [20.85, 14.395, 5.515]},
			"faces": {
				"north": {"uv": [0, 0, 0, 3.5], "texture": "#3"},
				"east": {"uv": [0, 0, 2, 3.5], "texture": "#3"},
				"south": {"uv": [0, 0, 0, 3.5], "texture": "#3"},
				"west": {"uv": [0, 0, 2, 3.5], "texture": "#3"},
				"up": {"uv": [0, 2, 0, 0], "texture": "#3"},
				"down": {"uv": [0, 0, 0, 2], "texture": "#3"}
			}
		},
		{
			"from": [25.52, 3.2, -11.2],
			"to": [25.52, 25.6, 1.4],
			"rotation": {"angle": 0, "axis": "y", "origin": [20.85, 14.395, 5.515]},
			"faces": {
				"north": {"uv": [0, 0, 0, 3.5], "texture": "#3"},
				"east": {"uv": [0, 0, 2, 3.5], "texture": "#3"},
				"south": {"uv": [0, 0, 0, 3.5], "texture": "#3"},
				"west": {"uv": [0, 0, 2, 3.5], "texture": "#3"},
				"up": {"uv": [0, 2, 0, 0], "texture": "#3"},
				"down": {"uv": [0, 0, 0, 2], "texture": "#3"}
			}
		},
		{
			"from": [14.55, 3.2, -1.71],
			"to": [27.15, 25.6, -1.71],
			"rotation": {"angle": 0, "axis": "y", "origin": [20.85, 14.395, 5.515]},
			"faces": {
				"north": {"uv": [0, 0, 2, 3.5], "texture": "#3"},
				"east": {"uv": [0, 0, 0, 3.5], "texture": "#3"},
				"south": {"uv": [0, 0, 2, 3.5], "texture": "#3"},
				"west": {"uv": [0, 0, 0, 3.5], "texture": "#3"},
				"up": {"uv": [0, 2, 0, 0], "texture": "#3"},
				"down": {"uv": [0, 0, 0, 2], "texture": "#3"}
			}
		},
		{
			"from": [14.55, 3.2, -0.23],
			"to": [27.15, 25.6, -0.23],
			"rotation": {"angle": 0, "axis": "y", "origin": [20.85, 14.395, 5.515]},
			"faces": {
				"north": {"uv": [0, 0, 2, 3.5], "texture": "#3"},
				"east": {"uv": [0, 0, 0, 3.5], "texture": "#3"},
				"south": {"uv": [0, 0, 2, 3.5], "texture": "#3"},
				"west": {"uv": [0, 0, 0, 3.5], "texture": "#3"},
				"up": {"uv": [0, 2, 0, 0], "texture": "#3"},
				"down": {"uv": [0, 0, 0, 2], "texture": "#3"}
			}
		},
		{
			"from": [14.55, 3.2, -3.31],
			"to": [27.15, 25.6, -3.31],
			"rotation": {"angle": 0, "axis": "y", "origin": [20.85, 14.395, 5.515]},
			"faces": {
				"north": {"uv": [0, 0, 2, 3.5], "texture": "#3"},
				"east": {"uv": [0, 0, 0, 3.5], "texture": "#3"},
				"south": {"uv": [0, 0, 2, 3.5], "texture": "#3"},
				"west": {"uv": [0, 0, 0, 3.5], "texture": "#3"},
				"up": {"uv": [0, 2, 0, 0], "texture": "#3"},
				"down": {"uv": [0, 0, 0, 2], "texture": "#3"}
			}
		},
		{
			"from": [14.55, 3.2, -4.91],
			"to": [27.15, 25.6, -4.91],
			"rotation": {"angle": 0, "axis": "y", "origin": [20.85, 14.395, 5.515]},
			"faces": {
				"north": {"uv": [0, 0, 2, 3.5], "texture": "#3"},
				"east": {"uv": [0, 0, 0, 3.5], "texture": "#3"},
				"south": {"uv": [0, 0, 2, 3.5], "texture": "#3"},
				"west": {"uv": [0, 0, 0, 3.5], "texture": "#3"},
				"up": {"uv": [0, 2, 0, 0], "texture": "#3"},
				"down": {"uv": [0, 0, 0, 2], "texture": "#3"}
			}
		},
		{
			"from": [14.55, 3.2, -6.51],
			"to": [27.15, 25.6, -6.51],
			"rotation": {"angle": 0, "axis": "y", "origin": [20.85, 14.395, 5.515]},
			"faces": {
				"north": {"uv": [0, 0, 2, 3.5], "texture": "#3"},
				"east": {"uv": [0, 0, 0, 3.5], "texture": "#3"},
				"south": {"uv": [0, 0, 2, 3.5], "texture": "#3"},
				"west": {"uv": [0, 0, 0, 3.5], "texture": "#3"},
				"up": {"uv": [0, 2, 0, 0], "texture": "#3"},
				"down": {"uv": [0, 0, 0, 2], "texture": "#3"}
			}
		},
		{
			"from": [14.55, 3.2, -8.11],
			"to": [27.15, 25.6, -8.11],
			"rotation": {"angle": 0, "axis": "y", "origin": [20.85, 14.395, 5.515]},
			"faces": {
				"north": {"uv": [0, 0, 2, 3.5], "texture": "#3"},
				"east": {"uv": [0, 0, 0, 3.5], "texture": "#3"},
				"south": {"uv": [0, 0, 2, 3.5], "texture": "#3"},
				"west": {"uv": [0, 0, 0, 3.5], "texture": "#3"},
				"up": {"uv": [0, 2, 0, 0], "texture": "#3"},
				"down": {"uv": [0, 0, 0, 2], "texture": "#3"}
			}
		},
		{
			"from": [14.55, 3.2, -9.57],
			"to": [27.15, 25.6, -9.57],
			"rotation": {"angle": 0, "axis": "y", "origin": [20.85, 14.395, 5.515]},
			"faces": {
				"north": {"uv": [0, 0, 2, 3.5], "texture": "#3"},
				"east": {"uv": [0, 0, 0, 3.5], "texture": "#3"},
				"south": {"uv": [0, 0, 2, 3.5], "texture": "#3"},
				"west": {"uv": [0, 0, 0, 3.5], "texture": "#3"},
				"up": {"uv": [0, 2, 0, 0], "texture": "#3"},
				"down": {"uv": [0, 0, 0, 2], "texture": "#3"}
			}
		},
		{
			"from": [16, 4, 15.8],
			"to": [25.6, 24.78, 25.4],
			"rotation": {"angle": 0, "axis": "y", "origin": [20, 0, 19.8]},
			"faces": {
				"north": {"uv": [2, 0, 3.5, 3.25], "texture": "#3"},
				"east": {"uv": [2, 0, 3.5, 3.25], "texture": "#3"},
				"south": {"uv": [2, 0, 3.5, 3.25], "texture": "#3"},
				"west": {"uv": [2, 0, 3.5, 3.25], "texture": "#3"},
				"up": {"uv": [3.5, 4.75, 2, 3.25], "texture": "#3"},
				"down": {"uv": [1.5, 3.5, 0, 5], "texture": "#3"}
			}
		},
		{
			"from": [20, -12.8, 19.8],
			"to": [21.6, 20.3, 21.4],
			"rotation": {"angle": 0, "axis": "y", "origin": [20, 0, 19.8]},
			"faces": {
				"north": {"uv": [3.5, 0, 3.75, 5.1875], "texture": "#3"},
				"east": {"uv": [1.5, 3.5, 1.75, 8.6875], "texture": "#3"},
				"south": {"uv": [1.75, 3.5, 2, 8.6875], "texture": "#3"},
				"west": {"uv": [3.75, 0, 4, 5.1875], "texture": "#3"},
				"up": {"uv": [4.25, 0.25, 4, 0], "texture": "#3"},
				"down": {"uv": [4.25, 0.25, 4, 0.5], "texture": "#3"}
			}
		},
		{
			"from": [17.66, 3.2, 14.4],
			"to": [17.66, 25.6, 27],
			"rotation": {"angle": 0, "axis": "y", "origin": [17.6, 0, 15]},
			"faces": {
				"north": {"uv": [0, 0, 0, 3.5], "texture": "#3"},
				"east": {"uv": [0, 0, 2, 3.5], "texture": "#3"},
				"south": {"uv": [0, 0, 0, 3.5], "texture": "#3"},
				"west": {"uv": [0, 0, 2, 3.5], "texture": "#3"},
				"up": {"uv": [0, 2, 0, 0], "texture": "#3"},
				"down": {"uv": [0, 0, 0, 2], "texture": "#3"}
			}
		},
		{
			"from": [16.18, 3.2, 14.4],
			"to": [16.18, 25.6, 27],
			"rotation": {"angle": 0, "axis": "y", "origin": [16.12, 0, 15]},
			"faces": {
				"north": {"uv": [0, 0, 0, 3.5], "texture": "#3"},
				"east": {"uv": [0, 0, 2, 3.5], "texture": "#3"},
				"south": {"uv": [0, 0, 0, 3.5], "texture": "#3"},
				"west": {"uv": [0, 0, 2, 3.5], "texture": "#3"},
				"up": {"uv": [0, 2, 0, 0], "texture": "#3"},
				"down": {"uv": [0, 0, 0, 2], "texture": "#3"}
			}
		},
		{
			"from": [19.26, 3.2, 14.4],
			"to": [19.26, 25.6, 27],
			"rotation": {"angle": 0, "axis": "y", "origin": [19.2, 0, 15]},
			"faces": {
				"north": {"uv": [0, 0, 0, 3.5], "texture": "#3"},
				"east": {"uv": [0, 0, 2, 3.5], "texture": "#3"},
				"south": {"uv": [0, 0, 0, 3.5], "texture": "#3"},
				"west": {"uv": [0, 0, 2, 3.5], "texture": "#3"},
				"up": {"uv": [0, 2, 0, 0], "texture": "#3"},
				"down": {"uv": [0, 0, 0, 2], "texture": "#3"}
			}
		},
		{
			"from": [20.86, 3.2, 14.4],
			"to": [20.86, 25.6, 27],
			"rotation": {"angle": 0, "axis": "y", "origin": [20.8, 0, 15]},
			"faces": {
				"north": {"uv": [0, 0, 0, 3.5], "texture": "#3"},
				"east": {"uv": [0, 0, 2, 3.5], "texture": "#3"},
				"south": {"uv": [0, 0, 0, 3.5], "texture": "#3"},
				"west": {"uv": [0, 0, 2, 3.5], "texture": "#3"},
				"up": {"uv": [0, 2, 0, 0], "texture": "#3"},
				"down": {"uv": [0, 0, 0, 2], "texture": "#3"}
			}
		},
		{
			"from": [22.46, 3.2, 14.4],
			"to": [22.46, 25.6, 27],
			"rotation": {"angle": 0, "axis": "y", "origin": [22.4, 0, 15]},
			"faces": {
				"north": {"uv": [0, 0, 0, 3.5], "texture": "#3"},
				"east": {"uv": [0, 0, 2, 3.5], "texture": "#3"},
				"south": {"uv": [0, 0, 0, 3.5], "texture": "#3"},
				"west": {"uv": [0, 0, 2, 3.5], "texture": "#3"},
				"up": {"uv": [0, 2, 0, 0], "texture": "#3"},
				"down": {"uv": [0, 0, 0, 2], "texture": "#3"}
			}
		},
		{
			"from": [24.06, 3.2, 14.4],
			"to": [24.06, 25.6, 27],
			"rotation": {"angle": 0, "axis": "y", "origin": [24, 0, 15]},
			"faces": {
				"north": {"uv": [0, 0, 0, 3.5], "texture": "#3"},
				"east": {"uv": [0, 0, 2, 3.5], "texture": "#3"},
				"south": {"uv": [0, 0, 0, 3.5], "texture": "#3"},
				"west": {"uv": [0, 0, 2, 3.5], "texture": "#3"},
				"up": {"uv": [0, 2, 0, 0], "texture": "#3"},
				"down": {"uv": [0, 0, 0, 2], "texture": "#3"}
			}
		},
		{
			"from": [25.52, 3.2, 14.4],
			"to": [25.52, 25.6, 27],
			"rotation": {"angle": 0, "axis": "y", "origin": [25.46, 0, 15]},
			"faces": {
				"north": {"uv": [0, 0, 0, 3.5], "texture": "#3"},
				"east": {"uv": [0, 0, 2, 3.5], "texture": "#3"},
				"south": {"uv": [0, 0, 0, 3.5], "texture": "#3"},
				"west": {"uv": [0, 0, 2, 3.5], "texture": "#3"},
				"up": {"uv": [0, 2, 0, 0], "texture": "#3"},
				"down": {"uv": [0, 0, 0, 2], "texture": "#3"}
			}
		},
		{
			"from": [14.55, 3.2, 23.89],
			"to": [27.15, 25.6, 23.89],
			"rotation": {"angle": 0, "axis": "y", "origin": [20.85, 14.4, 20.7]},
			"faces": {
				"north": {"uv": [0, 0, 2, 3.5], "texture": "#3"},
				"east": {"uv": [0, 0, 0, 3.5], "texture": "#3"},
				"south": {"uv": [0, 0, 2, 3.5], "texture": "#3"},
				"west": {"uv": [0, 0, 0, 3.5], "texture": "#3"},
				"up": {"uv": [0, 2, 0, 0], "texture": "#3"},
				"down": {"uv": [0, 0, 0, 2], "texture": "#3"}
			}
		},
		{
			"from": [14.55, 3.2, 25.37],
			"to": [27.15, 25.6, 25.37],
			"rotation": {"angle": 0, "axis": "y", "origin": [20.85, 14.4, 20.7]},
			"faces": {
				"north": {"uv": [0, 0, 2, 3.5], "texture": "#3"},
				"east": {"uv": [0, 0, 0, 3.5], "texture": "#3"},
				"south": {"uv": [0, 0, 2, 3.5], "texture": "#3"},
				"west": {"uv": [0, 0, 0, 3.5], "texture": "#3"},
				"up": {"uv": [0, 2, 0, 0], "texture": "#3"},
				"down": {"uv": [0, 0, 0, 2], "texture": "#3"}
			}
		},
		{
			"from": [14.55, 3.2, 22.29],
			"to": [27.15, 25.6, 22.29],
			"rotation": {"angle": 0, "axis": "y", "origin": [20.85, 14.4, 20.7]},
			"faces": {
				"north": {"uv": [0, 0, 2, 3.5], "texture": "#3"},
				"east": {"uv": [0, 0, 0, 3.5], "texture": "#3"},
				"south": {"uv": [0, 0, 2, 3.5], "texture": "#3"},
				"west": {"uv": [0, 0, 0, 3.5], "texture": "#3"},
				"up": {"uv": [0, 2, 0, 0], "texture": "#3"},
				"down": {"uv": [0, 0, 0, 2], "texture": "#3"}
			}
		},
		{
			"from": [14.55, 3.2, 20.69],
			"to": [27.15, 25.6, 20.69],
			"rotation": {"angle": 0, "axis": "y", "origin": [20.85, 14.4, 20.7]},
			"faces": {
				"north": {"uv": [0, 0, 2, 3.5], "texture": "#3"},
				"east": {"uv": [0, 0, 0, 3.5], "texture": "#3"},
				"south": {"uv": [0, 0, 2, 3.5], "texture": "#3"},
				"west": {"uv": [0, 0, 0, 3.5], "texture": "#3"},
				"up": {"uv": [0, 2, 0, 0], "texture": "#3"},
				"down": {"uv": [0, 0, 0, 2], "texture": "#3"}
			}
		},
		{
			"from": [14.55, 3.2, 19.09],
			"to": [27.15, 25.6, 19.09],
			"rotation": {"angle": 0, "axis": "y", "origin": [20.85, 14.4, 20.7]},
			"faces": {
				"north": {"uv": [0, 0, 2, 3.5], "texture": "#3"},
				"east": {"uv": [0, 0, 0, 3.5], "texture": "#3"},
				"south": {"uv": [0, 0, 2, 3.5], "texture": "#3"},
				"west": {"uv": [0, 0, 0, 3.5], "texture": "#3"},
				"up": {"uv": [0, 2, 0, 0], "texture": "#3"},
				"down": {"uv": [0, 0, 0, 2], "texture": "#3"}
			}
		},
		{
			"from": [14.55, 3.2, 17.49],
			"to": [27.15, 25.6, 17.49],
			"rotation": {"angle": 0, "axis": "y", "origin": [20.85, 14.4, 20.7]},
			"faces": {
				"north": {"uv": [0, 0, 2, 3.5], "texture": "#3"},
				"east": {"uv": [0, 0, 0, 3.5], "texture": "#3"},
				"south": {"uv": [0, 0, 2, 3.5], "texture": "#3"},
				"west": {"uv": [0, 0, 0, 3.5], "texture": "#3"},
				"up": {"uv": [0, 2, 0, 0], "texture": "#3"},
				"down": {"uv": [0, 0, 0, 2], "texture": "#3"}
			}
		},
		{
			"from": [14.55, 3.2, 16.03],
			"to": [27.15, 25.6, 16.03],
			"rotation": {"angle": 0, "axis": "y", "origin": [20.85, 14.4, 20.7]},
			"faces": {
				"north": {"uv": [0, 0, 2, 3.5], "texture": "#3"},
				"east": {"uv": [0, 0, 0, 3.5], "texture": "#3"},
				"south": {"uv": [0, 0, 2, 3.5], "texture": "#3"},
				"west": {"uv": [0, 0, 0, 3.5], "texture": "#3"},
				"up": {"uv": [0, 2, 0, 0], "texture": "#3"},
				"down": {"uv": [0, 0, 0, 2], "texture": "#3"}
			}
		}
	],
	"display": {
		"head": {
			"translation": [0, 4, 8.25]
		}
	},
	"groups": [
		{
			"name": "carwash",
			"origin": [-9, 0, -9.25],
			"color": 0,
			"children": [
				0,
				1,
				2,
				3,
				4,
				5,
				6,
				7,
				8,
				9,
				10,
				11,
				12,
				13,
				14,
				15,
				16,
				17,
				18,
				19,
				20,
				21,
				22,
				23,
				24,
				25,
				26,
				27,
				28,
				29,
				30,
				31,
				32,
				33,
				34,
				35,
				36,
				37,
				38,
				39,
				40,
				41,
				42,
				43,
				44,
				45,
				46,
				47,
				48,
				49,
				50,
				51,
				52,
				53,
				54,
				55,
				56,
				57,
				58,
				59,
				60,
				61,
				62,
				63,
				64,
				65,
				66,
				67,
				68,
				69,
				70,
				71,
				72,
				73,
				74,
				75,
				76,
				77,
				78,
				79,
				80,
				81,
				82,
				83,
				84,
				85,
				86,
				87,
				88,
				89,
				90,
				91,
				92,
				93,
				94,
				95,
				96,
				97,
				98,
				99,
				100,
				101,
				102,
				103,
				104,
				105,
				106,
				107,
				108,
				109,
				110,
				111,
				112,
				113,
				114,
				115,
				116,
				117,
				118,
				119,
				120,
				121
			]
		}
	]
}