{
	"credit": "Made with Blockbench",
	"texture_size": [64, 64],
	"textures": {
		"3": "custom:item/donut_shop"
	},
	"elements": [
		{
			"from": [15, 0, -2],
			"to": [16, 9, 7],
			"rotation": {"angle": 0, "axis": "y", "origin": [0, 2, 0]},
			"faces": {
				"north": {"uv": [1, 11.5, 1.25, 13.25], "texture": "#3"},
				"east": {"uv": [9.5, 0, 11.75, 1.75], "texture": "#3"},
				"south": {"uv": [1.25, 11.5, 1.5, 13.25], "texture": "#3"},
				"west": {"uv": [9.5, 1.75, 11.75, 3.5], "texture": "#3"},
				"up": {"uv": [7.25, 13.5, 7, 11.25], "texture": "#3"},
				"down": {"uv": [7.5, 11.25, 7.25, 13.5], "texture": "#3"}
			}
		},
		{
			"from": [1, 0, -2],
			"to": [15, 0.75, 6.925],
			"rotation": {"angle": 0, "axis": "y", "origin": [0, 0, 0]},
			"faces": {
				"north": {"uv": [10.5, 9.25, 14, 9.4375], "texture": "#3"},
				"east": {"uv": [11.5, 10.5, 13.75, 10.6875], "texture": "#3"},
				"south": {"uv": [11.5, 9.5, 15, 9.6875], "texture": "#3"},
				"west": {"uv": [11.5, 10.75, 13.75, 10.9375], "texture": "#3"},
				"up": {"uv": [8.75, 7.25, 5.25, 5], "texture": "#3"},
				"down": {"uv": [3.5, 6, 0, 8.25], "texture": "#3"}
			}
		},
		{
			"from": [1, 3.05, -1.75],
			"to": [15, 3.8, 6.75],
			"rotation": {"angle": 0, "axis": "y", "origin": [0, 3.05, 0]},
			"faces": {
				"north": {"uv": [11.5, 9.75, 15, 9.9375], "texture": "#3"},
				"east": {"uv": [11.5, 11, 13.625, 11.1875], "texture": "#3"},
				"south": {"uv": [10, 11.5, 13.5, 11.6875], "texture": "#3"},
				"west": {"uv": [11.5, 11.25, 13.625, 11.4375], "texture": "#3"},
				"up": {"uv": [7, 9.375, 3.5, 7.25], "texture": "#3"},
				"down": {"uv": [10.5, 7.25, 7, 9.375], "texture": "#3"}
			}
		},
		{
			"from": [0, 0, -2],
			"to": [1, 9, 7],
			"rotation": {"angle": 0, "axis": "y", "origin": [0, 2, 0]},
			"faces": {
				"north": {"uv": [1.5, 11.5, 1.75, 13.25], "texture": "#3"},
				"east": {"uv": [3.5, 9.5, 5.75, 11.25], "texture": "#3"},
				"south": {"uv": [1.75, 11.5, 2, 13.25], "texture": "#3"},
				"west": {"uv": [5.75, 9.5, 8, 11.25], "texture": "#3"},
				"up": {"uv": [7.75, 13.5, 7.5, 11.25], "texture": "#3"},
				"down": {"uv": [8, 11.25, 7.75, 13.5], "texture": "#3"}
			}
		},
		{
			"from": [1, 0.75, -2],
			"to": [15, 9, -1],
			"rotation": {"angle": 0, "axis": "y", "origin": [0, 2, 0]},
			"faces": {
				"north": {"uv": [8.75, 5, 12.25, 6.5625], "texture": "#3"},
				"east": {"uv": [2, 11.5, 2.25, 13.0625], "texture": "#3"},
				"south": {"uv": [8.75, 5, 12.25, 6.5625], "texture": "#3"},
				"west": {"uv": [2.25, 11.5, 2.5, 13.0625], "texture": "#3"},
				"up": {"uv": [13, 4.75, 9.5, 4.5], "texture": "#3"},
				"down": {"uv": [13, 4.75, 9.5, 5], "texture": "#3"}
			}
		},
		{
			"from": [1, 0.775, 6.95],
			"to": [15, 9, 6.95],
			"rotation": {"angle": 0, "axis": "y", "origin": [0, 2, 8]},
			"faces": {
				"north": {"uv": [0, 8.25, 3.5, 10], "texture": "#3"},
				"east": {"uv": [0, 0, 0, 1.75], "texture": "#3"},
				"south": {"uv": [0, 8.25, 3.5, 10], "texture": "#3"},
				"west": {"uv": [0, 0, 0, 1.75], "texture": "#3"},
				"up": {"uv": [3.5, 0, 0, 0], "texture": "#3"},
				"down": {"uv": [3.5, 0, 0, 0], "texture": "#3"}
			}
		},
		{
			"from": [-0.5, 9, -2.5],
			"to": [16.5, 10, 7.5],
			"rotation": {"angle": 0, "axis": "y", "origin": [0, 2.5, 0]},
			"faces": {
				"north": {"uv": [9.5, 4, 13.75, 4.25], "texture": "#3"},
				"east": {"uv": [11.5, 10, 14, 10.25], "texture": "#3"},
				"south": {"uv": [9.5, 4.25, 13.75, 4.5], "texture": "#3"},
				"west": {"uv": [11.5, 10.25, 14, 10.5], "texture": "#3"},
				"up": {"uv": [9.5, 2.5, 5.25, 0], "texture": "#3"},
				"down": {"uv": [9.5, 2.5, 5.25, 5], "texture": "#3"}
			}
		},
		{
			"from": [-2.2475, 20.56116, 1.79056],
			"to": [18.2475, 32, 3.28556],
			"rotation": {"angle": 0, "axis": "y", "origin": [8, 26.05866, 2.53806]},
			"faces": {
				"north": {"uv": [0, 0, 5.125, 2.875], "texture": "#3"},
				"east": {"uv": [0, 10, 0.375, 12.875], "texture": "#3"},
				"south": {"uv": [0, 3, 5.125, 5.875], "texture": "#3"},
				"west": {"uv": [0.5, 10, 0.875, 12.875], "texture": "#3"},
				"up": {"uv": [13.875, 7.125, 8.75, 6.75], "texture": "#3"},
				"down": {"uv": [14.625, 3.5, 9.5, 3.875], "texture": "#3"}
			}
		},
		{
			"from": [13.25, 9.075, 1.5],
			"to": [15.25, 20.575, 3.5],
			"rotation": {"angle": 0, "axis": "y", "origin": [15.25, 10.075, 1.5]},
			"faces": {
				"north": {"uv": [8, 9.5, 8.5, 12.875], "texture": "#3"},
				"east": {"uv": [8.5, 9.5, 9, 12.875], "texture": "#3"},
				"south": {"uv": [9, 9.5, 9.5, 12.875], "texture": "#3"},
				"west": {"uv": [9.5, 9.5, 10, 12.875], "texture": "#3"},
				"up": {"uv": [3, 10.5, 2.5, 10], "texture": "#3"},
				"down": {"uv": [3.5, 10, 3, 10.5], "texture": "#3"}
			}
		},
		{
			"from": [0.75, 9.075, 1.5],
			"to": [2.75, 20.575, 3.5],
			"rotation": {"angle": 0, "axis": "y", "origin": [2.75, 10.075, 1.5]},
			"faces": {
				"north": {"uv": [8, 9.5, 8.5, 12.875], "texture": "#3"},
				"east": {"uv": [8.5, 9.5, 9, 12.875], "texture": "#3"},
				"south": {"uv": [9, 9.5, 9.5, 12.875], "texture": "#3"},
				"west": {"uv": [9.5, 9.5, 10, 12.875], "texture": "#3"},
				"up": {"uv": [3, 10.5, 2.5, 10], "texture": "#3"},
				"down": {"uv": [3.5, 10, 3, 10.5], "texture": "#3"}
			}
		},
		{
			"from": [9, 3.75, -0.5],
			"to": [15, 5.75, 1.5],
			"rotation": {"angle": 0, "axis": "y", "origin": [9, 3.75, -0.5]},
			"faces": {
				"north": {"uv": [3.5, 6, 5, 6.5], "texture": "#3"},
				"east": {"uv": [2.5, 10.5, 3, 11], "texture": "#3"},
				"south": {"uv": [3.5, 6.5, 5, 7], "texture": "#3"},
				"west": {"uv": [3, 10.5, 3.5, 11], "texture": "#3"},
				"up": {"uv": [2.5, 10.5, 1, 10], "texture": "#3"},
				"down": {"uv": [11.5, 9.5, 10, 10], "texture": "#3"}
			}
		},
		{
			"from": [9, 3.75, 3.5],
			"to": [15, 5.75, 5.5],
			"rotation": {"angle": 0, "axis": "y", "origin": [9, 3.75, 1.5]},
			"faces": {
				"north": {"uv": [10, 10, 11.5, 10.5], "texture": "#3"},
				"east": {"uv": [11.75, 0, 12.25, 0.5], "texture": "#3"},
				"south": {"uv": [1, 10.5, 2.5, 11], "texture": "#3"},
				"west": {"uv": [11.75, 0.5, 12.25, 1], "texture": "#3"},
				"up": {"uv": [12, 7.75, 10.5, 7.25], "texture": "#3"},
				"down": {"uv": [12, 7.75, 10.5, 8.25], "texture": "#3"}
			}
		},
		{
			"from": [13, 3.75, 1.5],
			"to": [15, 5.75, 3.5],
			"rotation": {"angle": 0, "axis": "y", "origin": [9, 3.75, 0.5]},
			"faces": {
				"north": {"uv": [11.75, 1, 12.25, 1.5], "texture": "#3"},
				"east": {"uv": [11.75, 1.5, 12.25, 2], "texture": "#3"},
				"south": {"uv": [11.75, 2, 12.25, 2.5], "texture": "#3"},
				"west": {"uv": [2.5, 11.75, 3, 12.25], "texture": "#3"},
				"up": {"uv": [12.25, 3, 11.75, 2.5], "texture": "#3"},
				"down": {"uv": [3.5, 11.75, 3, 12.25], "texture": "#3"}
			}
		},
		{
			"from": [9, 3.75, 1.5],
			"to": [11, 5.75, 3.5],
			"rotation": {"angle": 0, "axis": "y", "origin": [5, 3.75, 0.5]},
			"faces": {
				"north": {"uv": [11.75, 3, 12.25, 3.5], "texture": "#3"},
				"east": {"uv": [3.5, 11.75, 4, 12.25], "texture": "#3"},
				"south": {"uv": [4, 11.75, 4.5, 12.25], "texture": "#3"},
				"west": {"uv": [4.5, 11.75, 5, 12.25], "texture": "#3"},
				"up": {"uv": [5.5, 12.25, 5, 11.75], "texture": "#3"},
				"down": {"uv": [6, 11.75, 5.5, 12.25], "texture": "#3"}
			}
		},
		{
			"from": [1, 3.8, 1.5],
			"to": [3, 5.8, 3.5],
			"rotation": {"angle": 0, "axis": "y", "origin": [-3, 3.8, 0.5]},
			"faces": {
				"north": {"uv": [6, 11.75, 6.5, 12.25], "texture": "#3"},
				"east": {"uv": [6.5, 11.75, 7, 12.25], "texture": "#3"},
				"south": {"uv": [10, 11.75, 10.5, 12.25], "texture": "#3"},
				"west": {"uv": [10.5, 11.75, 11, 12.25], "texture": "#3"},
				"up": {"uv": [11.5, 12.25, 11, 11.75], "texture": "#3"},
				"down": {"uv": [12, 11.75, 11.5, 12.25], "texture": "#3"}
			}
		},
		{
			"from": [1, 3.8, -0.5],
			"to": [7, 5.8, 1.5],
			"rotation": {"angle": 0, "axis": "y", "origin": [1, 3.8, -0.5]},
			"faces": {
				"north": {"uv": [10.5, 8.25, 12, 8.75], "texture": "#3"},
				"east": {"uv": [12, 7.25, 12.5, 7.75], "texture": "#3"},
				"south": {"uv": [10.5, 8.75, 12, 9.25], "texture": "#3"},
				"west": {"uv": [12, 7.75, 12.5, 8.25], "texture": "#3"},
				"up": {"uv": [11.5, 11, 10, 10.5], "texture": "#3"},
				"down": {"uv": [2.5, 11, 1, 11.5], "texture": "#3"}
			}
		},
		{
			"from": [1, 3.8, 3.5],
			"to": [7, 5.8, 5.5],
			"rotation": {"angle": 0, "axis": "y", "origin": [1, 3.8, 1.5]},
			"faces": {
				"north": {"uv": [10, 11, 11.5, 11.5], "texture": "#3"},
				"east": {"uv": [12, 8.25, 12.5, 8.75], "texture": "#3"},
				"south": {"uv": [2.5, 11.25, 4, 11.75], "texture": "#3"},
				"west": {"uv": [12, 8.75, 12.5, 9.25], "texture": "#3"},
				"up": {"uv": [5.5, 11.75, 4, 11.25], "texture": "#3"},
				"down": {"uv": [7, 11.25, 5.5, 11.75], "texture": "#3"}
			}
		},
		{
			"from": [5, 3.8, 1.5],
			"to": [7, 5.8, 3.5],
			"rotation": {"angle": 0, "axis": "y", "origin": [1, 3.8, 0.5]},
			"faces": {
				"north": {"uv": [12, 11.75, 12.5, 12.25], "texture": "#3"},
				"east": {"uv": [12.25, 0, 12.75, 0.5], "texture": "#3"},
				"south": {"uv": [12.25, 0.5, 12.75, 1], "texture": "#3"},
				"west": {"uv": [12.25, 1, 12.75, 1.5], "texture": "#3"},
				"up": {"uv": [12.75, 2, 12.25, 1.5], "texture": "#3"},
				"down": {"uv": [12.75, 2, 12.25, 2.5], "texture": "#3"}
			}
		}
	],
	"display": {
		"head": {
			"rotation": [0, 180, 0],
			"translation": [0, -2, -8.75],
			"scale": [1.75, 1.75, 1.75]
		}
	},
	"groups": [
		{
			"name": "Donut Shop",
			"origin": [0.75, 8, 3.5],
			"color": 0,
			"children": [0, 1, 2, 3, 4, 5, 6, 7, 8, 9, 10, 11, 12, 13, 14, 15, 16, 17]
		}
	]
}