{
	"credit": "Made with Blockbench",
	"texture_size": [64, 64],
	"textures": {
		"2": "custom:item/hockey_team"
	},
	"elements": [
		{
			"from": [30, 2.52813, 6.18244],
			"to": [32, 31.52813, 8.18244],
			"rotation": {"angle": 22.5, "axis": "z", "origin": [31, 10.77813, 9.93244]},
			"faces": {
				"north": {"uv": [0, 0, 0.5, 7.25], "texture": "#2"},
				"east": {"uv": [0.5, 0, 1, 7.25], "texture": "#2"},
				"south": {"uv": [1, 0, 1.5, 7.25], "texture": "#2"},
				"west": {"uv": [1.5, 0, 2, 7.25], "texture": "#2"},
				"up": {"uv": [7.75, 3.75, 7.25, 3.25], "texture": "#2"},
				"down": {"uv": [4, 7.25, 3.5, 7.75], "texture": "#2"}
			}
		},
		{
			"from": [30.03, 2.55813, 6.21244],
			"to": [31.97, 6.49813, 19.15244],
			"rotation": {"angle": 22.5, "axis": "z", "origin": [31, 10.77813, 9.93244]},
			"faces": {
				"north": {"uv": [7.25, 1.25, 7.75, 2.25], "texture": "#2"},
				"east": {"uv": [4, 0, 7.25, 1], "texture": "#2"},
				"south": {"uv": [7.25, 2.25, 7.75, 3.25], "texture": "#2"},
				"west": {"uv": [4, 1, 7.25, 2], "texture": "#2"},
				"up": {"uv": [4.5, 7.25, 4, 4], "texture": "#2"},
				"down": {"uv": [5, 4, 4.5, 7.25], "texture": "#2"}
			}
		},
		{
			"from": [0, 1.52813, 2.18244],
			"to": [2, 30.52813, 4.18244],
			"rotation": {"angle": -22.5, "axis": "z", "origin": [1, 9.77813, 5.93244]},
			"faces": {
				"north": {"uv": [2, 0, 2.5, 7.25], "texture": "#2"},
				"east": {"uv": [2.5, 0, 3, 7.25], "texture": "#2"},
				"south": {"uv": [3, 0, 3.5, 7.25], "texture": "#2"},
				"west": {"uv": [3.5, 0, 4, 7.25], "texture": "#2"},
				"up": {"uv": [7.75, 4.25, 7.25, 3.75], "texture": "#2"},
				"down": {"uv": [4.5, 7.25, 4, 7.75], "texture": "#2"}
			}
		},
		{
			"from": [0.03, 1.55813, 2.21244],
			"to": [1.97, 5.49813, 15.15244],
			"rotation": {"angle": -22.5, "axis": "z", "origin": [1, 9.77813, 5.93244]},
			"faces": {
				"north": {"uv": [2.5, 7.25, 3, 8.25], "texture": "#2"},
				"east": {"uv": [4, 2, 7.25, 3], "texture": "#2"},
				"south": {"uv": [3, 7.25, 3.5, 8.25], "texture": "#2"},
				"west": {"uv": [4, 3, 7.25, 4], "texture": "#2"},
				"up": {"uv": [5.5, 7.25, 5, 4], "texture": "#2"},
				"down": {"uv": [6, 4, 5.5, 7.25], "texture": "#2"}
			}
		},
		{
			"from": [6, 0, 9],
			"to": [11, 5, 14],
			"rotation": {"angle": 0, "axis": "y", "origin": [9, 1, 11.5]},
			"faces": {
				"north": {"uv": [6, 4, 7.25, 5.25], "texture": "#2"},
				"east": {"uv": [6, 5.25, 7.25, 6.5], "texture": "#2"},
				"south": {"uv": [6, 6.5, 7.25, 7.75], "texture": "#2"},
				"west": {"uv": [0, 7.25, 1.25, 8.5], "texture": "#2"},
				"up": {"uv": [8.5, 1.25, 7.25, 0], "texture": "#2"},
				"down": {"uv": [2.5, 7.25, 1.25, 8.5], "texture": "#2"}
			}
		}
	],
	"display": {
		"head": {
			"rotation": [0, 180, 0],
			"translation": [6.5, -10, 0.5],
			"scale": [1.25, 1.25, 1.25]
		}
	},
	"groups": [
		{
			"name": "hockey_team",
			"origin": [8, 8, 8],
			"color": 0,
			"children": [
				{
					"name": "group",
					"origin": [8, 8, 8],
					"color": 0,
					"children": [0, 1]
				},
				{
					"name": "group",
					"origin": [8, 8, 8],
					"color": 0,
					"children": [2, 3, 4]
				}
			]
		}
	]
}