{
	"credit": "Made with Blockbench",
	"texture_size": [64, 64],
	"textures": {
		"0": "custom:item/lemonade_stand",
		"particle": "custom:item/lemonade_stand"
	},
	"elements": [
		{
			"from": [0.75, 7.075, 3.5],
			"to": [2.75, 17.075, 5.5],
			"rotation": {"angle": 0, "axis": "y", "origin": [0.75, 8.075, 3.5]},
			"faces": {
				"north": {"uv": [0, 9.25, 0.5, 12.25], "texture": "#0"},
				"east": {"uv": [0.5, 9.25, 1, 12.25], "texture": "#0"},
				"south": {"uv": [1, 9.25, 1.5, 12.25], "texture": "#0"},
				"west": {"uv": [1.5, 9.25, 2, 12.25], "texture": "#0"},
				"up": {"uv": [9.25, 10.25, 8.75, 9.75], "texture": "#0"},
				"down": {"uv": [10.5, 9.25, 10, 9.75], "texture": "#0"}
			}
		},
		{
			"from": [0, 0, 0],
			"to": [16, 7, 7],
			"faces": {
				"north": {"uv": [0, 7.5, 4, 9.25], "texture": "#0"},
				"east": {"uv": [8.5, 1.75, 10.25, 3.5], "texture": "#0"},
				"south": {"uv": [4, 7.5, 8, 9.25], "texture": "#0"},
				"west": {"uv": [8.5, 3.5, 10.25, 5.25], "texture": "#0"},
				"up": {"uv": [12, 9.25, 8, 7.5], "texture": "#0"},
				"down": {"uv": [12.5, 0, 8.5, 1.75], "texture": "#0"}
			}
		},
		{
			"from": [-0.5, 7, -0.5],
			"to": [16.5, 8, 7.5],
			"rotation": {"angle": 0, "axis": "y", "origin": [0, 0.5, 0]},
			"faces": {
				"north": {"uv": [8.5, 7.25, 12.75, 7.5], "texture": "#0"},
				"east": {"uv": [4.5, 10, 6.5, 10.25], "texture": "#0"},
				"south": {"uv": [4.5, 9.75, 8.75, 10], "texture": "#0"},
				"west": {"uv": [6.5, 10, 8.5, 10.25], "texture": "#0"},
				"up": {"uv": [4.25, 7.5, 0, 5.5], "texture": "#0"},
				"down": {"uv": [8.5, 5.5, 4.25, 7.5], "texture": "#0"}
			}
		},
		{
			"from": [-0.25, 16, -2],
			"to": [16.25, 18, 9],
			"rotation": {"angle": -22.5, "axis": "x", "origin": [1, 17, 4]},
			"faces": {
				"north": {"uv": [8.5, 5.25, 12.75, 5.75], "texture": "#0"},
				"east": {"uv": [4, 9.25, 6.75, 9.75], "texture": "#0"},
				"south": {"uv": [8.5, 5.75, 12.75, 6.25], "texture": "#0"},
				"west": {"uv": [6.75, 9.25, 9.5, 9.75], "texture": "#0"},
				"up": {"uv": [4.25, 2.75, 0, 0], "texture": "#0"},
				"down": {"uv": [4.25, 2.75, 0, 5.5], "texture": "#0"}
			}
		},
		{
			"from": [-0.2475, 18.56116, 6.54056],
			"to": [16.2475, 27.55616, 8.53556],
			"rotation": {"angle": 0, "axis": "y", "origin": [8, 24.05866, 7.53806]},
			"faces": {
				"north": {"uv": [4.25, 0, 8.5, 2.25], "texture": "#0"},
				"east": {"uv": [9.5, 9.25, 10, 12], "texture": "#0"},
				"south": {"uv": [4.25, 2.75, 8.5, 5.5], "texture": "#0"},
				"west": {"uv": [4, 9.75, 4.5, 12.5], "texture": "#0"},
				"up": {"uv": [12.75, 6.75, 8.5, 6.25], "texture": "#0"},
				"down": {"uv": [12.75, 6.75, 8.5, 7.25], "texture": "#0"}
			}
		},
		{
			"from": [13.25, 7.075, 3.5],
			"to": [15.25, 17.075, 5.5],
			"rotation": {"angle": 0, "axis": "y", "origin": [15.25, 8.075, 3.5]},
			"faces": {
				"north": {"uv": [2, 9.25, 2.5, 12.25], "texture": "#0"},
				"east": {"uv": [2.5, 9.25, 3, 12.25], "texture": "#0"},
				"south": {"uv": [3, 9.25, 3.5, 12.25], "texture": "#0"},
				"west": {"uv": [3.5, 9.25, 4, 12.25], "texture": "#0"},
				"up": {"uv": [10.5, 10.25, 10, 9.75], "texture": "#0"},
				"down": {"uv": [10.75, 1.75, 10.25, 2.25], "texture": "#0"}
			}
		}
	],
	"display": {
		"head": {
			"translation": [0, 3, 9],
			"scale": [2, 2.5, 2]
		}
	},
	"groups": [
		{
			"name": "Lemonade Stand",
			"origin": [0.75, 8, 3.5],
			"color": 0,
			"children": [0, 1, 2, 3, 4, 5]
		}
	]
}