{
	"credit": "Made with Blockbench",
	"texture_size": [64, 64],
	"textures": {
		"3": "custom:item/lemonade_stand"
	},
	"elements": [
		{
			"name": "base",
			"from": [-4, -3, 3],
			"to": [20, 11, 13],
			"faces": {
				"north": {"uv": [0, 7, 6, 10.5], "texture": "#3"},
				"east": {"uv": [7, 5, 9.5, 8.5], "texture": "#3"},
				"south": {"uv": [0, 7, 6, 10.5], "texture": "#3"},
				"west": {"uv": [7, 5, 9.5, 8.5], "texture": "#3"},
				"up": {"uv": [13, 2.5, 7, 0], "texture": "#3"},
				"down": {"uv": [13, 2.5, 7, 5], "texture": "#3"}
			}
		},
		{
			"name": "base",
			"from": [-6, 11, 1],
			"to": [22, 12, 15],
			"faces": {
				"north": {"uv": [6, 9, 13, 9.25], "texture": "#3"},
				"east": {"uv": [9.5, 8.25, 13, 8.5], "texture": "#3"},
				"south": {"uv": [6, 9.25, 13, 9.5], "texture": "#3"},
				"west": {"uv": [10, 5, 13.5, 5.25], "texture": "#3"},
				"up": {"uv": [7, 3.5, 0, 0], "texture": "#3"},
				"down": {"uv": [7, 3.5, 0, 7], "texture": "#3"}
			}
		},
		{
			"name": "post",
			"from": [18, 12, 3.5],
			"to": [19.5, 25, 5],
			"faces": {
				"north": {"uv": [9.5, 5, 10, 8.25], "texture": "#3"},
				"east": {"uv": [9.5, 5, 10, 8.25], "texture": "#3"},
				"south": {"uv": [9.5, 5, 10, 8.25], "texture": "#3"},
				"west": {"uv": [9.5, 5, 10, 8.25], "texture": "#3"},
				"up": {"uv": [6.5, 7.5, 6, 7], "texture": "#3"},
				"down": {"uv": [7, 7, 6.5, 7.5], "texture": "#3"}
			}
		},
		{
			"name": "post",
			"from": [18, 12, 11],
			"to": [19.5, 27, 12.5],
			"faces": {
				"north": {"uv": [9.5, 5, 10, 8.25], "texture": "#3"},
				"east": {"uv": [9.5, 5, 10, 8.25], "texture": "#3"},
				"south": {"uv": [9.5, 5, 10, 8.25], "texture": "#3"},
				"west": {"uv": [9.5, 5, 10, 8.25], "texture": "#3"},
				"up": {"uv": [6.5, 8, 6, 7.5], "texture": "#3"},
				"down": {"uv": [6.5, 7.5, 6, 8], "texture": "#3"}
			}
		},
		{
			"name": "post",
			"from": [-3.5, 12, 11],
			"to": [-2, 27, 12.5],
			"faces": {
				"north": {"uv": [9.5, 5, 10, 8.25], "texture": "#3"},
				"east": {"uv": [9.5, 5, 10, 8.25], "texture": "#3"},
				"south": {"uv": [9.5, 5, 10, 8.25], "texture": "#3"},
				"west": {"uv": [9.5, 5, 10, 8.25], "texture": "#3"},
				"up": {"uv": [7, 8, 6.5, 7.5], "texture": "#3"},
				"down": {"uv": [7, 7.5, 6.5, 8], "texture": "#3"}
			}
		},
		{
			"name": "post",
			"from": [-3.5, 12, 3.5],
			"to": [-2, 25, 5],
			"faces": {
				"north": {"uv": [9.5, 5, 10, 8.25], "texture": "#3"},
				"east": {"uv": [9.5, 5, 10, 8.25], "texture": "#3"},
				"south": {"uv": [9.5, 5, 10, 8.25], "texture": "#3"},
				"west": {"uv": [9.5, 5, 10, 8.25], "texture": "#3"},
				"up": {"uv": [7, 8, 6.5, 7.5], "texture": "#3"},
				"down": {"uv": [7, 7.5, 6.5, 8], "texture": "#3"}
			}
		},
		{
			"from": [-5, 20.1875, 11],
			"to": [21, 21.875, 23],
			"rotation": {"angle": -22.5, "axis": "x", "origin": [0, 0, 0]},
			"faces": {
				"north": {"uv": [6, 8.5, 12.5, 9], "texture": "#3"},
				"east": {"uv": [6, 9.5, 9, 10], "texture": "#3"},
				"south": {"uv": [6, 8.5, 12.5, 9], "texture": "#3"},
				"west": {"uv": [9, 9.5, 12, 10], "texture": "#3"},
				"up": {"uv": [12.5, 9, 6, 8.5], "texture": "#3"},
				"down": {"uv": [12.5, 8.5, 6, 9], "texture": "#3"}
			}
		}
	],
	"display": {
		"head": {
			"scale": [1.5, 1.5, 1.5]
		}
	},
	"groups": [
		{
			"name": "Posts",
			"origin": [0, 0, 0],
			"color": 0,
			"children": []
		},
		{
			"name": "Roof",
			"origin": [8, 8, 8],
			"color": 0,
			"children": []
		},
		0,
		1,
		2,
		3,
		4,
		5,
		6
	]
}