{
	"credit": "Made with Blockbench",
	"texture_size": [64, 64],
	"textures": {
		"0": "custom:item/movie_studio"
	},
	"elements": [
		{
			"from": [7, 0, -2],
			"to": [9, 21, 0],
			"rotation": {"angle": 22.5, "axis": "x", "origin": [8, 0.5, -1]},
			"faces": {
				"north": {"uv": [3, 1.5, 3.5, 6.75], "texture": "#0"},
				"east": {"uv": [3.5, 1.5, 4, 6.75], "texture": "#0"},
				"south": {"uv": [4, 1.5, 4.5, 6.75], "texture": "#0"},
				"west": {"uv": [0, 4.5, 0.5, 9.75], "texture": "#0"},
				"up": {"uv": [8.75, 1.5, 8.25, 1], "texture": "#0"},
				"down": {"uv": [8.75, 1.5, 8.25, 2], "texture": "#0"}
			}
		},
		{
			"from": [7, 0, 16],
			"to": [9, 21, 18],
			"rotation": {"angle": -22.5, "axis": "x", "origin": [8, 0.5, 17]},
			"faces": {
				"north": {"uv": [0.5, 4.5, 1, 9.75], "texture": "#0"},
				"east": {"uv": [1, 4.5, 1.5, 9.75], "texture": "#0"},
				"south": {"uv": [1.5, 4.5, 2, 9.75], "texture": "#0"},
				"west": {"uv": [4.5, 1.5, 5, 6.75], "texture": "#0"},
				"up": {"uv": [8.75, 2.5, 8.25, 2], "texture": "#0"},
				"down": {"uv": [8.75, 2.5, 8.25, 3], "texture": "#0"}
			}
		},
		{
			"from": [-2, 0, 7],
			"to": [0, 21, 9],
			"rotation": {"angle": -22.5, "axis": "z", "origin": [-1, 0.5, 8]},
			"faces": {
				"north": {"uv": [2, 4.5, 2.5, 9.75], "texture": "#0"},
				"east": {"uv": [2.5, 4.5, 3, 9.75], "texture": "#0"},
				"south": {"uv": [5, 1.5, 5.5, 6.75], "texture": "#0"},
				"west": {"uv": [5.5, 1.5, 6, 6.75], "texture": "#0"},
				"up": {"uv": [3.5, 8.75, 3, 8.25], "texture": "#0"},
				"down": {"uv": [8.75, 3, 8.25, 3.5], "texture": "#0"}
			}
		},
		{
			"from": [16, 0, 7],
			"to": [18, 21, 9],
			"rotation": {"angle": 22.5, "axis": "z", "origin": [17, 0.5, 8]},
			"faces": {
				"north": {"uv": [6, 0, 6.5, 5.25], "texture": "#0"},
				"east": {"uv": [6, 5.25, 6.5, 10.5], "texture": "#0"},
				"south": {"uv": [6.5, 0, 7, 5.25], "texture": "#0"},
				"west": {"uv": [6.5, 5.25, 7, 10.5], "texture": "#0"},
				"up": {"uv": [4, 8.75, 3.5, 8.25], "texture": "#0"},
				"down": {"uv": [8.75, 3.5, 8.25, 4], "texture": "#0"}
			}
		},
		{
			"from": [2, 20, 5],
			"to": [14, 26, 11],
			"rotation": {"angle": 0, "axis": "y", "origin": [7, 19, 7]},
			"faces": {
				"north": {"uv": [0, 0, 3, 1.5], "texture": "#0"},
				"east": {"uv": [3, 6.75, 4.5, 8.25], "texture": "#0"},
				"south": {"uv": [0, 1.5, 3, 3], "texture": "#0"},
				"west": {"uv": [4.5, 6.75, 6, 8.25], "texture": "#0"},
				"up": {"uv": [3, 4.5, 0, 3], "texture": "#0"},
				"down": {"uv": [6, 0, 3, 1.5], "texture": "#0"}
			}
		},
		{
			"from": [1, 22, 7],
			"to": [2, 24, 9],
			"rotation": {"angle": 0, "axis": "y", "origin": [6, 19, 7]},
			"faces": {
				"north": {"uv": [7, 8.25, 7.25, 8.75], "texture": "#0"},
				"east": {"uv": [4, 8.25, 4.5, 8.75], "texture": "#0"},
				"south": {"uv": [7.25, 8.25, 7.5, 8.75], "texture": "#0"},
				"west": {"uv": [8.25, 4, 8.75, 4.5], "texture": "#0"},
				"up": {"uv": [7.75, 8.75, 7.5, 8.25], "texture": "#0"},
				"down": {"uv": [8, 8.25, 7.75, 8.75], "texture": "#0"}
			}
		},
		{
			"from": [15, 21, 6],
			"to": [16, 25, 10],
			"rotation": {"angle": 0, "axis": "y", "origin": [15.5, 23, 8]},
			"faces": {
				"north": {"uv": [4.5, 8.25, 4.75, 9.25], "texture": "#0"},
				"east": {"uv": [7, 5, 8, 6], "texture": "#0"},
				"south": {"uv": [4.75, 8.25, 5, 9.25], "texture": "#0"},
				"west": {"uv": [7, 6, 8, 7], "texture": "#0"},
				"up": {"uv": [5.25, 9.25, 5, 8.25], "texture": "#0"},
				"down": {"uv": [5.5, 8.25, 5.25, 9.25], "texture": "#0"}
			}
		},
		{
			"from": [14, 22, 7],
			"to": [15, 24, 9],
			"rotation": {"angle": 0, "axis": "y", "origin": [14.5, 23, 8]},
			"faces": {
				"north": {"uv": [8.5, 6, 8.75, 6.5], "texture": "#0"},
				"east": {"uv": [8.25, 4.5, 8.75, 5], "texture": "#0"},
				"south": {"uv": [8.5, 6.5, 8.75, 7], "texture": "#0"},
				"west": {"uv": [5.5, 8.25, 6, 8.75], "texture": "#0"},
				"up": {"uv": [8.75, 7.5, 8.5, 7], "texture": "#0"},
				"down": {"uv": [8.75, 7.5, 8.5, 8], "texture": "#0"}
			}
		},
		{
			"from": [9, 26, 7],
			"to": [14, 31, 9],
			"rotation": {"angle": -45, "axis": "z", "origin": [11.5, 28.5, 8]},
			"faces": {
				"north": {"uv": [7, 0, 8.25, 1.25], "texture": "#0"},
				"east": {"uv": [7, 7, 7.5, 8.25], "texture": "#0"},
				"south": {"uv": [7, 1.25, 8.25, 2.5], "texture": "#0"},
				"west": {"uv": [7.5, 7, 8, 8.25], "texture": "#0"},
				"up": {"uv": [9.25, 5.5, 8, 5], "texture": "#0"},
				"down": {"uv": [9.25, 5.5, 8, 6], "texture": "#0"}
			}
		},
		{
			"from": [2, 26, 7],
			"to": [7, 31, 9],
			"rotation": {"angle": -45, "axis": "z", "origin": [4.5, 28.5, 8]},
			"faces": {
				"north": {"uv": [7, 2.5, 8.25, 3.75], "texture": "#0"},
				"east": {"uv": [8, 6, 8.5, 7.25], "texture": "#0"},
				"south": {"uv": [7, 3.75, 8.25, 5], "texture": "#0"},
				"west": {"uv": [8, 7.25, 8.5, 8.5], "texture": "#0"},
				"up": {"uv": [9.5, 0.5, 8.25, 0], "texture": "#0"},
				"down": {"uv": [9.5, 0.5, 8.25, 1], "texture": "#0"}
			}
		}
	],
	"display": {
		"head": {
			"rotation": [0, 180, 0],
			"translation": [0, -5.5, 0],
			"scale": [1.15, 1.15, 1.15]
		}
	}
}