{
	"credit": "Made with Blockbench",
	"texture_size": [64, 64],
	"textures": {
		"2": "custom:item/newspaper_delivery"
	},
	"elements": [
		{
			"from": [0.044, 2.492, 3.716],
			"to": [9.836, 12.284, 3.716],
			"rotation": {"angle": 0, "axis": "y", "origin": [3.104, 3.104, 3.104]},
			"faces": {
				"north": {"uv": [0, 0, 2.875, 2.875], "texture": "#2"},
				"east": {"uv": [0, 0, 0, 2.875], "texture": "#2"},
				"south": {"uv": [0, 0, 2.875, 2.875], "texture": "#2"},
				"west": {"uv": [0, 0, 0, 2.875], "texture": "#2"},
				"up": {"uv": [2.875, 0, 0, 0], "texture": "#2"},
				"down": {"uv": [2.875, 0, 0, 0], "texture": "#2"}
			}
		},
		{
			"from": [3.104, 3.104, 3.104],
			"to": [6.776, 4.328, 4.328],
			"rotation": {"angle": 0, "axis": "y", "origin": [3.104, 3.104, 3.104]},
			"faces": {
				"north": {"uv": [8, 5, 9.09375, 5.375], "texture": "#2"},
				"east": {"uv": [3.5, 14.25, 3.875, 14.625], "texture": "#2"},
				"south": {"uv": [6, 8, 7.09375, 8.375], "texture": "#2"},
				"west": {"uv": [4, 14.25, 4.375, 14.625], "texture": "#2"},
				"up": {"uv": [9.09375, 6.625, 8, 6.25], "texture": "#2"},
				"down": {"uv": [8.34375, 8.25, 7.25, 8.625], "texture": "#2"}
			}
		},
		{
			"from": [8.1485, 5.7005, 3.104],
			"to": [9.3725, 8.1485, 4.328],
			"rotation": {"angle": 0, "axis": "y", "origin": [8.1485, 9.3725, 3.104]},
			"faces": {
				"north": {"uv": [12, 7, 12.375, 7.71875], "texture": "#2"},
				"east": {"uv": [8, 12, 8.375, 12.71875], "texture": "#2"},
				"south": {"uv": [8.5, 12, 8.875, 12.71875], "texture": "#2"},
				"west": {"uv": [9, 12, 9.375, 12.71875], "texture": "#2"},
				"up": {"uv": [4.875, 14.625, 4.5, 14.25], "texture": "#2"},
				"down": {"uv": [5.375, 14.25, 5, 14.625], "texture": "#2"}
			}
		},
		{
			"from": [5.8208, 4.2383, 3.1193],
			"to": [9.4622, 5.4317, 4.3127],
			"rotation": {"angle": 45, "axis": "z", "origin": [7.6415, 4.835, 3.716]},
			"faces": {
				"north": {"uv": [1, 8.5, 2.09375, 8.875], "texture": "#2"},
				"east": {"uv": [5.5, 14.25, 5.875, 14.625], "texture": "#2"},
				"south": {"uv": [8.5, 3.5, 9.59375, 3.875], "texture": "#2"},
				"west": {"uv": [6, 14.25, 6.375, 14.625], "texture": "#2"},
				"up": {"uv": [9.59375, 4.375, 8.5, 4], "texture": "#2"},
				"down": {"uv": [5.34375, 8.5, 4.25, 8.875], "texture": "#2"}
			}
		},
		{
			"from": [0.4178, 4.2383, 3.1193],
			"to": [4.0592, 5.4317, 4.3127],
			"rotation": {"angle": -45, "axis": "z", "origin": [2.2385, 4.835, 3.716]},
			"faces": {
				"north": {"uv": [8.5, 5.5, 9.59375, 5.875], "texture": "#2"},
				"east": {"uv": [6.5, 14.25, 6.875, 14.625], "texture": "#2"},
				"south": {"uv": [6, 8.5, 7.09375, 8.875], "texture": "#2"},
				"west": {"uv": [7, 14.25, 7.375, 14.625], "texture": "#2"},
				"up": {"uv": [9.59375, 8.625, 8.5, 8.25], "texture": "#2"},
				"down": {"uv": [9.84375, 0, 8.75, 0.375], "texture": "#2"}
			}
		},
		{
			"from": [0.5075, 5.7005, 3.104],
			"to": [1.7315, 8.1485, 4.328],
			"rotation": {"angle": 0, "axis": "y", "origin": [1.7315, 9.3725, 3.104]},
			"faces": {
				"north": {"uv": [9.5, 12, 9.875, 12.71875], "texture": "#2"},
				"east": {"uv": [10, 12, 10.375, 12.71875], "texture": "#2"},
				"south": {"uv": [10.5, 12, 10.875, 12.71875], "texture": "#2"},
				"west": {"uv": [12, 10.5, 12.375, 11.21875], "texture": "#2"},
				"up": {"uv": [7.875, 14.625, 7.5, 14.25], "texture": "#2"},
				"down": {"uv": [8.375, 14.25, 8, 14.625], "texture": "#2"}
			}
		},
		{
			"from": [3.1193, 10.4633, 3.1193],
			"to": [6.7607, 11.6567, 4.3127],
			"rotation": {"angle": 0, "axis": "y", "origin": [3.104, 11.672, 3.104]},
			"faces": {
				"north": {"uv": [8.75, 0.5, 9.84375, 0.875], "texture": "#2"},
				"east": {"uv": [8.5, 14.25, 8.875, 14.625], "texture": "#2"},
				"south": {"uv": [8.75, 1, 9.84375, 1.375], "texture": "#2"},
				"west": {"uv": [9, 14.25, 9.375, 14.625], "texture": "#2"},
				"up": {"uv": [9.84375, 1.875, 8.75, 1.5], "texture": "#2"},
				"down": {"uv": [9.84375, 2.5, 8.75, 2.875], "texture": "#2"}
			}
		},
		{
			"from": [8.1638, 6.6428, 3.1193],
			"to": [9.3572, 9.0602, 4.3127],
			"rotation": {"angle": 0, "axis": "y", "origin": [8.1485, 5.4035, 3.104]},
			"faces": {
				"north": {"uv": [11, 12, 11.375, 12.71875], "texture": "#2"},
				"east": {"uv": [12, 11.25, 12.375, 11.96875], "texture": "#2"},
				"south": {"uv": [11.5, 12, 11.875, 12.71875], "texture": "#2"},
				"west": {"uv": [12, 12, 12.375, 12.71875], "texture": "#2"},
				"up": {"uv": [9.875, 14.625, 9.5, 14.25], "texture": "#2"},
				"down": {"uv": [10.375, 14.25, 10, 14.625], "texture": "#2"}
			}
		},
		{
			"from": [5.8055, 9.329, 3.104],
			"to": [9.4775, 10.553, 4.328],
			"rotation": {"angle": -45, "axis": "z", "origin": [7.6415, 9.941, 3.716]},
			"faces": {
				"north": {"uv": [8.75, 3, 9.84375, 3.375], "texture": "#2"},
				"east": {"uv": [10.5, 14.25, 10.875, 14.625], "texture": "#2"},
				"south": {"uv": [8.75, 6.75, 9.84375, 7.125], "texture": "#2"},
				"west": {"uv": [11, 14.25, 11.375, 14.625], "texture": "#2"},
				"up": {"uv": [8.34375, 9.125, 7.25, 8.75], "texture": "#2"},
				"down": {"uv": [9.84375, 7.25, 8.75, 7.625], "texture": "#2"}
			}
		},
		{
			"from": [0.4025, 9.329, 3.104],
			"to": [4.0745, 10.553, 4.328],
			"rotation": {"angle": 45, "axis": "z", "origin": [2.2385, 9.941, 3.716]},
			"faces": {
				"north": {"uv": [8.75, 7.75, 9.84375, 8.125], "texture": "#2"},
				"east": {"uv": [11.5, 14.25, 11.875, 14.625], "texture": "#2"},
				"south": {"uv": [8.5, 8.75, 9.59375, 9.125], "texture": "#2"},
				"west": {"uv": [12, 14.25, 12.375, 14.625], "texture": "#2"},
				"up": {"uv": [2.09375, 9.375, 1, 9], "texture": "#2"},
				"down": {"uv": [10.09375, 2, 9, 2.375], "texture": "#2"}
			}
		},
		{
			"from": [0.5228, 6.6428, 3.1193],
			"to": [1.7162, 9.0602, 4.3127],
			"rotation": {"angle": 0, "axis": "y", "origin": [1.7315, 5.4035, 3.104]},
			"faces": {
				"north": {"uv": [0, 12.25, 0.375, 12.96875], "texture": "#2"},
				"east": {"uv": [0.5, 12.25, 0.875, 12.96875], "texture": "#2"},
				"south": {"uv": [1, 12.25, 1.375, 12.96875], "texture": "#2"},
				"west": {"uv": [1.5, 12.25, 1.875, 12.96875], "texture": "#2"},
				"up": {"uv": [12.875, 14.625, 12.5, 14.25], "texture": "#2"},
				"down": {"uv": [13.375, 14.25, 13, 14.625], "texture": "#2"}
			}
		},
		{
			"from": [12.896, 2.492, 3.716],
			"to": [22.688, 12.284, 3.716],
			"rotation": {"angle": 0, "axis": "y", "origin": [15.956, 3.104, 3.104]},
			"faces": {
				"north": {"uv": [0, 0, 2.875, 2.875], "texture": "#2"},
				"east": {"uv": [0, 0, 0, 2.875], "texture": "#2"},
				"south": {"uv": [0, 0, 2.875, 2.875], "texture": "#2"},
				"west": {"uv": [0, 0, 0, 2.875], "texture": "#2"},
				"up": {"uv": [2.875, 0, 0, 0], "texture": "#2"},
				"down": {"uv": [2.875, 0, 0, 0], "texture": "#2"}
			}
		},
		{
			"from": [15.956, 3.104, 3.104],
			"to": [19.628, 4.328, 4.328],
			"rotation": {"angle": 0, "axis": "y", "origin": [15.956, 3.104, 3.104]},
			"faces": {
				"north": {"uv": [4.25, 9, 5.34375, 9.375], "texture": "#2"},
				"east": {"uv": [13.5, 14.25, 13.875, 14.625], "texture": "#2"},
				"south": {"uv": [6, 9, 7.09375, 9.375], "texture": "#2"},
				"west": {"uv": [14, 14.25, 14.375, 14.625], "texture": "#2"},
				"up": {"uv": [10.34375, 4.875, 9.25, 4.5], "texture": "#2"},
				"down": {"uv": [10.34375, 5, 9.25, 5.375], "texture": "#2"}
			}
		},
		{
			"from": [21.0005, 5.7005, 3.104],
			"to": [22.2245, 8.1485, 4.328],
			"rotation": {"angle": 0, "axis": "y", "origin": [21.0005, 9.3725, 3.104]},
			"faces": {
				"north": {"uv": [2, 12.25, 2.375, 12.96875], "texture": "#2"},
				"east": {"uv": [2.5, 12.25, 2.875, 12.96875], "texture": "#2"},
				"south": {"uv": [3, 12.25, 3.375, 12.96875], "texture": "#2"},
				"west": {"uv": [3.5, 12.25, 3.875, 12.96875], "texture": "#2"},
				"up": {"uv": [0.375, 14.875, 0, 14.5], "texture": "#2"},
				"down": {"uv": [0.875, 14.5, 0.5, 14.875], "texture": "#2"}
			}
		},
		{
			"from": [18.6728, 4.2383, 3.1193],
			"to": [22.3142, 5.4317, 4.3127],
			"rotation": {"angle": 45, "axis": "z", "origin": [20.4935, 4.835, 3.716]},
			"faces": {
				"north": {"uv": [9.25, 6, 10.34375, 6.375], "texture": "#2"},
				"east": {"uv": [1, 14.5, 1.375, 14.875], "texture": "#2"},
				"south": {"uv": [7.25, 9.25, 8.34375, 9.625], "texture": "#2"},
				"west": {"uv": [1.5, 14.5, 1.875, 14.875], "texture": "#2"},
				"up": {"uv": [9.59375, 9.625, 8.5, 9.25], "texture": "#2"},
				"down": {"uv": [1.09375, 9.5, 0, 9.875], "texture": "#2"}
			}
		},
		{
			"from": [13.2698, 4.2383, 3.1193],
			"to": [16.9112, 5.4317, 4.3127],
			"rotation": {"angle": -45, "axis": "z", "origin": [15.0905, 4.835, 3.716]},
			"faces": {
				"north": {"uv": [1.25, 9.5, 2.34375, 9.875], "texture": "#2"},
				"east": {"uv": [14.5, 6, 14.875, 6.375], "texture": "#2"},
				"south": {"uv": [2.5, 9.5, 3.59375, 9.875], "texture": "#2"},
				"west": {"uv": [14.5, 12, 14.875, 12.375], "texture": "#2"},
				"up": {"uv": [4.84375, 9.875, 3.75, 9.5], "texture": "#2"},
				"down": {"uv": [6.09375, 9.5, 5, 9.875], "texture": "#2"}
			}
		},
		{
			"from": [13.3595, 5.7005, 3.104],
			"to": [14.5835, 8.1485, 4.328],
			"rotation": {"angle": 0, "axis": "y", "origin": [14.5835, 9.3725, 3.104]},
			"faces": {
				"north": {"uv": [4, 12.25, 4.375, 12.96875], "texture": "#2"},
				"east": {"uv": [4.5, 12.25, 4.875, 12.96875], "texture": "#2"},
				"south": {"uv": [5, 12.25, 5.375, 12.96875], "texture": "#2"},
				"west": {"uv": [5.5, 12.25, 5.875, 12.96875], "texture": "#2"},
				"up": {"uv": [14.875, 14.625, 14.5, 14.25], "texture": "#2"},
				"down": {"uv": [2.375, 14.75, 2, 15.125], "texture": "#2"}
			}
		},
		{
			"from": [15.9713, 10.4633, 3.1193],
			"to": [19.6127, 11.6567, 4.3127],
			"rotation": {"angle": 0, "axis": "y", "origin": [15.956, 11.672, 3.104]},
			"faces": {
				"north": {"uv": [9.75, 3.5, 10.84375, 3.875], "texture": "#2"},
				"east": {"uv": [14.75, 2, 15.125, 2.375], "texture": "#2"},
				"south": {"uv": [9.75, 4, 10.84375, 4.375], "texture": "#2"},
				"west": {"uv": [2.5, 14.75, 2.875, 15.125], "texture": "#2"},
				"up": {"uv": [10.84375, 5.875, 9.75, 5.5], "texture": "#2"},
				"down": {"uv": [7.34375, 9.75, 6.25, 10.125], "texture": "#2"}
			}
		},
		{
			"from": [21.0158, 6.6428, 3.1193],
			"to": [22.2092, 9.0602, 4.3127],
			"rotation": {"angle": 0, "axis": "y", "origin": [21.0005, 5.4035, 3.104]},
			"faces": {
				"north": {"uv": [6, 12.25, 6.375, 12.96875], "texture": "#2"},
				"east": {"uv": [6.5, 12.25, 6.875, 12.96875], "texture": "#2"},
				"south": {"uv": [7, 12.25, 7.375, 12.96875], "texture": "#2"},
				"west": {"uv": [7.5, 12.25, 7.875, 12.96875], "texture": "#2"},
				"up": {"uv": [3.375, 15.125, 3, 14.75], "texture": "#2"},
				"down": {"uv": [3.875, 14.75, 3.5, 15.125], "texture": "#2"}
			}
		},
		{
			"from": [18.6575, 9.329, 3.104],
			"to": [22.3295, 10.553, 4.328],
			"rotation": {"angle": -45, "axis": "z", "origin": [20.4935, 9.941, 3.716]},
			"faces": {
				"north": {"uv": [7.5, 9.75, 8.59375, 10.125], "texture": "#2"},
				"east": {"uv": [4, 14.75, 4.375, 15.125], "texture": "#2"},
				"south": {"uv": [9.75, 8.25, 10.84375, 8.625], "texture": "#2"},
				"west": {"uv": [4.5, 14.75, 4.875, 15.125], "texture": "#2"},
				"up": {"uv": [9.84375, 10.125, 8.75, 9.75], "texture": "#2"},
				"down": {"uv": [10.84375, 8.75, 9.75, 9.125], "texture": "#2"}
			}
		},
		{
			"from": [13.2545, 9.329, 3.104],
			"to": [16.9265, 10.553, 4.328],
			"rotation": {"angle": 45, "axis": "z", "origin": [15.0905, 9.941, 3.716]},
			"faces": {
				"north": {"uv": [9.75, 9.25, 10.84375, 9.625], "texture": "#2"},
				"east": {"uv": [5, 14.75, 5.375, 15.125], "texture": "#2"},
				"south": {"uv": [0, 10, 1.09375, 10.375], "texture": "#2"},
				"west": {"uv": [5.5, 14.75, 5.875, 15.125], "texture": "#2"},
				"up": {"uv": [11.09375, 0.375, 10, 0], "texture": "#2"},
				"down": {"uv": [11.09375, 0.5, 10, 0.875], "texture": "#2"}
			}
		},
		{
			"from": [13.3748, 6.6428, 3.1193],
			"to": [14.5682, 9.0602, 4.3127],
			"rotation": {"angle": 0, "axis": "y", "origin": [14.5835, 5.4035, 3.104]},
			"faces": {
				"north": {"uv": [12.5, 4.5, 12.875, 5.21875], "texture": "#2"},
				"east": {"uv": [12.5, 7, 12.875, 7.71875], "texture": "#2"},
				"south": {"uv": [12.5, 10.5, 12.875, 11.21875], "texture": "#2"},
				"west": {"uv": [12.5, 11.25, 12.875, 11.96875], "texture": "#2"},
				"up": {"uv": [6.375, 15.125, 6, 14.75], "texture": "#2"},
				"down": {"uv": [6.875, 14.75, 6.5, 15.125], "texture": "#2"}
			}
		},
		{
			"from": [4.328, 6.8984, 3.104],
			"to": [5.552, 21.8924, 4.328],
			"rotation": {"angle": 0, "axis": "y", "origin": [4.328, 6.8984, 3.104]},
			"faces": {
				"north": {"uv": [2.25, 5, 2.625, 9.40625], "texture": "#2"},
				"east": {"uv": [2.75, 5, 3.125, 9.40625], "texture": "#2"},
				"south": {"uv": [3.25, 5, 3.625, 9.40625], "texture": "#2"},
				"west": {"uv": [3.75, 5, 4.125, 9.40625], "texture": "#2"},
				"up": {"uv": [7.375, 15.125, 7, 14.75], "texture": "#2"},
				"down": {"uv": [7.875, 14.75, 7.5, 15.125], "texture": "#2"}
			}
		},
		{
			"from": [17.20142, 6.79742, 3.12542],
			"to": [18.38258, 14.09858, 4.30658],
			"rotation": {"angle": 22.5, "axis": "z", "origin": [17.792, 6.47, 3.716]},
			"faces": {
				"north": {"uv": [6.25, 3.5, 6.625, 5.65625], "texture": "#2"},
				"east": {"uv": [4.25, 6.25, 4.625, 8.40625], "texture": "#2"},
				"south": {"uv": [4.75, 6.25, 5.125, 8.40625], "texture": "#2"},
				"west": {"uv": [5.25, 6.25, 5.625, 8.40625], "texture": "#2"},
				"up": {"uv": [15.125, 8.125, 14.75, 7.75], "texture": "#2"},
				"down": {"uv": [8.375, 14.75, 8, 15.125], "texture": "#2"}
			}
		},
		{
			"from": [7.84675, 12.49573, 3.12236],
			"to": [15.15403, 13.68301, 4.30964],
			"rotation": {"angle": -22.5, "axis": "z", "origin": [15.47839, 13.08937, 3.716]},
			"faces": {
				"north": {"uv": [5.75, 6.25, 7.90625, 6.625], "texture": "#2"},
				"east": {"uv": [8.5, 14.75, 8.875, 15.125], "texture": "#2"},
				"south": {"uv": [6.25, 5.75, 8.40625, 6.125], "texture": "#2"},
				"west": {"uv": [9, 14.75, 9.375, 15.125], "texture": "#2"},
				"up": {"uv": [8.65625, 1.375, 6.5, 1], "texture": "#2"},
				"down": {"uv": [8.65625, 1.5, 6.5, 1.875], "texture": "#2"}
			}
		},
		{
			"from": [12.28668, 14.17716, 3.12848],
			"to": [13.46172, 18.4122, 4.30352],
			"rotation": {"angle": -22.5, "axis": "z", "origin": [12.8742, 17.82468, 3.716]},
			"faces": {
				"north": {"uv": [6.75, 3.5, 7.125, 4.75], "texture": "#2"},
				"east": {"uv": [6, 6.75, 6.375, 8], "texture": "#2"},
				"south": {"uv": [6.5, 6.75, 6.875, 8], "texture": "#2"},
				"west": {"uv": [7, 6.75, 7.375, 8], "texture": "#2"},
				"up": {"uv": [9.875, 15.125, 9.5, 14.75], "texture": "#2"},
				"down": {"uv": [15.125, 9.75, 14.75, 10.125], "texture": "#2"}
			}
		},
		{
			"from": [4.40757, 15.37104, 3.12236],
			"to": [8.65485, 16.55832, 4.30964],
			"rotation": {"angle": 0, "axis": "y", "origin": [5.00121, 15.96468, 3.716]},
			"faces": {
				"north": {"uv": [6.5, 2, 7.75, 2.375], "texture": "#2"},
				"east": {"uv": [10, 14.75, 10.375, 15.125], "texture": "#2"},
				"south": {"uv": [6.75, 4.75, 8, 5.125], "texture": "#2"},
				"west": {"uv": [10.5, 14.75, 10.875, 15.125], "texture": "#2"},
				"up": {"uv": [8, 5.625, 6.75, 5.25], "texture": "#2"},
				"down": {"uv": [8.5, 3.5, 7.25, 3.875], "texture": "#2"}
			}
		},
		{
			"from": [0.73557, 16.59504, 3.12236],
			"to": [4.98285, 17.78232, 4.30964],
			"rotation": {"angle": 0, "axis": "y", "origin": [1.32921, 17.18868, 3.716]},
			"faces": {
				"north": {"uv": [7.25, 4, 8.5, 4.375], "texture": "#2"},
				"east": {"uv": [11, 14.75, 11.375, 15.125], "texture": "#2"},
				"south": {"uv": [7.5, 6.75, 8.75, 7.125], "texture": "#2"},
				"west": {"uv": [11.5, 14.75, 11.875, 15.125], "texture": "#2"},
				"up": {"uv": [8.75, 7.625, 7.5, 7.25], "texture": "#2"},
				"down": {"uv": [9, 2, 7.75, 2.375], "texture": "#2"}
			}
		},
		{
			"from": [4.3892, 21.5252, -2.0368],
			"to": [5.4908, 22.6268, 9.4688],
			"rotation": {"angle": 0, "axis": "y", "origin": [4.94, 22.076, 3.716]},
			"faces": {
				"north": {"uv": [12, 14.75, 12.375, 15.125], "texture": "#2"},
				"east": {"uv": [5.25, 0, 8.6875, 0.375], "texture": "#2"},
				"south": {"uv": [12.5, 14.75, 12.875, 15.125], "texture": "#2"},
				"west": {"uv": [5.25, 0.5, 8.6875, 0.875], "texture": "#2"},
				"up": {"uv": [0.375, 9.1875, 0, 5.75], "texture": "#2"},
				"down": {"uv": [0.875, 5.75, 0.5, 9.1875], "texture": "#2"}
			}
		},
		{
			"from": [4.33412, 21.47012, -0.25588],
			"to": [5.54588, 22.68188, 7.68788],
			"rotation": {"angle": 0, "axis": "y", "origin": [4.94, 22.076, 3.716]},
			"faces": {
				"north": {"uv": [13, 14.75, 13.375, 15.125], "texture": "#2"},
				"east": {"uv": [6.25, 2.5, 8.59375, 2.875], "texture": "#2"},
				"south": {"uv": [13.5, 14.75, 13.875, 15.125], "texture": "#2"},
				"west": {"uv": [6.25, 3, 8.59375, 3.375], "texture": "#2"},
				"up": {"uv": [1.375, 8.09375, 1, 5.75], "texture": "#2"},
				"down": {"uv": [1.875, 5.75, 1.5, 8.09375], "texture": "#2"}
			}
		},
		{
			"from": [11.19383, 18.14264, 2.51648],
			"to": [15.47783, 19.36664, 4.96448],
			"rotation": {"angle": 0, "axis": "y", "origin": [12.41783, 18.14264, 3.12848]},
			"faces": {
				"north": {"uv": [7.5, 7.75, 8.75, 8.125], "texture": "#2"},
				"east": {"uv": [12, 7.75, 12.71875, 8.125], "texture": "#2"},
				"south": {"uv": [8, 4.5, 9.25, 4.875], "texture": "#2"},
				"west": {"uv": [12, 9.75, 12.71875, 10.125], "texture": "#2"},
				"up": {"uv": [6.5, 1.71875, 5.25, 1], "texture": "#2"},
				"down": {"uv": [6.5, 1.75, 5.25, 2.46875], "texture": "#2"}
			}
		},
		{
			"from": [-6.08143, 16.78136, 0.40236],
			"to": [0.71857, 16.78136, 7.20236],
			"rotation": {"angle": 0, "axis": "y", "origin": [-0.64143, 16.10136, 3.12236]},
			"faces": {
				"north": {"uv": [0, 0, 2, 0], "texture": "#2"},
				"east": {"uv": [0, 0, 2, 0], "texture": "#2"},
				"south": {"uv": [0, 0, 2, 0], "texture": "#2"},
				"west": {"uv": [0, 0, 2, 0], "texture": "#2"},
				"up": {"uv": [4.25, 5, 2.25, 3], "texture": "#2"},
				"down": {"uv": [6.25, 2.75, 4.25, 4.75], "texture": "#2"}
			}
		},
		{
			"from": [0.71789, 16.78204, 0.40236],
			"to": [0.71789, 21.20204, 7.20236],
			"rotation": {"angle": 0, "axis": "y", "origin": [0.71789, 20.18204, 3.80236]},
			"faces": {
				"north": {"uv": [0, 0, 0, 1.3125], "texture": "#2"},
				"east": {"uv": [4.25, 4.75, 6.25, 6.0625], "texture": "#2"},
				"south": {"uv": [0, 0, 0, 1.3125], "texture": "#2"},
				"west": {"uv": [4.25, 4.75, 6.25, 6.0625], "texture": "#2"},
				"up": {"uv": [0, 2, 0, 0], "texture": "#2"},
				"down": {"uv": [0, 0, 0, 2], "texture": "#2"}
			}
		},
		{
			"from": [-6.08143, 16.78204, 0.40236],
			"to": [-6.08143, 21.20204, 7.20236],
			"rotation": {"angle": 0, "axis": "y", "origin": [-6.08143, 20.18204, 3.80236]},
			"faces": {
				"north": {"uv": [0, 0, 0, 1.3125], "texture": "#2"},
				"east": {"uv": [4.25, 4.75, 6.25, 6.0625], "texture": "#2"},
				"south": {"uv": [0, 0, 0, 1.3125], "texture": "#2"},
				"west": {"uv": [4.25, 4.75, 6.25, 6.0625], "texture": "#2"},
				"up": {"uv": [0, 2, 0, 0], "texture": "#2"},
				"down": {"uv": [0, 0, 0, 2], "texture": "#2"}
			}
		},
		{
			"from": [-6.08211, 16.78204, 7.20236],
			"to": [0.71789, 21.20204, 7.20236],
			"rotation": {"angle": 0, "axis": "y", "origin": [-2.68211, 20.18204, 7.20236]},
			"faces": {
				"north": {"uv": [4.25, 4.75, 6.25, 6.0625], "texture": "#2"},
				"east": {"uv": [0, 0, 0, 1.3125], "texture": "#2"},
				"south": {"uv": [4.25, 4.75, 6.25, 6.0625], "texture": "#2"},
				"west": {"uv": [0, 0, 0, 1.3125], "texture": "#2"},
				"up": {"uv": [2, 0, 0, 0], "texture": "#2"},
				"down": {"uv": [2, 0, 0, 0], "texture": "#2"}
			}
		},
		{
			"from": [-6.08211, 16.78204, 0.40236],
			"to": [0.71789, 21.20204, 0.40236],
			"rotation": {"angle": 0, "axis": "y", "origin": [-2.68211, 20.18204, 0.40236]},
			"faces": {
				"north": {"uv": [4.25, 4.75, 6.25, 6.0625], "texture": "#2"},
				"east": {"uv": [0, 0, 0, 1.3125], "texture": "#2"},
				"south": {"uv": [4.25, 4.75, 6.25, 6.0625], "texture": "#2"},
				"west": {"uv": [0, 0, 0, 1.3125], "texture": "#2"},
				"up": {"uv": [2, 0, 0, 0], "texture": "#2"},
				"down": {"uv": [2, 0, 0, 0], "texture": "#2"}
			}
		},
		{
			"name": "hexadecagon",
			"from": [-5.7717, 17.92778, 1.1983],
			"to": [0.3517, 18.47222, 1.4737],
			"rotation": {"angle": -45, "axis": "x", "origin": [-2.71, 18.2, 2.56]},
			"faces": {
				"north": {"uv": [1.25, 10, 3.0625, 10.15625], "texture": "#2"},
				"east": {"uv": [3, 2.75, 3.09375, 2.90625], "texture": "#2"},
				"south": {"uv": [10, 1.25, 11.8125, 1.40625], "texture": "#2"},
				"west": {"uv": [3.25, 2.75, 3.34375, 2.90625], "texture": "#2"},
				"up": {"uv": [14.0625, 1.09375, 12.25, 1], "texture": "#2"},
				"down": {"uv": [14.0625, 2, 12.25, 2.09375], "texture": "#2"}
			}
		},
		{
			"name": "hexadecagon",
			"from": [-5.77, 17.92948, 1.2],
			"to": [0.35, 18.47052, 1.472],
			"rotation": {"angle": -22.5, "axis": "x", "origin": [-2.71, 18.2, 2.56]},
			"faces": {
				"north": {"uv": [10, 1.5, 11.8125, 1.65625], "texture": "#2"},
				"east": {"uv": [3.5, 2.75, 3.59375, 2.90625], "texture": "#2"},
				"south": {"uv": [10, 1.75, 11.8125, 1.90625], "texture": "#2"},
				"west": {"uv": [3.75, 2.75, 3.84375, 2.90625], "texture": "#2"},
				"up": {"uv": [14.0625, 2.34375, 12.25, 2.25], "texture": "#2"},
				"down": {"uv": [14.3125, 5.25, 12.5, 5.34375], "texture": "#2"}
			}
		},
		{
			"name": "hexadecagon",
			"from": [-5.7717, 17.92778, 1.1983],
			"to": [0.3517, 18.47222, 1.4737],
			"rotation": {"angle": 0, "axis": "y", "origin": [-2.71, 18.2, 2.56]},
			"faces": {
				"north": {"uv": [10, 2.5, 11.8125, 2.65625], "texture": "#2"},
				"east": {"uv": [4, 2.75, 4.09375, 2.90625], "texture": "#2"},
				"south": {"uv": [10, 2.75, 11.8125, 2.90625], "texture": "#2"},
				"west": {"uv": [5.25, 2.5, 5.34375, 2.65625], "texture": "#2"},
				"up": {"uv": [14.3125, 6.09375, 12.5, 6], "texture": "#2"},
				"down": {"uv": [14.3125, 6.25, 12.5, 6.34375], "texture": "#2"}
			}
		},
		{
			"name": "hexadecagon",
			"from": [-5.77, 17.92948, 1.2],
			"to": [0.35, 18.47052, 1.472],
			"rotation": {"angle": 22.5, "axis": "x", "origin": [-2.71, 18.2, 2.56]},
			"faces": {
				"north": {"uv": [10, 3, 11.8125, 3.15625], "texture": "#2"},
				"east": {"uv": [5.5, 2.5, 5.59375, 2.65625], "texture": "#2"},
				"south": {"uv": [3.25, 10, 5.0625, 10.15625], "texture": "#2"},
				"west": {"uv": [5.75, 2.5, 5.84375, 2.65625], "texture": "#2"},
				"up": {"uv": [14.3125, 12.09375, 12.5, 12], "texture": "#2"},
				"down": {"uv": [14.3125, 12.25, 12.5, 12.34375], "texture": "#2"}
			}
		},
		{
			"name": "hexadecagon",
			"from": [-5.7717, 17.92778, 1.1983],
			"to": [0.3517, 18.47222, 1.4737],
			"rotation": {"angle": 45, "axis": "x", "origin": [-2.71, 18.2, 2.56]},
			"faces": {
				"north": {"uv": [10, 3.25, 11.8125, 3.40625], "texture": "#2"},
				"east": {"uv": [6, 2.5, 6.09375, 2.65625], "texture": "#2"},
				"south": {"uv": [10, 6.75, 11.8125, 6.90625], "texture": "#2"},
				"west": {"uv": [7.25, 4.5, 7.34375, 4.65625], "texture": "#2"},
				"up": {"uv": [14.3125, 12.59375, 12.5, 12.5], "texture": "#2"},
				"down": {"uv": [14.5625, 7.75, 12.75, 7.84375], "texture": "#2"}
			}
		},
		{
			"name": "hexadecagon",
			"from": [-5.787, 17.91248, 3.631],
			"to": [0.367, 18.48752, 3.937],
			"rotation": {"angle": -45, "axis": "x", "origin": [-2.71, 18.2, 2.56]},
			"faces": {
				"north": {"uv": [10, 7, 11.8125, 7.15625], "texture": "#2"},
				"east": {"uv": [7.5, 4.5, 7.59375, 4.65625], "texture": "#2"},
				"south": {"uv": [10, 7.25, 11.8125, 7.40625], "texture": "#2"},
				"west": {"uv": [7.75, 4.5, 7.84375, 4.65625], "texture": "#2"},
				"up": {"uv": [9.8125, 12.84375, 8, 12.75], "texture": "#2"},
				"down": {"uv": [14.5625, 8, 12.75, 8.09375], "texture": "#2"}
			}
		},
		{
			"name": "hexadecagon",
			"from": [-5.77, 17.92948, 3.648],
			"to": [0.35, 18.47052, 3.92],
			"rotation": {"angle": -22.5, "axis": "x", "origin": [-2.71, 18.2, 2.56]},
			"faces": {
				"north": {"uv": [10, 7.5, 11.8125, 7.65625], "texture": "#2"},
				"east": {"uv": [8, 5.5, 8.09375, 5.65625], "texture": "#2"},
				"south": {"uv": [10, 7.75, 11.8125, 7.90625], "texture": "#2"},
				"west": {"uv": [7.25, 8, 7.34375, 8.15625], "texture": "#2"},
				"up": {"uv": [14.5625, 9.84375, 12.75, 9.75], "texture": "#2"},
				"down": {"uv": [11.8125, 12.75, 10, 12.84375], "texture": "#2"}
			}
		},
		{
			"name": "hexadecagon",
			"from": [-5.7717, 17.92778, 3.6463],
			"to": [0.3517, 18.47222, 3.9217],
			"rotation": {"angle": 0, "axis": "y", "origin": [-2.71, 18.2, 2.56]},
			"faces": {
				"north": {"uv": [10, 8, 11.8125, 8.15625], "texture": "#2"},
				"east": {"uv": [1, 8.25, 1.09375, 8.40625], "texture": "#2"},
				"south": {"uv": [10, 9.75, 11.8125, 9.90625], "texture": "#2"},
				"west": {"uv": [1.25, 8.25, 1.34375, 8.40625], "texture": "#2"},
				"up": {"uv": [14.5625, 10.09375, 12.75, 10], "texture": "#2"},
				"down": {"uv": [13.8125, 12.75, 12, 12.84375], "texture": "#2"}
			}
		},
		{
			"name": "hexadecagon",
			"from": [-5.77, 17.92948, 3.648],
			"to": [0.35, 18.47052, 3.92],
			"rotation": {"angle": 22.5, "axis": "x", "origin": [-2.71, 18.2, 2.56]},
			"faces": {
				"north": {"uv": [10, 10, 11.8125, 10.15625], "texture": "#2"},
				"east": {"uv": [1.5, 8.25, 1.59375, 8.40625], "texture": "#2"},
				"south": {"uv": [1.25, 10.25, 3.0625, 10.40625], "texture": "#2"},
				"west": {"uv": [1.75, 8.25, 1.84375, 8.40625], "texture": "#2"},
				"up": {"uv": [1.8125, 13.09375, 0, 13], "texture": "#2"},
				"down": {"uv": [3.8125, 13, 2, 13.09375], "texture": "#2"}
			}
		},
		{
			"name": "hexadecagon",
			"from": [-5.7717, 17.92778, 3.6463],
			"to": [0.3517, 18.47222, 3.9217],
			"rotation": {"angle": 45, "axis": "x", "origin": [-2.71, 18.2, 2.56]},
			"faces": {
				"north": {"uv": [10.25, 2, 12.0625, 2.15625], "texture": "#2"},
				"east": {"uv": [8.25, 5.5, 8.34375, 5.65625], "texture": "#2"},
				"south": {"uv": [10.25, 2.25, 12.0625, 2.40625], "texture": "#2"},
				"west": {"uv": [5.5, 8.5, 5.59375, 8.65625], "texture": "#2"},
				"up": {"uv": [14.8125, 3.59375, 13, 3.5], "texture": "#2"},
				"down": {"uv": [14.8125, 3.75, 13, 3.84375], "texture": "#2"}
			}
		},
		{
			"name": "hexadecagon",
			"from": [-5.77, 16.84, 2.28948],
			"to": [0.35, 17.112, 2.83052],
			"rotation": {"angle": -22.5, "axis": "x", "origin": [-2.71, 18.2, 2.56]},
			"faces": {
				"north": {"uv": [4, 13, 5.8125, 13.09375], "texture": "#2"},
				"east": {"uv": [8.5, 6, 8.65625, 6.09375], "texture": "#2"},
				"south": {"uv": [13, 4, 14.8125, 4.09375], "texture": "#2"},
				"west": {"uv": [5.5, 8.75, 5.65625, 8.84375], "texture": "#2"},
				"up": {"uv": [5.0625, 10.40625, 3.25, 10.25], "texture": "#2"},
				"down": {"uv": [7.0625, 10.25, 5.25, 10.40625], "texture": "#2"}
			}
		},
		{
			"name": "hexadecagon",
			"from": [-5.7717, 16.8383, 2.28778],
			"to": [0.3517, 17.1137, 2.83222],
			"rotation": {"angle": 0, "axis": "y", "origin": [-2.71, 18.2, 2.56]},
			"faces": {
				"north": {"uv": [13, 4.25, 14.8125, 4.34375], "texture": "#2"},
				"east": {"uv": [8.75, 6, 8.90625, 6.09375], "texture": "#2"},
				"south": {"uv": [13, 4.5, 14.8125, 4.59375], "texture": "#2"},
				"west": {"uv": [5.5, 9, 5.65625, 9.09375], "texture": "#2"},
				"up": {"uv": [9.0625, 10.40625, 7.25, 10.25], "texture": "#2"},
				"down": {"uv": [11.0625, 10.25, 9.25, 10.40625], "texture": "#2"}
			}
		},
		{
			"name": "hexadecagon",
			"from": [-5.77, 16.84, 2.28948],
			"to": [0.35, 17.112, 2.83052],
			"rotation": {"angle": 22.5, "axis": "x", "origin": [-2.71, 18.2, 2.56]},
			"faces": {
				"north": {"uv": [13, 4.75, 14.8125, 4.84375], "texture": "#2"},
				"east": {"uv": [9, 6, 9.15625, 6.09375], "texture": "#2"},
				"south": {"uv": [13, 5, 14.8125, 5.09375], "texture": "#2"},
				"west": {"uv": [0, 9.25, 0.15625, 9.34375], "texture": "#2"},
				"up": {"uv": [1.8125, 10.65625, 0, 10.5], "texture": "#2"},
				"down": {"uv": [3.8125, 10.5, 2, 10.65625], "texture": "#2"}
			}
		},
		{
			"name": "hexadecagon",
			"from": [-5.77, 19.288, 2.28948],
			"to": [0.35, 19.56, 2.83052],
			"rotation": {"angle": -22.5, "axis": "x", "origin": [-2.71, 18.2, 2.56]},
			"faces": {
				"north": {"uv": [13, 5.5, 14.8125, 5.59375], "texture": "#2"},
				"east": {"uv": [0.25, 9.25, 0.40625, 9.34375], "texture": "#2"},
				"south": {"uv": [13, 5.75, 14.8125, 5.84375], "texture": "#2"},
				"west": {"uv": [0.5, 9.25, 0.65625, 9.34375], "texture": "#2"},
				"up": {"uv": [5.8125, 10.65625, 4, 10.5], "texture": "#2"},
				"down": {"uv": [12.3125, 4.5, 10.5, 4.65625], "texture": "#2"}
			}
		},
		{
			"name": "hexadecagon",
			"from": [-5.787, 19.271, 2.27248],
			"to": [0.367, 19.577, 2.84752],
			"rotation": {"angle": 0, "axis": "y", "origin": [-2.71, 18.2, 2.56]},
			"faces": {
				"north": {"uv": [6, 13, 7.8125, 13.09375], "texture": "#2"},
				"east": {"uv": [0.75, 9.25, 0.90625, 9.34375], "texture": "#2"},
				"south": {"uv": [13, 7, 14.8125, 7.09375], "texture": "#2"},
				"west": {"uv": [5.5, 9.25, 5.65625, 9.34375], "texture": "#2"},
				"up": {"uv": [12.3125, 4.90625, 10.5, 4.75], "texture": "#2"},
				"down": {"uv": [12.3125, 5, 10.5, 5.15625], "texture": "#2"}
			}
		},
		{
			"name": "hexadecagon",
			"from": [-5.77, 19.288, 2.28948],
			"to": [0.35, 19.56, 2.83052],
			"rotation": {"angle": 22.5, "axis": "x", "origin": [-2.71, 18.2, 2.56]},
			"faces": {
				"north": {"uv": [13, 7.25, 14.8125, 7.34375], "texture": "#2"},
				"east": {"uv": [6.25, 9.5, 6.40625, 9.59375], "texture": "#2"},
				"south": {"uv": [13, 7.5, 14.8125, 7.59375], "texture": "#2"},
				"west": {"uv": [6.5, 9.5, 6.65625, 9.59375], "texture": "#2"},
				"up": {"uv": [12.3125, 5.40625, 10.5, 5.25], "texture": "#2"},
				"down": {"uv": [7.8125, 10.5, 6, 10.65625], "texture": "#2"}
			}
		},
		{
			"name": "hexadecagon",
			"from": [-5.77, 17.92948, 4.09],
			"to": [0.35, 18.47052, 4.362],
			"rotation": {"angle": -45, "axis": "x", "origin": [-2.71, 18.2, 5.45]},
			"faces": {
				"north": {"uv": [10.5, 6, 12.3125, 6.15625], "texture": "#2"},
				"east": {"uv": [6.75, 9.5, 6.84375, 9.65625], "texture": "#2"},
				"south": {"uv": [10.5, 6.25, 12.3125, 6.40625], "texture": "#2"},
				"west": {"uv": [7, 9.5, 7.09375, 9.65625], "texture": "#2"},
				"up": {"uv": [9.8125, 13.09375, 8, 13], "texture": "#2"},
				"down": {"uv": [14.8125, 8.25, 13, 8.34375], "texture": "#2"}
			}
		},
		{
			"name": "hexadecagon",
			"from": [-5.7717, 17.92778, 4.0883],
			"to": [0.3517, 18.47222, 4.3637],
			"rotation": {"angle": -22.5, "axis": "x", "origin": [-2.71, 18.2, 5.45]},
			"faces": {
				"north": {"uv": [8, 10.5, 9.8125, 10.65625], "texture": "#2"},
				"east": {"uv": [5.25, 10, 5.34375, 10.15625], "texture": "#2"},
				"south": {"uv": [10, 10.5, 11.8125, 10.65625], "texture": "#2"},
				"west": {"uv": [5.5, 10, 5.59375, 10.15625], "texture": "#2"},
				"up": {"uv": [14.8125, 8.59375, 13, 8.5], "texture": "#2"},
				"down": {"uv": [14.8125, 8.75, 13, 8.84375], "texture": "#2"}
			}
		},
		{
			"name": "hexadecagon",
			"from": [-5.77, 17.92948, 4.09],
			"to": [0.35, 18.47052, 4.362],
			"rotation": {"angle": 0, "axis": "y", "origin": [-2.71, 18.2, 5.45]},
			"faces": {
				"north": {"uv": [0, 10.75, 1.8125, 10.90625], "texture": "#2"},
				"east": {"uv": [5.75, 10, 5.84375, 10.15625], "texture": "#2"},
				"south": {"uv": [2, 10.75, 3.8125, 10.90625], "texture": "#2"},
				"west": {"uv": [6, 10, 6.09375, 10.15625], "texture": "#2"},
				"up": {"uv": [14.8125, 9.09375, 13, 9], "texture": "#2"},
				"down": {"uv": [14.8125, 9.25, 13, 9.34375], "texture": "#2"}
			}
		},
		{
			"name": "hexadecagon",
			"from": [-5.77, 17.92948, 4.09],
			"to": [0.35, 18.47052, 4.362],
			"rotation": {"angle": 22.5, "axis": "x", "origin": [-2.71, 18.2, 5.45]},
			"faces": {
				"north": {"uv": [4, 10.75, 5.8125, 10.90625], "texture": "#2"},
				"east": {"uv": [14.25, 1, 14.34375, 1.15625], "texture": "#2"},
				"south": {"uv": [6, 10.75, 7.8125, 10.90625], "texture": "#2"},
				"west": {"uv": [14.5, 1, 14.59375, 1.15625], "texture": "#2"},
				"up": {"uv": [14.8125, 9.59375, 13, 9.5], "texture": "#2"},
				"down": {"uv": [11.8125, 13, 10, 13.09375], "texture": "#2"}
			}
		},
		{
			"name": "hexadecagon",
			"from": [-5.77, 17.92948, 4.09],
			"to": [0.35, 18.47052, 4.362],
			"rotation": {"angle": 45, "axis": "x", "origin": [-2.71, 18.2, 5.45]},
			"faces": {
				"north": {"uv": [8, 10.75, 9.8125, 10.90625], "texture": "#2"},
				"east": {"uv": [14.5, 5.25, 14.59375, 5.40625], "texture": "#2"},
				"south": {"uv": [10, 10.75, 11.8125, 10.90625], "texture": "#2"},
				"west": {"uv": [14.5, 12.5, 14.59375, 12.65625], "texture": "#2"},
				"up": {"uv": [14.8125, 10.59375, 13, 10.5], "texture": "#2"},
				"down": {"uv": [14.8125, 10.75, 13, 10.84375], "texture": "#2"}
			}
		},
		{
			"name": "hexadecagon",
			"from": [-5.77, 17.92948, 6.538],
			"to": [0.35, 18.47052, 6.81],
			"rotation": {"angle": -45, "axis": "x", "origin": [-2.71, 18.2, 5.45]},
			"faces": {
				"north": {"uv": [0, 11, 1.8125, 11.15625], "texture": "#2"},
				"east": {"uv": [14.75, 1, 14.84375, 1.15625], "texture": "#2"},
				"south": {"uv": [2, 11, 3.8125, 11.15625], "texture": "#2"},
				"west": {"uv": [14.75, 5.25, 14.84375, 5.40625], "texture": "#2"},
				"up": {"uv": [14.8125, 11.09375, 13, 11], "texture": "#2"},
				"down": {"uv": [14.8125, 11.25, 13, 11.34375], "texture": "#2"}
			}
		},
		{
			"name": "hexadecagon",
			"from": [-5.7717, 17.92778, 6.5363],
			"to": [0.3517, 18.47222, 6.8117],
			"rotation": {"angle": -22.5, "axis": "x", "origin": [-2.71, 18.2, 5.45]},
			"faces": {
				"north": {"uv": [11, 3.5, 12.8125, 3.65625], "texture": "#2"},
				"east": {"uv": [14.75, 12.5, 14.84375, 12.65625], "texture": "#2"},
				"south": {"uv": [11, 3.75, 12.8125, 3.90625], "texture": "#2"},
				"west": {"uv": [14, 14.75, 14.09375, 14.90625], "texture": "#2"},
				"up": {"uv": [14.8125, 11.59375, 13, 11.5], "texture": "#2"},
				"down": {"uv": [14.8125, 11.75, 13, 11.84375], "texture": "#2"}
			}
		},
		{
			"name": "hexadecagon",
			"from": [-5.77, 17.92948, 6.538],
			"to": [0.35, 18.47052, 6.81],
			"rotation": {"angle": 0, "axis": "y", "origin": [-2.71, 18.2, 5.45]},
			"faces": {
				"north": {"uv": [4, 11, 5.8125, 11.15625], "texture": "#2"},
				"east": {"uv": [14.25, 14.75, 14.34375, 14.90625], "texture": "#2"},
				"south": {"uv": [11, 4, 12.8125, 4.15625], "texture": "#2"},
				"west": {"uv": [14.5, 14.75, 14.59375, 14.90625], "texture": "#2"},
				"up": {"uv": [13.8125, 13.09375, 12, 13], "texture": "#2"},
				"down": {"uv": [1.8125, 13.25, 0, 13.34375], "texture": "#2"}
			}
		},
		{
			"name": "hexadecagon",
			"from": [-5.7717, 17.92778, 6.5363],
			"to": [0.3517, 18.47222, 6.8117],
			"rotation": {"angle": 22.5, "axis": "x", "origin": [-2.71, 18.2, 5.45]},
			"faces": {
				"north": {"uv": [11, 4.25, 12.8125, 4.40625], "texture": "#2"},
				"east": {"uv": [14.75, 14.75, 14.84375, 14.90625], "texture": "#2"},
				"south": {"uv": [11, 5.5, 12.8125, 5.65625], "texture": "#2"},
				"west": {"uv": [0, 15, 0.09375, 15.15625], "texture": "#2"},
				"up": {"uv": [15.0625, 0.09375, 13.25, 0], "texture": "#2"},
				"down": {"uv": [15.0625, 0.25, 13.25, 0.34375], "texture": "#2"}
			}
		},
		{
			"name": "hexadecagon",
			"from": [-5.77, 17.92948, 6.538],
			"to": [0.35, 18.47052, 6.81],
			"rotation": {"angle": 45, "axis": "x", "origin": [-2.71, 18.2, 5.45]},
			"faces": {
				"north": {"uv": [11, 5.75, 12.8125, 5.90625], "texture": "#2"},
				"east": {"uv": [0.25, 15, 0.34375, 15.15625], "texture": "#2"},
				"south": {"uv": [6, 11, 7.8125, 11.15625], "texture": "#2"},
				"west": {"uv": [0.5, 15, 0.59375, 15.15625], "texture": "#2"},
				"up": {"uv": [15.0625, 0.59375, 13.25, 0.5], "texture": "#2"},
				"down": {"uv": [15.0625, 0.75, 13.25, 0.84375], "texture": "#2"}
			}
		},
		{
			"name": "hexadecagon",
			"from": [-5.7717, 16.8383, 5.17778],
			"to": [0.3517, 17.1137, 5.72222],
			"rotation": {"angle": -22.5, "axis": "x", "origin": [-2.71, 18.2, 5.45]},
			"faces": {
				"north": {"uv": [2, 13.25, 3.8125, 13.34375], "texture": "#2"},
				"east": {"uv": [0.75, 15, 0.90625, 15.09375], "texture": "#2"},
				"south": {"uv": [4, 13.25, 5.8125, 13.34375], "texture": "#2"},
				"west": {"uv": [1, 15, 1.15625, 15.09375], "texture": "#2"},
				"up": {"uv": [9.8125, 11.15625, 8, 11], "texture": "#2"},
				"down": {"uv": [12.8125, 8.25, 11, 8.40625], "texture": "#2"}
			}
		},
		{
			"name": "hexadecagon",
			"from": [-5.77, 16.84, 5.17948],
			"to": [0.35, 17.112, 5.72052],
			"rotation": {"angle": 0, "axis": "y", "origin": [-2.71, 18.2, 5.45]},
			"faces": {
				"north": {"uv": [6, 13.25, 7.8125, 13.34375], "texture": "#2"},
				"east": {"uv": [15, 1, 15.15625, 1.09375], "texture": "#2"},
				"south": {"uv": [8, 13.25, 9.8125, 13.34375], "texture": "#2"},
				"west": {"uv": [1.25, 15, 1.40625, 15.09375], "texture": "#2"},
				"up": {"uv": [12.8125, 8.65625, 11, 8.5], "texture": "#2"},
				"down": {"uv": [12.8125, 8.75, 11, 8.90625], "texture": "#2"}
			}
		},
		{
			"name": "hexadecagon",
			"from": [-5.7717, 16.8383, 5.17778],
			"to": [0.3517, 17.1137, 5.72222],
			"rotation": {"angle": 22.5, "axis": "x", "origin": [-2.71, 18.2, 5.45]},
			"faces": {
				"north": {"uv": [10, 13.25, 11.8125, 13.34375], "texture": "#2"},
				"east": {"uv": [1.5, 15, 1.65625, 15.09375], "texture": "#2"},
				"south": {"uv": [13.25, 10.25, 15.0625, 10.34375], "texture": "#2"},
				"west": {"uv": [1.75, 15, 1.90625, 15.09375], "texture": "#2"},
				"up": {"uv": [12.8125, 9.15625, 11, 9], "texture": "#2"},
				"down": {"uv": [12.8125, 9.25, 11, 9.40625], "texture": "#2"}
			}
		},
		{
			"name": "hexadecagon",
			"from": [-5.7717, 19.2863, 5.17778],
			"to": [0.3517, 19.5617, 5.72222],
			"rotation": {"angle": -22.5, "axis": "x", "origin": [-2.71, 18.2, 5.45]},
			"faces": {
				"north": {"uv": [12, 13.25, 13.8125, 13.34375], "texture": "#2"},
				"east": {"uv": [15, 3.5, 15.15625, 3.59375], "texture": "#2"},
				"south": {"uv": [0, 13.5, 1.8125, 13.59375], "texture": "#2"},
				"west": {"uv": [15, 3.75, 15.15625, 3.84375], "texture": "#2"},
				"up": {"uv": [12.8125, 9.65625, 11, 9.5], "texture": "#2"},
				"down": {"uv": [11.8125, 11, 10, 11.15625], "texture": "#2"}
			}
		},
		{
			"name": "hexadecagon",
			"from": [-5.77, 19.288, 5.17948],
			"to": [0.35, 19.56, 5.72052],
			"rotation": {"angle": 0, "axis": "y", "origin": [-2.71, 18.2, 5.45]},
			"faces": {
				"north": {"uv": [2, 13.5, 3.8125, 13.59375], "texture": "#2"},
				"east": {"uv": [15, 4, 15.15625, 4.09375], "texture": "#2"},
				"south": {"uv": [4, 13.5, 5.8125, 13.59375], "texture": "#2"},
				"west": {"uv": [15, 4.25, 15.15625, 4.34375], "texture": "#2"},
				"up": {"uv": [1.8125, 11.40625, 0, 11.25], "texture": "#2"},
				"down": {"uv": [13.0625, 0, 11.25, 0.15625], "texture": "#2"}
			}
		},
		{
			"name": "hexadecagon",
			"from": [-5.7717, 19.2863, 5.17778],
			"to": [0.3517, 19.5617, 5.72222],
			"rotation": {"angle": 22.5, "axis": "x", "origin": [-2.71, 18.2, 5.45]},
			"faces": {
				"north": {"uv": [6, 13.5, 7.8125, 13.59375], "texture": "#2"},
				"east": {"uv": [15, 4.5, 15.15625, 4.59375], "texture": "#2"},
				"south": {"uv": [13.5, 6.5, 15.3125, 6.59375], "texture": "#2"},
				"west": {"uv": [15, 4.75, 15.15625, 4.84375], "texture": "#2"},
				"up": {"uv": [13.0625, 0.40625, 11.25, 0.25], "texture": "#2"},
				"down": {"uv": [13.0625, 0.5, 11.25, 0.65625], "texture": "#2"}
			}
		},
		{
			"name": "hexadecagon",
			"from": [-5.79125, 19.26823, 2.36875],
			"to": [0.37125, 19.85177, 2.68325],
			"rotation": {"angle": -45, "axis": "x", "origin": [-2.71, 19.56, 3.75]},
			"faces": {
				"north": {"uv": [11.25, 0.75, 13.0625, 0.90625], "texture": "#2"},
				"east": {"uv": [15, 5, 15.09375, 5.15625], "texture": "#2"},
				"south": {"uv": [2, 11.25, 3.8125, 11.40625], "texture": "#2"},
				"west": {"uv": [15, 5.25, 15.09375, 5.40625], "texture": "#2"},
				"up": {"uv": [9.8125, 13.59375, 8, 13.5], "texture": "#2"},
				"down": {"uv": [11.8125, 13.5, 10, 13.59375], "texture": "#2"}
			}
		},
		{
			"name": "hexadecagon",
			"from": [-5.7955, 19.26398, 2.3645],
			"to": [0.3755, 19.85602, 2.6875],
			"rotation": {"angle": -22.5, "axis": "x", "origin": [-2.71, 19.56, 3.75]},
			"faces": {
				"north": {"uv": [4, 11.25, 5.8125, 11.40625], "texture": "#2"},
				"east": {"uv": [15, 5.5, 15.09375, 5.65625], "texture": "#2"},
				"south": {"uv": [6, 11.25, 7.8125, 11.40625], "texture": "#2"},
				"west": {"uv": [15, 5.75, 15.09375, 5.90625], "texture": "#2"},
				"up": {"uv": [13.8125, 13.59375, 12, 13.5], "texture": "#2"},
				"down": {"uv": [1.8125, 13.75, 0, 13.84375], "texture": "#2"}
			}
		},
		{
			"name": "hexadecagon",
			"from": [-5.79125, 19.26823, 2.36875],
			"to": [0.37125, 19.85177, 2.68325],
			"rotation": {"angle": 0, "axis": "y", "origin": [-2.71, 19.56, 3.75]},
			"faces": {
				"north": {"uv": [8, 11.25, 9.8125, 11.40625], "texture": "#2"},
				"east": {"uv": [15, 6, 15.09375, 6.15625], "texture": "#2"},
				"south": {"uv": [10, 11.25, 11.8125, 11.40625], "texture": "#2"},
				"west": {"uv": [15, 6.25, 15.09375, 6.40625], "texture": "#2"},
				"up": {"uv": [3.8125, 13.84375, 2, 13.75], "texture": "#2"},
				"down": {"uv": [5.8125, 13.75, 4, 13.84375], "texture": "#2"}
			}
		},
		{
			"name": "hexadecagon",
			"from": [-5.7955, 19.26398, 2.3645],
			"to": [0.3755, 19.85602, 2.6875],
			"rotation": {"angle": 22.5, "axis": "x", "origin": [-2.71, 19.56, 3.75]},
			"faces": {
				"north": {"uv": [11.25, 10.25, 13.0625, 10.40625], "texture": "#2"},
				"east": {"uv": [15, 7, 15.09375, 7.15625], "texture": "#2"},
				"south": {"uv": [0, 11.5, 1.8125, 11.65625], "texture": "#2"},
				"west": {"uv": [15, 7.25, 15.09375, 7.40625], "texture": "#2"},
				"up": {"uv": [7.8125, 13.84375, 6, 13.75], "texture": "#2"},
				"down": {"uv": [9.8125, 13.75, 8, 13.84375], "texture": "#2"}
			}
		},
		{
			"name": "hexadecagon",
			"from": [-5.79125, 19.26823, 2.36875],
			"to": [0.37125, 19.85177, 2.68325],
			"rotation": {"angle": 45, "axis": "x", "origin": [-2.71, 19.56, 3.75]},
			"faces": {
				"north": {"uv": [2, 11.5, 3.8125, 11.65625], "texture": "#2"},
				"east": {"uv": [15, 7.5, 15.09375, 7.65625], "texture": "#2"},
				"south": {"uv": [4, 11.5, 5.8125, 11.65625], "texture": "#2"},
				"west": {"uv": [15, 8.25, 15.09375, 8.40625], "texture": "#2"},
				"up": {"uv": [11.8125, 13.84375, 10, 13.75], "texture": "#2"},
				"down": {"uv": [13.8125, 13.75, 12, 13.84375], "texture": "#2"}
			}
		},
		{
			"name": "hexadecagon",
			"from": [-5.79125, 19.26823, 4.81675],
			"to": [0.37125, 19.85177, 5.13125],
			"rotation": {"angle": -45, "axis": "x", "origin": [-2.71, 19.56, 3.75]},
			"faces": {
				"north": {"uv": [6, 11.5, 7.8125, 11.65625], "texture": "#2"},
				"east": {"uv": [15, 8.5, 15.09375, 8.65625], "texture": "#2"},
				"south": {"uv": [11.5, 6.5, 13.3125, 6.65625], "texture": "#2"},
				"west": {"uv": [15, 8.75, 15.09375, 8.90625], "texture": "#2"},
				"up": {"uv": [1.8125, 14.09375, 0, 14], "texture": "#2"},
				"down": {"uv": [15.8125, 1.25, 14, 1.34375], "texture": "#2"}
			}
		},
		{
			"name": "hexadecagon",
			"from": [-5.7955, 19.26398, 4.8125],
			"to": [0.3755, 19.85602, 5.1355],
			"rotation": {"angle": -22.5, "axis": "x", "origin": [-2.71, 19.56, 3.75]},
			"faces": {
				"north": {"uv": [8, 11.5, 9.8125, 11.65625], "texture": "#2"},
				"east": {"uv": [15, 9, 15.09375, 9.15625], "texture": "#2"},
				"south": {"uv": [10, 11.5, 11.8125, 11.65625], "texture": "#2"},
				"west": {"uv": [15, 9.25, 15.09375, 9.40625], "texture": "#2"},
				"up": {"uv": [15.8125, 1.59375, 14, 1.5], "texture": "#2"},
				"down": {"uv": [15.8125, 1.75, 14, 1.84375], "texture": "#2"}
			}
		},
		{
			"name": "hexadecagon",
			"from": [-5.79125, 19.26823, 4.81675],
			"to": [0.37125, 19.85177, 5.13125],
			"rotation": {"angle": 0, "axis": "y", "origin": [-2.71, 19.56, 3.75]},
			"faces": {
				"north": {"uv": [0, 11.75, 1.8125, 11.90625], "texture": "#2"},
				"east": {"uv": [15, 9.5, 15.09375, 9.65625], "texture": "#2"},
				"south": {"uv": [2, 11.75, 3.8125, 11.90625], "texture": "#2"},
				"west": {"uv": [15, 10.5, 15.09375, 10.65625], "texture": "#2"},
				"up": {"uv": [3.8125, 14.09375, 2, 14], "texture": "#2"},
				"down": {"uv": [15.8125, 2.5, 14, 2.59375], "texture": "#2"}
			}
		},
		{
			"name": "hexadecagon",
			"from": [-5.7955, 19.26398, 4.8125],
			"to": [0.3755, 19.85602, 5.1355],
			"rotation": {"angle": 22.5, "axis": "x", "origin": [-2.71, 19.56, 3.75]},
			"faces": {
				"north": {"uv": [4, 11.75, 5.8125, 11.90625], "texture": "#2"},
				"east": {"uv": [15, 10.75, 15.09375, 10.90625], "texture": "#2"},
				"south": {"uv": [6, 11.75, 7.8125, 11.90625], "texture": "#2"},
				"west": {"uv": [15, 11, 15.09375, 11.15625], "texture": "#2"},
				"up": {"uv": [15.8125, 2.84375, 14, 2.75], "texture": "#2"},
				"down": {"uv": [15.8125, 3, 14, 3.09375], "texture": "#2"}
			}
		},
		{
			"name": "hexadecagon",
			"from": [-5.79125, 19.26823, 4.81675],
			"to": [0.37125, 19.85177, 5.13125],
			"rotation": {"angle": 45, "axis": "x", "origin": [-2.71, 19.56, 3.75]},
			"faces": {
				"north": {"uv": [8, 11.75, 9.8125, 11.90625], "texture": "#2"},
				"east": {"uv": [15, 11.25, 15.09375, 11.40625], "texture": "#2"},
				"south": {"uv": [10, 11.75, 11.8125, 11.90625], "texture": "#2"},
				"west": {"uv": [15, 11.5, 15.09375, 11.65625], "texture": "#2"},
				"up": {"uv": [15.8125, 3.34375, 14, 3.25], "texture": "#2"},
				"down": {"uv": [5.8125, 14, 4, 14.09375], "texture": "#2"}
			}
		},
		{
			"name": "hexadecagon",
			"from": [-5.7955, 18.1745, 3.45398],
			"to": [0.3755, 18.4975, 4.04602],
			"rotation": {"angle": -22.5, "axis": "x", "origin": [-2.71, 19.56, 3.75]},
			"faces": {
				"north": {"uv": [6, 14, 7.8125, 14.09375], "texture": "#2"},
				"east": {"uv": [15, 11.75, 15.15625, 11.84375], "texture": "#2"},
				"south": {"uv": [14, 6.75, 15.8125, 6.84375], "texture": "#2"},
				"west": {"uv": [15, 12, 15.15625, 12.09375], "texture": "#2"},
				"up": {"uv": [1.8125, 12.15625, 0, 12], "texture": "#2"},
				"down": {"uv": [13.8125, 1.25, 12, 1.40625], "texture": "#2"}
			}
		},
		{
			"name": "hexadecagon",
			"from": [-5.79125, 18.17875, 3.45823],
			"to": [0.37125, 18.49325, 4.04177],
			"rotation": {"angle": 0, "axis": "y", "origin": [-2.71, 19.56, 3.75]},
			"faces": {
				"north": {"uv": [8, 14, 9.8125, 14.09375], "texture": "#2"},
				"east": {"uv": [15, 12.25, 15.15625, 12.34375], "texture": "#2"},
				"south": {"uv": [10, 14, 11.8125, 14.09375], "texture": "#2"},
				"west": {"uv": [15, 12.5, 15.15625, 12.59375], "texture": "#2"},
				"up": {"uv": [13.8125, 1.65625, 12, 1.5], "texture": "#2"},
				"down": {"uv": [13.8125, 1.75, 12, 1.90625], "texture": "#2"}
			}
		},
		{
			"name": "hexadecagon",
			"from": [-5.7955, 18.1745, 3.45398],
			"to": [0.3755, 18.4975, 4.04602],
			"rotation": {"angle": 22.5, "axis": "x", "origin": [-2.71, 19.56, 3.75]},
			"faces": {
				"north": {"uv": [12, 14, 13.8125, 14.09375], "texture": "#2"},
				"east": {"uv": [14, 15, 14.15625, 15.09375], "texture": "#2"},
				"south": {"uv": [14, 12.75, 15.8125, 12.84375], "texture": "#2"},
				"west": {"uv": [14.25, 15, 14.40625, 15.09375], "texture": "#2"},
				"up": {"uv": [3.8125, 12.15625, 2, 12], "texture": "#2"},
				"down": {"uv": [13.8125, 2.5, 12, 2.65625], "texture": "#2"}
			}
		},
		{
			"name": "hexadecagon",
			"from": [-5.7955, 20.6225, 3.45398],
			"to": [0.3755, 20.9455, 4.04602],
			"rotation": {"angle": -22.5, "axis": "x", "origin": [-2.71, 19.56, 3.75]},
			"faces": {
				"north": {"uv": [14, 13, 15.8125, 13.09375], "texture": "#2"},
				"east": {"uv": [15, 14.25, 15.15625, 14.34375], "texture": "#2"},
				"south": {"uv": [14, 13.25, 15.8125, 13.34375], "texture": "#2"},
				"west": {"uv": [14.5, 15, 14.65625, 15.09375], "texture": "#2"},
				"up": {"uv": [13.8125, 2.90625, 12, 2.75], "texture": "#2"},
				"down": {"uv": [13.8125, 3, 12, 3.15625], "texture": "#2"}
			}
		},
		{
			"name": "hexadecagon",
			"from": [-5.79125, 20.62675, 3.45823],
			"to": [0.37125, 20.94125, 4.04177],
			"rotation": {"angle": 0, "axis": "y", "origin": [-2.71, 19.56, 3.75]},
			"faces": {
				"north": {"uv": [14, 13.5, 15.8125, 13.59375], "texture": "#2"},
				"east": {"uv": [15, 14.5, 15.15625, 14.59375], "texture": "#2"},
				"south": {"uv": [14, 13.75, 15.8125, 13.84375], "texture": "#2"},
				"west": {"uv": [14.75, 15, 14.90625, 15.09375], "texture": "#2"},
				"up": {"uv": [13.8125, 3.40625, 12, 3.25], "texture": "#2"},
				"down": {"uv": [5.8125, 12, 4, 12.15625], "texture": "#2"}
			}
		},
		{
			"name": "hexadecagon",
			"from": [-5.7955, 20.6225, 3.45398],
			"to": [0.3755, 20.9455, 4.04602],
			"rotation": {"angle": 22.5, "axis": "x", "origin": [-2.71, 19.56, 3.75]},
			"faces": {
				"north": {"uv": [14, 14, 15.8125, 14.09375], "texture": "#2"},
				"east": {"uv": [15, 14.75, 15.15625, 14.84375], "texture": "#2"},
				"south": {"uv": [0, 14.25, 1.8125, 14.34375], "texture": "#2"},
				"west": {"uv": [15, 15, 15.15625, 15.09375], "texture": "#2"},
				"up": {"uv": [7.8125, 12.15625, 6, 12], "texture": "#2"},
				"down": {"uv": [13.8125, 6.75, 12, 6.90625], "texture": "#2"}
			}
		},
		{
			"from": [-2.88, 21.43, 2.73],
			"to": [-1.52, 21.43, 4.09],
			"rotation": {"angle": 45, "axis": "x", "origin": [-2.2, 21.43, 3.41]},
			"faces": {
				"north": {"uv": [0, 0, 0.40625, 0], "texture": "#2"},
				"east": {"uv": [0, 0, 0.40625, 0], "texture": "#2"},
				"south": {"uv": [0, 0, 0.40625, 0], "texture": "#2"},
				"west": {"uv": [0, 0, 0.40625, 0], "texture": "#2"},
				"up": {"uv": [2.40625, 14.65625, 2, 14.25], "texture": "#2"},
				"down": {"uv": [14.65625, 2, 14.25, 2.40625], "texture": "#2"}
			}
		},
		{
			"from": [-2.88, 20.75048, 4.37215],
			"to": [-1.52, 22.11048, 4.37215],
			"rotation": {"angle": 45, "axis": "x", "origin": [-2.2, 21.43048, 4.37215]},
			"faces": {
				"north": {"uv": [2.5, 14.25, 2.90625, 14.65625], "texture": "#2"},
				"east": {"uv": [0, 0, 0, 0.40625], "texture": "#2"},
				"south": {"uv": [3, 14.25, 3.40625, 14.65625], "texture": "#2"},
				"west": {"uv": [0, 0, 0, 0.40625], "texture": "#2"},
				"up": {"uv": [0.40625, 0, 0, 0], "texture": "#2"},
				"down": {"uv": [0.40625, 0, 0, 0], "texture": "#2"}
			}
		},
		{
			"from": [0.62, 7.898, 0.962],
			"to": [7.76, 16.738, 1.642],
			"rotation": {"angle": 22.5, "axis": "x", "origin": [4.19, 12.318, 1.302]},
			"faces": {
				"north": {"uv": [0, 3, 2.09375, 5.59375], "texture": "#2"},
				"east": {"uv": [2, 5.75, 2.1875, 8.34375], "texture": "#2"},
				"south": {"uv": [2.09375, 3, 0, 5.59375], "texture": "#2"},
				"west": {"uv": [5.75, 6.75, 5.9375, 9.34375], "texture": "#2"},
				"up": {"uv": [11.34375, 6.6875, 9.25, 6.5], "texture": "#2"},
				"down": {"uv": [12.09375, 1, 10, 1.1875], "texture": "#2"}
			}
		}
	],
	"display": {
		"head": {
			"translation": [-5.25, -8, 3.5],
			"scale": [1.75, 1.75, 1.75]
		}
	},
	"groups": [
		{
			"name": "bike",
			"origin": [8, 8, 8],
			"color": 0,
			"children": [
				{
					"name": "wheel_a",
					"origin": [8, 8, 8],
					"color": 0,
					"children": [0, 1, 2, 3, 4, 5, 6, 7, 8, 9, 10]
				},
				{
					"name": "wheel_b",
					"origin": [8, 8, 8],
					"color": 0,
					"children": [11, 12, 13, 14, 15, 16, 17, 18, 19, 20, 21]
				},
				{
					"name": "bike_body",
					"origin": [2, 6, 0],
					"color": 0,
					"children": [
						22,
						23,
						24,
						25,
						26,
						27,
						28,
						29,
						30,
						{
							"name": "basket",
							"origin": [8, 8, 8],
							"color": 0,
							"children": [
								31,
								32,
								33,
								34,
								35,
								{
									"name": "newspaper",
									"origin": [8, 8, 8],
									"color": 0,
									"children": [
										{
											"name": "hexadecagon",
											"origin": [8, 8, 8],
											"color": 0,
											"children": [36, 37, 38, 39, 40, 41, 42, 43, 44, 45, 46, 47, 48, 49, 50, 51]
										},
										{
											"name": "hexadecagon",
											"origin": [8, 8, 8],
											"color": 0,
											"children": [52, 53, 54, 55, 56, 57, 58, 59, 60, 61, 62, 63, 64, 65, 66, 67]
										},
										{
											"name": "hexadecagon",
											"origin": [8, 8, 8],
											"color": 0,
											"children": [
												68,
												69,
												70,
												71,
												72,
												73,
												74,
												75,
												76,
												77,
												78,
												79,
												80,
												81,
												82,
												83,
												{
													"name": "bow",
													"origin": [-7, 28.75071, 2.66492],
													"color": 0,
													"children": [84, 85]
												}
											]
										},
										{
											"name": "theseus_news",
											"origin": [-10, 0, 0],
											"color": 0,
											"children": []
										},
										86
									]
								}
							]
						}
					]
				}
			]
		}
	]
}