{
	"credit": "Made with Blockbench",
	"texture_size": [64, 64],
	"textures": {
		"3": "custom:item/newspaper_delivery"
	},
	"elements": [
		{
			"from": [-3.7, -0.1, 1.7],
			"to": [10.7, 14.3, 1.7],
			"rotation": {"angle": 0, "axis": "y", "origin": [0.8, 0.8, 0.8]},
			"faces": {
				"north": {"uv": [0, 0, 3.625, 3.625], "texture": "#3"},
				"east": {"uv": [0, 0, 0, 3.625], "texture": "#3"},
				"south": {"uv": [0, 0, 3.625, 3.625], "texture": "#3"},
				"west": {"uv": [0, 0, 0, 3.625], "texture": "#3"},
				"up": {"uv": [3.625, 0, 0, 0], "texture": "#3"},
				"down": {"uv": [3.625, 0, 0, 0], "texture": "#3"}
			}
		},
		{
			"from": [0.8, 0.8, 0.8],
			"to": [6.2, 2.6, 2.6],
			"rotation": {"angle": 0, "axis": "y", "origin": [0.8, 0.8, 0.8]},
			"faces": {
				"north": {"uv": [6.75, 9.5, 8.125, 9.9375], "texture": "#3"},
				"east": {"uv": [3.75, 3.25, 4.1875, 3.6875], "texture": "#3"},
				"south": {"uv": [8.25, 9.5, 9.625, 9.9375], "texture": "#3"},
				"west": {"uv": [11.75, 1.5, 12.1875, 1.9375], "texture": "#3"},
				"up": {"uv": [11.125, 9.9375, 9.75, 9.5], "texture": "#3"},
				"down": {"uv": [8.125, 10, 6.75, 10.4375], "texture": "#3"}
			}
		},
		{
			"from": [8.21838, 4.61838, 0.8],
			"to": [10.01838, 8.21838, 2.6],
			"rotation": {"angle": 0, "axis": "y", "origin": [8.21838, 10.01838, 0.8]},
			"faces": {
				"north": {"uv": [3.75, 2.25, 4.1875, 3.125], "texture": "#3"},
				"east": {"uv": [1.5, 10, 1.9375, 10.875], "texture": "#3"},
				"south": {"uv": [3, 11.75, 3.4375, 12.625], "texture": "#3"},
				"west": {"uv": [3.5, 11.75, 3.9375, 12.625], "texture": "#3"},
				"up": {"uv": [12.9375, 5.9375, 12.5, 5.5], "texture": "#3"},
				"down": {"uv": [12.9375, 6, 12.5, 6.4375], "texture": "#3"}
			}
		},
		{
			"from": [4.79529, 2.46808, 0.8225],
			"to": [10.15029, 4.22308, 2.5775],
			"rotation": {"angle": 45, "axis": "z", "origin": [7.47279, 3.34558, 1.7]},
			"faces": {
				"north": {"uv": [8.25, 10, 9.625, 10.4375], "texture": "#3"},
				"east": {"uv": [12.5, 12.25, 12.9375, 12.6875], "texture": "#3"},
				"south": {"uv": [9.75, 10, 11.125, 10.4375], "texture": "#3"},
				"west": {"uv": [12.75, 0, 13.1875, 0.4375], "texture": "#3"},
				"up": {"uv": [1.375, 10.6875, 0, 10.25], "texture": "#3"},
				"down": {"uv": [11.625, 1, 10.25, 1.4375], "texture": "#3"}
			}
		},
		{
			"from": [-3.15029, 2.46808, 0.8225],
			"to": [2.20471, 4.22308, 2.5775],
			"rotation": {"angle": -45, "axis": "z", "origin": [-0.47279, 3.34558, 1.7]},
			"faces": {
				"north": {"uv": [10.25, 1.5, 11.625, 1.9375], "texture": "#3"},
				"east": {"uv": [12.75, 0.5, 13.1875, 0.9375], "texture": "#3"},
				"south": {"uv": [10.25, 9, 11.625, 9.4375], "texture": "#3"},
				"west": {"uv": [3, 12.75, 3.4375, 13.1875], "texture": "#3"},
				"up": {"uv": [8.125, 10.9375, 6.75, 10.5], "texture": "#3"},
				"down": {"uv": [11.875, 6.75, 10.5, 7.1875], "texture": "#3"}
			}
		},
		{
			"from": [-3.01838, 4.61838, 0.8],
			"to": [-1.21838, 8.21838, 2.6],
			"rotation": {"angle": 0, "axis": "y", "origin": [-1.21838, 10.01838, 0.8]},
			"faces": {
				"north": {"uv": [4, 11.75, 4.4375, 12.625], "texture": "#3"},
				"east": {"uv": [1.5, 12, 1.9375, 12.875], "texture": "#3"},
				"south": {"uv": [2, 12, 2.4375, 12.875], "texture": "#3"},
				"west": {"uv": [2.5, 12, 2.9375, 12.875], "texture": "#3"},
				"up": {"uv": [13.1875, 3.4375, 12.75, 3], "texture": "#3"},
				"down": {"uv": [3.9375, 12.75, 3.5, 13.1875], "texture": "#3"}
			}
		},
		{
			"from": [0.8225, 11.6225, 0.8225],
			"to": [6.1775, 13.3775, 2.5775],
			"rotation": {"angle": 0, "axis": "y", "origin": [0.8, 13.4, 0.8]},
			"faces": {
				"north": {"uv": [8.25, 10.5, 9.625, 10.9375], "texture": "#3"},
				"east": {"uv": [12.75, 3.5, 13.1875, 3.9375], "texture": "#3"},
				"south": {"uv": [9.75, 10.5, 11.125, 10.9375], "texture": "#3"},
				"west": {"uv": [4, 12.75, 4.4375, 13.1875], "texture": "#3"},
				"up": {"uv": [1.375, 11.1875, 0, 10.75], "texture": "#3"},
				"down": {"uv": [12.125, 0, 10.75, 0.4375], "texture": "#3"}
			}
		},
		{
			"from": [8.24088, 6.00412, 0.8225],
			"to": [9.99588, 9.55912, 2.5775],
			"rotation": {"angle": 0, "axis": "y", "origin": [8.21838, 4.18162, 0.8]},
			"faces": {
				"north": {"uv": [4.5, 12, 4.9375, 12.875], "texture": "#3"},
				"east": {"uv": [5, 12, 5.4375, 12.875], "texture": "#3"},
				"south": {"uv": [5.5, 12, 5.9375, 12.875], "texture": "#3"},
				"west": {"uv": [6, 12, 6.4375, 12.875], "texture": "#3"},
				"up": {"uv": [13.1875, 4.4375, 12.75, 4], "texture": "#3"},
				"down": {"uv": [13.1875, 4.5, 12.75, 4.9375], "texture": "#3"}
			}
		},
		{
			"from": [4.77279, 9.95442, 0.8],
			"to": [10.17279, 11.75442, 2.6],
			"rotation": {"angle": -45, "axis": "z", "origin": [7.47279, 10.85442, 1.7]},
			"faces": {
				"north": {"uv": [10.75, 0.5, 12.125, 0.9375], "texture": "#3"},
				"east": {"uv": [12.75, 5, 13.1875, 5.4375], "texture": "#3"},
				"south": {"uv": [4.25, 10.75, 5.625, 11.1875], "texture": "#3"},
				"west": {"uv": [12.75, 6.5, 13.1875, 6.9375], "texture": "#3"},
				"up": {"uv": [12.125, 7.6875, 10.75, 7.25], "texture": "#3"},
				"down": {"uv": [12.125, 7.75, 10.75, 8.1875], "texture": "#3"}
			}
		},
		{
			"from": [-3.17279, 9.95442, 0.8],
			"to": [2.22721, 11.75442, 2.6],
			"rotation": {"angle": 45, "axis": "z", "origin": [-0.47279, 10.85442, 1.7]},
			"faces": {
				"north": {"uv": [10.75, 8.25, 12.125, 8.6875], "texture": "#3"},
				"east": {"uv": [12.75, 7, 13.1875, 7.4375], "texture": "#3"},
				"south": {"uv": [1.5, 11, 2.875, 11.4375], "texture": "#3"},
				"west": {"uv": [12.75, 7.5, 13.1875, 7.9375], "texture": "#3"},
				"up": {"uv": [12.375, 2.4375, 11, 2], "texture": "#3"},
				"down": {"uv": [12.375, 2.5, 11, 2.9375], "texture": "#3"}
			}
		},
		{
			"from": [-2.99588, 6.00412, 0.8225],
			"to": [-1.24088, 9.55912, 2.5775],
			"rotation": {"angle": 0, "axis": "y", "origin": [-1.21838, 4.18162, 0.8]},
			"faces": {
				"north": {"uv": [6.5, 12, 6.9375, 12.875], "texture": "#3"},
				"east": {"uv": [7, 12, 7.4375, 12.875], "texture": "#3"},
				"south": {"uv": [7.5, 12, 7.9375, 12.875], "texture": "#3"},
				"west": {"uv": [8, 12, 8.4375, 12.875], "texture": "#3"},
				"up": {"uv": [13.1875, 8.4375, 12.75, 8], "texture": "#3"},
				"down": {"uv": [13.1875, 9, 12.75, 9.4375], "texture": "#3"}
			}
		},
		{
			"from": [15.2, -0.1, 1.7],
			"to": [29.6, 14.3, 1.7],
			"rotation": {"angle": 0, "axis": "y", "origin": [19.7, 0.8, 0.8]},
			"faces": {
				"north": {"uv": [0, 0, 3.625, 3.625], "texture": "#3"},
				"east": {"uv": [0, 0, 0, 3.625], "texture": "#3"},
				"south": {"uv": [0, 0, 3.625, 3.625], "texture": "#3"},
				"west": {"uv": [0, 0, 0, 3.625], "texture": "#3"},
				"up": {"uv": [3.625, 0, 0, 0], "texture": "#3"},
				"down": {"uv": [3.625, 0, 0, 0], "texture": "#3"}
			}
		},
		{
			"from": [19.7, 0.8, 0.8],
			"to": [25.1, 2.6, 2.6],
			"rotation": {"angle": 0, "axis": "y", "origin": [19.7, 0.8, 0.8]},
			"faces": {
				"north": {"uv": [11, 3, 12.375, 3.4375], "texture": "#3"},
				"east": {"uv": [12.75, 9.5, 13.1875, 9.9375], "texture": "#3"},
				"south": {"uv": [11, 3.5, 12.375, 3.9375], "texture": "#3"},
				"west": {"uv": [12.75, 10, 13.1875, 10.4375], "texture": "#3"},
				"up": {"uv": [12.375, 4.4375, 11, 4], "texture": "#3"},
				"down": {"uv": [12.375, 4.5, 11, 4.9375], "texture": "#3"}
			}
		},
		{
			"from": [27.11838, 4.61838, 0.8],
			"to": [28.91838, 8.21838, 2.6],
			"rotation": {"angle": 0, "axis": "y", "origin": [27.11838, 10.01838, 0.8]},
			"faces": {
				"north": {"uv": [8.5, 12, 8.9375, 12.875], "texture": "#3"},
				"east": {"uv": [9, 12, 9.4375, 12.875], "texture": "#3"},
				"south": {"uv": [9.5, 12, 9.9375, 12.875], "texture": "#3"},
				"west": {"uv": [10, 12, 10.4375, 12.875], "texture": "#3"},
				"up": {"uv": [13.1875, 10.9375, 12.75, 10.5], "texture": "#3"},
				"down": {"uv": [13.1875, 11, 12.75, 11.4375], "texture": "#3"}
			}
		},
		{
			"from": [23.69529, 2.46808, 0.8225],
			"to": [29.05029, 4.22308, 2.5775],
			"rotation": {"angle": 45, "axis": "z", "origin": [26.37279, 3.34558, 1.7]},
			"faces": {
				"north": {"uv": [11, 5, 12.375, 5.4375], "texture": "#3"},
				"east": {"uv": [12.75, 11.5, 13.1875, 11.9375], "texture": "#3"},
				"south": {"uv": [11, 5.5, 12.375, 5.9375], "texture": "#3"},
				"west": {"uv": [12.5, 12.75, 12.9375, 13.1875], "texture": "#3"},
				"up": {"uv": [7.125, 11.4375, 5.75, 11], "texture": "#3"},
				"down": {"uv": [12.375, 6, 11, 6.4375], "texture": "#3"}
			}
		},
		{
			"from": [15.74971, 2.46808, 0.8225],
			"to": [21.10471, 4.22308, 2.5775],
			"rotation": {"angle": -45, "axis": "z", "origin": [18.42721, 3.34558, 1.7]},
			"faces": {
				"north": {"uv": [7.25, 11, 8.625, 11.4375], "texture": "#3"},
				"east": {"uv": [1.5, 13, 1.9375, 13.4375], "texture": "#3"},
				"south": {"uv": [8.75, 11, 10.125, 11.4375], "texture": "#3"},
				"west": {"uv": [13, 1.5, 13.4375, 1.9375], "texture": "#3"},
				"up": {"uv": [11.625, 11.4375, 10.25, 11], "texture": "#3"},
				"down": {"uv": [1.375, 11.25, 0, 11.6875], "texture": "#3"}
			}
		},
		{
			"from": [15.88162, 4.61838, 0.8],
			"to": [17.68162, 8.21838, 2.6],
			"rotation": {"angle": 0, "axis": "y", "origin": [17.68162, 10.01838, 0.8]},
			"faces": {
				"north": {"uv": [10.5, 12, 10.9375, 12.875], "texture": "#3"},
				"east": {"uv": [11, 12, 11.4375, 12.875], "texture": "#3"},
				"south": {"uv": [12, 11, 12.4375, 11.875], "texture": "#3"},
				"west": {"uv": [11.5, 12, 11.9375, 12.875], "texture": "#3"},
				"up": {"uv": [2.4375, 13.4375, 2, 13], "texture": "#3"},
				"down": {"uv": [13.4375, 2, 13, 2.4375], "texture": "#3"}
			}
		},
		{
			"from": [19.7225, 11.6225, 0.8225],
			"to": [25.0775, 13.3775, 2.5775],
			"rotation": {"angle": 0, "axis": "y", "origin": [19.7, 13.4, 0.8]},
			"faces": {
				"north": {"uv": [3, 11.25, 4.375, 11.6875], "texture": "#3"},
				"east": {"uv": [2.5, 13, 2.9375, 13.4375], "texture": "#3"},
				"south": {"uv": [11.25, 9.5, 12.625, 9.9375], "texture": "#3"},
				"west": {"uv": [4.5, 13, 4.9375, 13.4375], "texture": "#3"},
				"up": {"uv": [12.625, 10.4375, 11.25, 10], "texture": "#3"},
				"down": {"uv": [12.625, 10.5, 11.25, 10.9375], "texture": "#3"}
			}
		},
		{
			"from": [27.14088, 6.00412, 0.8225],
			"to": [28.89588, 9.55912, 2.5775],
			"rotation": {"angle": 0, "axis": "y", "origin": [27.11838, 4.18162, 0.8]},
			"faces": {
				"north": {"uv": [12, 12, 12.4375, 12.875], "texture": "#3"},
				"east": {"uv": [0, 12.25, 0.4375, 13.125], "texture": "#3"},
				"south": {"uv": [12.25, 0, 12.6875, 0.875], "texture": "#3"},
				"west": {"uv": [0.5, 12.25, 0.9375, 13.125], "texture": "#3"},
				"up": {"uv": [5.4375, 13.4375, 5, 13], "texture": "#3"},
				"down": {"uv": [5.9375, 13, 5.5, 13.4375], "texture": "#3"}
			}
		},
		{
			"from": [23.67279, 9.95442, 0.8],
			"to": [29.07279, 11.75442, 2.6],
			"rotation": {"angle": -45, "axis": "z", "origin": [26.37279, 10.85442, 1.7]},
			"faces": {
				"north": {"uv": [1.5, 11.5, 2.875, 11.9375], "texture": "#3"},
				"east": {"uv": [13, 5.5, 13.4375, 5.9375], "texture": "#3"},
				"south": {"uv": [4.5, 11.5, 5.875, 11.9375], "texture": "#3"},
				"west": {"uv": [6, 13, 6.4375, 13.4375], "texture": "#3"},
				"up": {"uv": [7.375, 11.9375, 6, 11.5], "texture": "#3"},
				"down": {"uv": [8.875, 11.5, 7.5, 11.9375], "texture": "#3"}
			}
		},
		{
			"from": [15.72721, 9.95442, 0.8],
			"to": [21.12721, 11.75442, 2.6],
			"rotation": {"angle": 45, "axis": "z", "origin": [18.42721, 10.85442, 1.7]},
			"faces": {
				"north": {"uv": [9, 11.5, 10.375, 11.9375], "texture": "#3"},
				"east": {"uv": [13, 6, 13.4375, 6.4375], "texture": "#3"},
				"south": {"uv": [10.5, 11.5, 11.875, 11.9375], "texture": "#3"},
				"west": {"uv": [6.5, 13, 6.9375, 13.4375], "texture": "#3"},
				"up": {"uv": [1.375, 12.1875, 0, 11.75], "texture": "#3"},
				"down": {"uv": [13.125, 1, 11.75, 1.4375], "texture": "#3"}
			}
		},
		{
			"from": [15.90412, 6.00412, 0.8225],
			"to": [17.65912, 9.55912, 2.5775],
			"rotation": {"angle": 0, "axis": "y", "origin": [17.68162, 4.18162, 0.8]},
			"faces": {
				"north": {"uv": [1, 12.25, 1.4375, 13.125], "texture": "#3"},
				"east": {"uv": [12.25, 6.5, 12.6875, 7.375], "texture": "#3"},
				"south": {"uv": [12.25, 7.5, 12.6875, 8.375], "texture": "#3"},
				"west": {"uv": [12.5, 1.5, 12.9375, 2.375], "texture": "#3"},
				"up": {"uv": [7.4375, 13.4375, 7, 13], "texture": "#3"},
				"down": {"uv": [7.9375, 13, 7.5, 13.4375], "texture": "#3"}
			}
		},
		{
			"from": [2.6, 6.38, 0.8],
			"to": [4.4, 28.43, 2.6],
			"rotation": {"angle": 0, "axis": "y", "origin": [2.6, 6.38, 0.8]},
			"faces": {
				"north": {"uv": [2.25, 5.5, 2.6875, 11], "texture": "#3"},
				"east": {"uv": [2.75, 5.5, 3.1875, 11], "texture": "#3"},
				"south": {"uv": [3.25, 5.5, 3.6875, 11], "texture": "#3"},
				"west": {"uv": [3.75, 5.5, 4.1875, 11], "texture": "#3"},
				"up": {"uv": [8.4375, 13.4375, 8, 13], "texture": "#3"},
				"down": {"uv": [8.9375, 13, 8.5, 13.4375], "texture": "#3"}
			}
		},
		{
			"from": [21.5315, 6.2315, 0.8315],
			"to": [23.2685, 16.9685, 2.5685],
			"rotation": {"angle": 22.5, "axis": "z", "origin": [22.4, 5.75, 1.7]},
			"faces": {
				"north": {"uv": [1, 7.25, 1.4375, 9.9375], "texture": "#3"},
				"east": {"uv": [1.5, 7.25, 1.9375, 9.9375], "texture": "#3"},
				"south": {"uv": [4.75, 8, 5.1875, 10.6875], "texture": "#3"},
				"west": {"uv": [5.25, 8, 5.6875, 10.6875], "texture": "#3"},
				"up": {"uv": [13.4375, 8.9375, 13, 8.5], "texture": "#3"},
				"down": {"uv": [9.4375, 13, 9, 13.4375], "texture": "#3"}
			}
		},
		{
			"from": [7.77463, 14.61136, 0.827],
			"to": [18.52063, 16.35736, 2.573],
			"rotation": {"angle": -22.5, "axis": "z", "origin": [18.99763, 15.48436, 1.7]},
			"faces": {
				"north": {"uv": [8, 0, 10.6875, 0.4375], "texture": "#3"},
				"east": {"uv": [9.5, 13, 9.9375, 13.4375], "texture": "#3"},
				"south": {"uv": [8, 0.5, 10.6875, 0.9375], "texture": "#3"},
				"west": {"uv": [10, 13, 10.4375, 13.4375], "texture": "#3"},
				"up": {"uv": [8.4375, 8.4375, 5.75, 8], "texture": "#3"},
				"down": {"uv": [8.4375, 8.5, 5.75, 8.9375], "texture": "#3"}
			}
		},
		{
			"from": [14.30394, 17.08406, 0.836],
			"to": [16.03194, 23.31206, 2.564],
			"rotation": {"angle": -22.5, "axis": "z", "origin": [15.16794, 22.44806, 1.7]},
			"faces": {
				"north": {"uv": [8.75, 3.25, 9.1875, 4.8125], "texture": "#3"},
				"east": {"uv": [8.75, 5, 9.1875, 6.5625], "texture": "#3"},
				"south": {"uv": [5.75, 9, 6.1875, 10.5625], "texture": "#3"},
				"west": {"uv": [6.25, 9, 6.6875, 10.5625], "texture": "#3"},
				"up": {"uv": [10.9375, 13.4375, 10.5, 13], "texture": "#3"},
				"down": {"uv": [11.4375, 13, 11, 13.4375], "texture": "#3"}
			}
		},
		{
			"from": [2.71702, 18.83976, 0.827],
			"to": [8.96302, 20.58576, 2.573],
			"rotation": {"angle": 0, "axis": "y", "origin": [3.59002, 19.71276, 1.7]},
			"faces": {
				"north": {"uv": [8.75, 6.75, 10.3125, 7.1875], "texture": "#3"},
				"east": {"uv": [11.5, 13, 11.9375, 13.4375], "texture": "#3"},
				"south": {"uv": [6.75, 9, 8.3125, 9.4375], "texture": "#3"},
				"west": {"uv": [12, 13, 12.4375, 13.4375], "texture": "#3"},
				"up": {"uv": [10.0625, 9.4375, 8.5, 9], "texture": "#3"},
				"down": {"uv": [10.8125, 3.25, 9.25, 3.6875], "texture": "#3"}
			}
		},
		{
			"from": [-2.68298, 20.63976, 0.827],
			"to": [3.56302, 22.38576, 2.573],
			"rotation": {"angle": 0, "axis": "y", "origin": [-1.80998, 21.51276, 1.7]},
			"faces": {
				"north": {"uv": [9.25, 3.75, 10.8125, 4.1875], "texture": "#3"},
				"east": {"uv": [13, 12, 13.4375, 12.4375], "texture": "#3"},
				"south": {"uv": [9.25, 4.25, 10.8125, 4.6875], "texture": "#3"},
				"west": {"uv": [13, 12.5, 13.4375, 12.9375], "texture": "#3"},
				"up": {"uv": [10.8125, 5.1875, 9.25, 4.75], "texture": "#3"},
				"down": {"uv": [10.8125, 5.25, 9.25, 5.6875], "texture": "#3"}
			}
		},
		{
			"from": [2.69, 27.89, -6.76],
			"to": [4.31, 29.51, 10.16],
			"rotation": {"angle": 0, "axis": "y", "origin": [3.5, 28.7, 1.7]},
			"faces": {
				"north": {"uv": [13, 13, 13.4375, 13.4375], "texture": "#3"},
				"east": {"uv": [6, 1.25, 10.25, 1.6875], "texture": "#3"},
				"south": {"uv": [0, 13.25, 0.4375, 13.6875], "texture": "#3"},
				"west": {"uv": [6, 1.75, 10.25, 2.1875], "texture": "#3"},
				"up": {"uv": [6.9375, 6.5, 6.5, 2.25], "texture": "#3"},
				"down": {"uv": [4.6875, 6.5, 4.25, 10.75], "texture": "#3"}
			}
		},
		{
			"from": [2.609, 27.809, -4.141],
			"to": [4.391, 29.591, 7.541],
			"rotation": {"angle": 0, "axis": "y", "origin": [3.5, 28.7, 1.7]},
			"faces": {
				"north": {"uv": [13.25, 0, 13.6875, 0.4375], "texture": "#3"},
				"east": {"uv": [4.75, 7.5, 7.6875, 7.9375], "texture": "#3"},
				"south": {"uv": [0.5, 13.25, 0.9375, 13.6875], "texture": "#3"},
				"west": {"uv": [7.75, 7.5, 10.6875, 7.9375], "texture": "#3"},
				"up": {"uv": [0.4375, 10.1875, 0, 7.25], "texture": "#3"},
				"down": {"uv": [0.9375, 7.25, 0.5, 10.1875], "texture": "#3"}
			}
		},
		{
			"from": [12.69681, 22.91565, -0.064],
			"to": [18.99681, 24.71565, 3.536],
			"rotation": {"angle": 0, "axis": "y", "origin": [14.49681, 22.91565, 0.836]},
			"faces": {
				"north": {"uv": [9.25, 5.75, 10.8125, 6.1875], "texture": "#3"},
				"east": {"uv": [11.75, 9, 12.625, 9.4375], "texture": "#3"},
				"south": {"uv": [9.25, 6.25, 10.8125, 6.6875], "texture": "#3"},
				"west": {"uv": [12.5, 2.5, 13.375, 2.9375], "texture": "#3"},
				"up": {"uv": [8.5625, 5.125, 7, 4.25], "texture": "#3"},
				"down": {"uv": [8.5625, 5.25, 7, 6.125], "texture": "#3"}
			}
		},
		{
			"from": [-11.68298, 19.80726, -2.773],
			"to": [-2.73698, 21.55326, 6.173],
			"rotation": {"angle": 0, "axis": "y", "origin": [-8.10998, 20.68026, 1.7]},
			"faces": {
				"north": {"uv": [8.5, 8, 10.75, 8.4375], "texture": "#3"},
				"east": {"uv": [8.5, 8.5, 10.75, 8.9375], "texture": "#3"},
				"south": {"uv": [8.75, 2.25, 11, 2.6875], "texture": "#3"},
				"west": {"uv": [8.75, 2.75, 11, 3.1875], "texture": "#3"},
				"up": {"uv": [2.25, 6, 0, 3.75], "texture": "#3"},
				"down": {"uv": [6, 0, 3.75, 2.25], "texture": "#3"}
			}
		},
		{
			"from": [-11.68748, 19.80276, -1.99],
			"to": [-10.83248, 24.25776, 5.3],
			"rotation": {"angle": 0, "axis": "y", "origin": [-11.25998, 24.28026, 1.2275]},
			"faces": {
				"north": {"uv": [6.25, 2.25, 6.5, 3.375], "texture": "#3"},
				"east": {"uv": [0, 6, 1.8125, 7.125], "texture": "#3"},
				"south": {"uv": [12.5, 3, 12.75, 4.125], "texture": "#3"},
				"west": {"uv": [6, 0, 7.8125, 1.125], "texture": "#3"},
				"up": {"uv": [2.25, 7.8125, 2, 6], "texture": "#3"},
				"down": {"uv": [2.25, 8, 2, 9.8125], "texture": "#3"}
			}
		},
		{
			"from": [-3.58748, 19.80276, -1.99],
			"to": [-2.73248, 24.25776, 5.3],
			"rotation": {"angle": 0, "axis": "y", "origin": [-3.15998, 24.28026, 1.2275]},
			"faces": {
				"north": {"uv": [6.25, 2.25, 6.5, 3.375], "texture": "#3"},
				"east": {"uv": [0, 6, 1.8125, 7.125], "texture": "#3"},
				"south": {"uv": [12.5, 3, 12.75, 4.125], "texture": "#3"},
				"west": {"uv": [6, 0, 7.8125, 1.125], "texture": "#3"},
				"up": {"uv": [2.25, 7.8125, 2, 6], "texture": "#3"},
				"down": {"uv": [2.25, 8, 2, 9.8125], "texture": "#3"}
			}
		},
		{
			"from": [-11.68748, 19.80276, -2.8],
			"to": [-2.73248, 24.25776, -1.945],
			"rotation": {"angle": 0, "axis": "y", "origin": [-7.20998, 24.28026, -1.9225]},
			"faces": {
				"north": {"uv": [4.25, 4, 6.5, 5.125], "texture": "#3"},
				"east": {"uv": [12.5, 4.25, 12.75, 5.375], "texture": "#3"},
				"south": {"uv": [4.25, 5.25, 6.5, 6.375], "texture": "#3"},
				"west": {"uv": [12.5, 11, 12.75, 12.125], "texture": "#3"},
				"up": {"uv": [10.25, 1.25, 8, 1], "texture": "#3"},
				"down": {"uv": [13, 8.75, 10.75, 9], "texture": "#3"}
			}
		},
		{
			"from": [-11.68748, 19.80276, 5.3],
			"to": [-2.73248, 24.25776, 6.155],
			"rotation": {"angle": 0, "axis": "y", "origin": [-7.20998, 24.28026, 6.1775]},
			"faces": {
				"north": {"uv": [4.25, 4, 6.5, 5.125], "texture": "#3"},
				"east": {"uv": [12.5, 4.25, 12.75, 5.375], "texture": "#3"},
				"south": {"uv": [4.25, 5.25, 6.5, 6.375], "texture": "#3"},
				"west": {"uv": [12.5, 11, 12.75, 12.125], "texture": "#3"},
				"up": {"uv": [10.25, 1.25, 8, 1], "texture": "#3"},
				"down": {"uv": [13, 8.75, 10.75, 9], "texture": "#3"}
			}
		},
		{
			"from": [-10.78298, 21.65826, -1.873],
			"to": [-3.58298, 25.63326, 5.102],
			"rotation": {"angle": 0, "axis": "y", "origin": [0.01702, 21.83326, 8.927]},
			"faces": {
				"north": {"uv": [4.75, 6.5, 6.5625, 7.5], "texture": "#3"},
				"east": {"uv": [7, 2.25, 8.75, 3.25], "texture": "#3"},
				"south": {"uv": [6.75, 6.5, 8.5625, 7.5], "texture": "#3"},
				"west": {"uv": [7, 3.25, 8.75, 4.25], "texture": "#3"},
				"up": {"uv": [4.0625, 5.5, 2.25, 3.75], "texture": "#3"},
				"down": {"uv": [6.0625, 2.25, 4.25, 4], "texture": "#3"}
			}
		}
	],
	"display": {
		"head": {
			"translation": [-7, -6, 2],
			"scale": [1.5, 1.5, 1.5]
		}
	},
	"groups": [
		{
			"name": "bike",
			"origin": [8, 8, 8],
			"color": 0,
			"children": [
				{
					"name": "wheel_a",
					"origin": [8, 8, 8],
					"color": 0,
					"children": [0, 1, 2, 3, 4, 5, 6, 7, 8, 9, 10]
				},
				{
					"name": "wheel_b",
					"origin": [8, 8, 8],
					"color": 0,
					"children": [11, 12, 13, 14, 15, 16, 17, 18, 19, 20, 21]
				},
				{
					"name": "bike_body",
					"origin": [2, 6, 0],
					"color": 0,
					"children": [
						22,
						23,
						24,
						25,
						26,
						27,
						28,
						29,
						30,
						{
							"name": "basket",
							"origin": [8, 8, 8],
							"color": 0,
							"children": [
								31,
								32,
								33,
								34,
								35,
								{
									"name": "newspaper",
									"origin": [8, 8, 8],
									"color": 0,
									"children": [36]
								}
							]
						}
					]
				}
			]
		}
	]
}