{
	"credit": "Made with Blockbench",
	"texture_size": [64, 64],
	"textures": {
		"4": "custom:item/oil_company"
	},
	"elements": [
		{
			"from": [0, -1, 0],
			"to": [10, 13, 10],
			"faces": {
				"north": {"uv": [0, 6.75, 2.5, 10.25], "texture": "#4"},
				"east": {"uv": [0, 6.75, 2.5, 10.25], "texture": "#4"},
				"south": {"uv": [0, 6.75, 2.5, 10.25], "texture": "#4"},
				"west": {"uv": [0, 6.75, 2.5, 10.25], "texture": "#4"},
				"up": {"uv": [10.5, 9.25, 8, 6.75], "texture": "#4"},
				"down": {"uv": [10.5, 9.25, 8, 11.75], "texture": "#4"}
			}
		},
		{
			"from": [-0.5, 10, -0.5],
			"to": [10.5, 12, 10.5],
			"rotation": {"angle": 0, "axis": "y", "origin": [0, 10, -1]},
			"faces": {
				"north": {"uv": [2.5, 9.5, 5.25, 10], "texture": "#4"},
				"east": {"uv": [5.25, 9.5, 8, 10], "texture": "#4"},
				"south": {"uv": [2.5, 10, 5.25, 10.5], "texture": "#4"},
				"west": {"uv": [5.25, 10, 8, 10.5], "texture": "#4"},
				"up": {"uv": [5.25, 9.5, 2.5, 6.75], "texture": "#4"},
				"down": {"uv": [8, 6.75, 5.25, 9.5], "texture": "#4"}
			}
		},
		{
			"from": [-0.5, 0, -0.5],
			"to": [10.5, 2, 10.5],
			"rotation": {"angle": 0, "axis": "y", "origin": [0, 0, -1]},
			"faces": {
				"north": {"uv": [2.5, 9.5, 5.25, 10], "texture": "#4"},
				"east": {"uv": [5.25, 9.5, 8, 10], "texture": "#4"},
				"south": {"uv": [2.5, 10, 5.25, 10.5], "texture": "#4"},
				"west": {"uv": [5.25, 10, 8, 10.5], "texture": "#4"},
				"up": {"uv": [5.25, 9.5, 2.5, 6.75], "texture": "#4"},
				"down": {"uv": [8, 6.75, 5.25, 9.5], "texture": "#4"}
			}
		},
		{
			"from": [18.5, -0.5, -5.5],
			"to": [28.5, 9.5, 8.5],
			"rotation": {"angle": 0, "axis": "y", "origin": [23.5, 4.5, 1.5]},
			"faces": {
				"north": {"uv": [10.5, 9.25, 8, 11.75], "rotation": 270, "texture": "#4"},
				"east": {"uv": [0, 6.75, 2.5, 10.25], "rotation": 270, "texture": "#4"},
				"south": {"uv": [10.5, 9.25, 8, 6.75], "rotation": 270, "texture": "#4"},
				"west": {"uv": [0, 6.75, 2.5, 10.25], "rotation": 90, "texture": "#4"},
				"up": {"uv": [0, 6.75, 2.5, 10.25], "rotation": 180, "texture": "#4"},
				"down": {"uv": [0, 6.75, 2.5, 10.25], "texture": "#4"}
			}
		},
		{
			"from": [18, -1, 5.5],
			"to": [29, 10, 7.5],
			"rotation": {"angle": 0, "axis": "y", "origin": [23.5, 4.5, 1.5]},
			"faces": {
				"north": {"uv": [8, 6.75, 5.25, 9.5], "rotation": 270, "texture": "#4"},
				"east": {"uv": [2.5, 10, 5.25, 10.5], "rotation": 270, "texture": "#4"},
				"south": {"uv": [5.25, 9.5, 2.5, 6.75], "rotation": 270, "texture": "#4"},
				"west": {"uv": [2.5, 9.5, 5.25, 10], "rotation": 90, "texture": "#4"},
				"up": {"uv": [5.25, 9.5, 8, 10], "rotation": 180, "texture": "#4"},
				"down": {"uv": [5.25, 10, 8, 10.5], "texture": "#4"}
			}
		},
		{
			"from": [18, -1, -4.5],
			"to": [29, 10, -2.5],
			"rotation": {"angle": 0, "axis": "y", "origin": [23.5, 4.5, 1.5]},
			"faces": {
				"north": {"uv": [8, 6.75, 5.25, 9.5], "rotation": 270, "texture": "#4"},
				"east": {"uv": [2.5, 10, 5.25, 10.5], "rotation": 270, "texture": "#4"},
				"south": {"uv": [5.25, 9.5, 2.5, 6.75], "rotation": 270, "texture": "#4"},
				"west": {"uv": [2.5, 9.5, 5.25, 10], "rotation": 90, "texture": "#4"},
				"up": {"uv": [5.25, 9.5, 8, 10], "rotation": 180, "texture": "#4"},
				"down": {"uv": [5.25, 10, 8, 10.5], "texture": "#4"}
			}
		},
		{
			"from": [1, 13, 1],
			"to": [4, 14, 4],
			"rotation": {"angle": 0, "axis": "y", "origin": [2, 13, 1]},
			"faces": {
				"north": {"uv": [1.5, 10.25, 2.25, 10.5], "texture": "#4"},
				"east": {"uv": [10.5, 0, 11.25, 0.25], "texture": "#4"},
				"south": {"uv": [10.5, 0.25, 11.25, 0.5], "texture": "#4"},
				"west": {"uv": [10.5, 0.5, 11.25, 0.75], "texture": "#4"},
				"up": {"uv": [0.75, 11, 0, 10.25], "texture": "#4"},
				"down": {"uv": [1.5, 10.25, 0.75, 11], "texture": "#4"}
			}
		},
		{
			"from": [21.5, -0.9, 9.5],
			"to": [24.5, 0.1, 12.5],
			"rotation": {"angle": 0, "axis": "y", "origin": [21.25, 1.85, 7.25]},
			"faces": {
				"north": {"uv": [10.5, 0.5, 11.25, 0.75], "texture": "#4"},
				"east": {"uv": [1.5, 10.25, 2.25, 10.5], "texture": "#4"},
				"south": {"uv": [10.5, 0, 11.25, 0.25], "texture": "#4"},
				"west": {"uv": [10.5, 0.25, 11.25, 0.5], "texture": "#4"},
				"up": {"uv": [0.75, 11, 0, 10.25], "texture": "#4"},
				"down": {"uv": [1.5, 10.25, 0.75, 11], "texture": "#4"}
			}
		},
		{
			"from": [10.47, -1.03, 3.47],
			"to": [31.53, -0.97, 30.53],
			"rotation": {"angle": 0, "axis": "y", "origin": [20.25, 1.75, 9.25]},
			"faces": {
				"north": {"uv": [0, 0, 5.25, 0], "texture": "#4"},
				"east": {"uv": [0, 0, 6.75, 0], "texture": "#4"},
				"south": {"uv": [0, 0, 5.25, 0], "texture": "#4"},
				"west": {"uv": [0, 0, 6.75, 0], "texture": "#4"},
				"up": {"uv": [5.25, 6.75, 0, 0], "texture": "#4"},
				"down": {"uv": [10.5, 0, 5.25, 6.75], "texture": "#4"}
			}
		},
		{
			"from": [0, -1, 11],
			"to": [10, 13, 21],
			"rotation": {"angle": 0, "axis": "y", "origin": [3.75, 7.25, 14.75]},
			"faces": {
				"north": {"uv": [0, 6.75, 2.5, 10.25], "texture": "#4"},
				"east": {"uv": [0, 6.75, 2.5, 10.25], "texture": "#4"},
				"south": {"uv": [0, 6.75, 2.5, 10.25], "texture": "#4"},
				"west": {"uv": [0, 6.75, 2.5, 10.25], "texture": "#4"},
				"up": {"uv": [10.5, 9.25, 8, 6.75], "texture": "#4"},
				"down": {"uv": [10.5, 9.25, 8, 11.75], "texture": "#4"}
			}
		},
		{
			"from": [-0.5, 10, 10.5],
			"to": [10.5, 12, 21.5],
			"rotation": {"angle": 0, "axis": "y", "origin": [3.75, 7.25, 14.75]},
			"faces": {
				"north": {"uv": [2.5, 9.5, 5.25, 10], "texture": "#4"},
				"east": {"uv": [5.25, 9.5, 8, 10], "texture": "#4"},
				"south": {"uv": [2.5, 10, 5.25, 10.5], "texture": "#4"},
				"west": {"uv": [5.25, 10, 8, 10.5], "texture": "#4"},
				"up": {"uv": [5.25, 9.5, 2.5, 6.75], "texture": "#4"},
				"down": {"uv": [8, 6.75, 5.25, 9.5], "texture": "#4"}
			}
		},
		{
			"from": [-0.5, 0, 10.5],
			"to": [10.5, 2, 21.5],
			"rotation": {"angle": 0, "axis": "y", "origin": [3.75, 7.25, 14.75]},
			"faces": {
				"north": {"uv": [2.5, 9.5, 5.25, 10], "texture": "#4"},
				"east": {"uv": [5.25, 9.5, 8, 10], "texture": "#4"},
				"south": {"uv": [2.5, 10, 5.25, 10.5], "texture": "#4"},
				"west": {"uv": [5.25, 10, 8, 10.5], "texture": "#4"},
				"up": {"uv": [5.25, 9.5, 2.5, 6.75], "texture": "#4"},
				"down": {"uv": [8, 6.75, 5.25, 9.5], "texture": "#4"}
			}
		},
		{
			"from": [1, 13, 12],
			"to": [4, 14, 15],
			"rotation": {"angle": 0, "axis": "y", "origin": [3.75, 7.25, 14.75]},
			"faces": {
				"north": {"uv": [1.5, 10.25, 2.25, 10.5], "texture": "#4"},
				"east": {"uv": [10.5, 0, 11.25, 0.25], "texture": "#4"},
				"south": {"uv": [10.5, 0.25, 11.25, 0.5], "texture": "#4"},
				"west": {"uv": [10.5, 0.5, 11.25, 0.75], "texture": "#4"},
				"up": {"uv": [0.75, 11, 0, 10.25], "texture": "#4"},
				"down": {"uv": [1.5, 10.25, 0.75, 11], "texture": "#4"}
			}
		}
	],
	"display": {
		"head": {
			"rotation": [0, 153, 0],
			"translation": [4.75, -4.5, 17.5],
			"scale": [1.25, 1.25, 1.25]
		}
	},
	"groups": [
		{
			"name": "oil_company",
			"origin": [0, 10, -1],
			"color": 0,
			"children": [0, 1, 2, 3, 4, 5, 6, 7, 8, 9, 10, 11, 12]
		}
	]
}