{
	"credit": "Made with Blockbench",
	"texture_size": [256, 256],
	"textures": {
		"2": "custom:item/oxygen_bar"
	},
	"elements": [
		{
			"name": "head",
			"from": [4, 7.58028, 2.61732],
			"to": [12, 15.58028, 10.61732],
			"rotation": {"angle": 0, "axis": "y", "origin": [8, 7.50208, 6.01046]},
			"faces": {
				"north": {"uv": [6, 5.125, 6.5, 5.625], "texture": "#2"},
				"east": {"uv": [6.375, 4, 6.875, 4.5], "texture": "#2"},
				"south": {"uv": [6.375, 4.5, 6.875, 5], "texture": "#2"},
				"west": {"uv": [6.4375, 0, 6.9375, 0.5], "texture": "#2"},
				"up": {"uv": [2.0625, 6.9375, 1.5625, 6.4375], "texture": "#2"},
				"down": {"uv": [5.875, 6.4375, 5.375, 6.9375], "texture": "#2"}
			}
		},
		{
			"name": "head_2nd_layer",
			"from": [3.5, 7.08028, 2.11732],
			"to": [12.5, 16.08028, 11.11732],
			"rotation": {"angle": 0, "axis": "y", "origin": [8, 7.50208, 6.01046]},
			"faces": {
				"north": {"uv": [5.3125, 1.25, 5.875, 1.8125], "texture": "#2"},
				"east": {"uv": [5.3125, 1.8125, 5.875, 2.375], "texture": "#2"},
				"south": {"uv": [5.4375, 5.25, 6, 5.8125], "texture": "#2"},
				"west": {"uv": [1.3125, 5.8125, 1.875, 6.375], "texture": "#2"},
				"up": {"uv": [6.375, 4.5625, 5.8125, 4], "texture": "#2"},
				"down": {"uv": [6.375, 4.5625, 5.8125, 5.125], "texture": "#2"}
			}
		},
		{
			"name": "body",
			"from": [4.025, -3.725, 6.775],
			"to": [11.975, 8.225, 10.725],
			"rotation": {"angle": -22.5, "axis": "x", "origin": [8, 2.2625, 8.75]},
			"faces": {
				"north": {"uv": [4.4375, 5.25, 4.9375, 6], "texture": "#2"},
				"east": {"uv": [2.0625, 6.4375, 2.3125, 7.1875], "texture": "#2"},
				"south": {"uv": [4.9375, 5.25, 5.4375, 6], "texture": "#2"},
				"west": {"uv": [6.5, 5, 6.75, 5.75], "texture": "#2"},
				"up": {"uv": [7.375, 5, 6.875, 4.75], "texture": "#2"},
				"down": {"uv": [7.4375, 1.75, 6.9375, 2], "texture": "#2"}
			}
		},
		{
			"name": "body_2nd_layer",
			"from": [4.025, -4.205, 6.275],
			"to": [11.975, 8.755, 11.225],
			"rotation": {"angle": -22.5, "axis": "x", "origin": [8, 2.2625, 8.75]},
			"faces": {
				"north": {"uv": [1.3125, 5, 1.8125, 5.8125], "texture": "#2"},
				"east": {"uv": [3.1875, 5.9375, 3.5, 6.75], "texture": "#2"},
				"south": {"uv": [1.8125, 5, 2.3125, 5.8125], "texture": "#2"},
				"west": {"uv": [3.5, 5.9375, 3.8125, 6.75], "texture": "#2"},
				"up": {"uv": [7.4375, 0.3125, 6.9375, 0], "texture": "#2"},
				"down": {"uv": [7.4375, 0.3125, 6.9375, 0.625], "texture": "#2"}
			}
		},
		{
			"name": "right_arm",
			"from": [12, 3.5, -1.25],
			"to": [16, 7.5, 10.75],
			"rotation": {"angle": -22.5, "axis": "x", "origin": [10.9975, 5.5, 9.75]},
			"faces": {
				"north": {"uv": [0.3125, 7, 0.5625, 7.25], "texture": "#2"},
				"east": {"uv": [6.375, 2.25, 7.125, 2.5], "texture": "#2"},
				"south": {"uv": [0.5625, 7, 0.8125, 7.25], "texture": "#2"},
				"west": {"uv": [2.3125, 6.5625, 3.0625, 6.8125], "texture": "#2"},
				"up": {"uv": [6.8125, 6.875, 6.5625, 6.125], "texture": "#2"},
				"down": {"uv": [6.9375, 0.5, 6.6875, 1.25], "texture": "#2"}
			}
		},
		{
			"name": "right_arm_2nd_layer",
			"from": [11.5, 3, -1.75],
			"to": [16.49, 8, 11.25],
			"rotation": {"angle": -22.5, "axis": "x", "origin": [10.9975, 5.5, 9.75]},
			"faces": {
				"north": {"uv": [6.9375, 2.875, 7.25, 3.1875], "texture": "#2"},
				"east": {"uv": [5.9375, 5.8125, 6.75, 6.125], "texture": "#2"},
				"south": {"uv": [6.9375, 3.1875, 7.25, 3.5], "texture": "#2"},
				"west": {"uv": [4.4375, 6, 5.25, 6.3125], "texture": "#2"},
				"up": {"uv": [4.125, 6.875, 3.8125, 6.0625], "texture": "#2"},
				"down": {"uv": [4.4375, 6.0625, 4.125, 6.875], "texture": "#2"}
			}
		},
		{
			"name": "left_arm",
			"from": [0, -5.5, 4],
			"to": [4, 6.5, 8],
			"rotation": {"angle": 45, "axis": "x", "origin": [5, 4.5, 6]},
			"faces": {
				"north": {"uv": [6.6875, 1.25, 6.9375, 2], "texture": "#2"},
				"east": {"uv": [3.0625, 6.75, 3.3125, 7.5], "texture": "#2"},
				"south": {"uv": [3.3125, 6.75, 3.5625, 7.5], "texture": "#2"},
				"west": {"uv": [3.5625, 6.75, 3.8125, 7.5], "texture": "#2"},
				"up": {"uv": [1.0625, 7.25, 0.8125, 7], "texture": "#2"},
				"down": {"uv": [7.25, 5, 7, 5.25], "texture": "#2"}
			}
		},
		{
			"name": "left_arm_2nd_layer",
			"from": [-0.5, -6, 3.5],
			"to": [4.5, 7, 8.5],
			"rotation": {"angle": 45, "axis": "x", "origin": [5, 4.5, 6]},
			"faces": {
				"north": {"uv": [5.9375, 6.125, 6.25, 6.9375], "texture": "#2"},
				"east": {"uv": [0, 6.1875, 0.3125, 7], "texture": "#2"},
				"south": {"uv": [0.3125, 6.1875, 0.625, 7], "texture": "#2"},
				"west": {"uv": [0.625, 6.1875, 0.9375, 7], "texture": "#2"},
				"up": {"uv": [7.25, 3.8125, 6.9375, 3.5], "texture": "#2"},
				"down": {"uv": [5.6875, 6.9375, 5.375, 7.25], "texture": "#2"}
			}
		},
		{
			"name": "right_leg",
			"from": [8, -14.5, 9],
			"to": [12, -2.5, 13],
			"rotation": {"angle": -22.5, "axis": "x", "origin": [10, -3.5, 11]},
			"faces": {
				"north": {"uv": [6.75, 5, 7, 5.75], "texture": "#2"},
				"east": {"uv": [2.3125, 6.8125, 2.5625, 7.5625], "texture": "#2"},
				"south": {"uv": [2.5625, 6.8125, 2.8125, 7.5625], "texture": "#2"},
				"west": {"uv": [2.8125, 6.8125, 3.0625, 7.5625], "texture": "#2"},
				"up": {"uv": [7.25, 5.5, 7, 5.25], "texture": "#2"},
				"down": {"uv": [7.25, 5.5, 7, 5.75], "texture": "#2"}
			}
		},
		{
			"name": "right_leg_2nd_layer",
			"from": [7.5, -15, 8.5],
			"to": [12.5, -2, 13.5],
			"rotation": {"angle": -22.5, "axis": "x", "origin": [10, -3.5, 11]},
			"faces": {
				"north": {"uv": [0.9375, 6.1875, 1.25, 7], "texture": "#2"},
				"east": {"uv": [6.25, 6.125, 6.5625, 6.9375], "texture": "#2"},
				"south": {"uv": [4.4375, 6.3125, 4.75, 7.125], "texture": "#2"},
				"west": {"uv": [4.75, 6.3125, 5.0625, 7.125], "texture": "#2"},
				"up": {"uv": [6, 7.25, 5.6875, 6.9375], "texture": "#2"},
				"down": {"uv": [6.3125, 6.9375, 6, 7.25], "texture": "#2"}
			}
		},
		{
			"name": "left_leg",
			"from": [4, -14.5, 9],
			"to": [8, -2.5, 13],
			"rotation": {"angle": 0, "axis": "y", "origin": [0, -14, 3]},
			"faces": {
				"north": {"uv": [6.8125, 5.75, 7.0625, 6.5], "texture": "#2"},
				"east": {"uv": [6.8125, 6.5, 7.0625, 7.25], "texture": "#2"},
				"south": {"uv": [3.8125, 6.875, 4.0625, 7.625], "texture": "#2"},
				"west": {"uv": [6.875, 4, 7.125, 4.75], "texture": "#2"},
				"up": {"uv": [7.3125, 6, 7.0625, 5.75], "texture": "#2"},
				"down": {"uv": [7.3125, 6, 7.0625, 6.25], "texture": "#2"}
			}
		},
		{
			"name": "left_leg_2nd_layer",
			"from": [3.5, -15, 8.5],
			"to": [8.5, -2, 13.5],
			"rotation": {"angle": 0, "axis": "y", "origin": [0, -14, 3]},
			"faces": {
				"north": {"uv": [5.0625, 6.3125, 5.375, 7.125], "texture": "#2"},
				"east": {"uv": [6.375, 0.625, 6.6875, 1.4375], "texture": "#2"},
				"south": {"uv": [1.25, 6.375, 1.5625, 7.1875], "texture": "#2"},
				"west": {"uv": [6.375, 1.4375, 6.6875, 2.25], "texture": "#2"},
				"up": {"uv": [6.625, 7.25, 6.3125, 6.9375], "texture": "#2"},
				"down": {"uv": [0.3125, 7, 0, 7.3125], "texture": "#2"}
			}
		},
		{
			"from": [-10, -15.175, -6],
			"to": [27, -5.175, 2],
			"rotation": {"angle": 0, "axis": "y", "origin": [0, -15.175, -6]},
			"faces": {
				"north": {"uv": [2.3125, 2.5, 4.625, 3.125], "texture": "#2"},
				"east": {"uv": [5.4375, 5.8125, 5.9375, 6.4375], "texture": "#2"},
				"south": {"uv": [2.3125, 3.125, 4.625, 3.75], "texture": "#2"},
				"west": {"uv": [5.875, 1.25, 6.375, 1.875], "texture": "#2"},
				"up": {"uv": [4.625, 4.875, 2.3125, 4.375], "texture": "#2"},
				"down": {"uv": [6.9375, 2.5, 4.625, 3], "texture": "#2"}
			}
		},
		{
			"from": [-10, -15.175, -6],
			"to": [27, -15.175, 29],
			"rotation": {"angle": 0, "axis": "y", "origin": [0, -15.175, -6]},
			"faces": {
				"north": {"uv": [0, 0, 2.3125, 0], "texture": "#2"},
				"east": {"uv": [0, 0, 2.1875, 0], "texture": "#2"},
				"south": {"uv": [0, 0, 2.3125, 0], "texture": "#2"},
				"west": {"uv": [0, 0, 2.1875, 0], "texture": "#2"},
				"up": {"uv": [2.3125, 2.1875, 0, 0], "texture": "#2"},
				"down": {"uv": [2.3125, 2.1875, 0, 4.375], "texture": "#2"}
			}
		},
		{
			"from": [-11, -5.175, -7],
			"to": [28, -4.175, 3],
			"rotation": {"angle": 0, "axis": "y", "origin": [0, -13.175, -6]},
			"faces": {
				"north": {"uv": [6.6875, 2, 9.125, 2.0625], "texture": "#2"},
				"east": {"uv": [6, 5.75, 6.625, 5.8125], "texture": "#2"},
				"south": {"uv": [6.6875, 2.0625, 9.125, 2.125], "texture": "#2"},
				"west": {"uv": [7.125, 4.6875, 7.75, 4.75], "texture": "#2"},
				"up": {"uv": [4.75, 0.625, 2.3125, 0], "texture": "#2"},
				"down": {"uv": [4.75, 0.625, 2.3125, 1.25], "texture": "#2"}
			}
		},
		{
			"from": [-11, -5.175, 3],
			"to": [-2, -4.175, 20],
			"rotation": {"angle": 0, "axis": "y", "origin": [0, -13.175, -6]},
			"faces": {
				"north": {"uv": [4.75, 2.3125, 5.3125, 2.375], "texture": "#2"},
				"east": {"uv": [4.75, 2.375, 5.8125, 2.4375], "texture": "#2"},
				"south": {"uv": [7.25, 3, 7.8125, 3.0625], "texture": "#2"},
				"west": {"uv": [4.75, 2.4375, 5.8125, 2.5], "texture": "#2"},
				"up": {"uv": [5.3125, 2.3125, 4.75, 1.25], "texture": "#2"},
				"down": {"uv": [2.875, 4.875, 2.3125, 5.9375], "texture": "#2"}
			}
		},
		{
			"from": [19, -5.175, 3],
			"to": [28, -4.175, 20],
			"rotation": {"angle": 0, "axis": "y", "origin": [30, -13.175, -6]},
			"faces": {
				"north": {"uv": [7.25, 3.0625, 7.8125, 3.125], "texture": "#2"},
				"east": {"uv": [6.9375, 3.8125, 8, 3.875], "texture": "#2"},
				"south": {"uv": [7.25, 3.125, 7.8125, 3.1875], "texture": "#2"},
				"west": {"uv": [6.9375, 3.875, 8, 3.9375], "texture": "#2"},
				"up": {"uv": [3.4375, 5.9375, 2.875, 4.875], "texture": "#2"},
				"down": {"uv": [4, 4.875, 3.4375, 5.9375], "texture": "#2"}
			}
		},
		{
			"from": [-11, -5.175, 20],
			"to": [28, -4.175, 30],
			"rotation": {"angle": 0, "axis": "y", "origin": [0, -13.175, 21]},
			"faces": {
				"north": {"uv": [6.6875, 2.125, 9.125, 2.1875], "texture": "#2"},
				"east": {"uv": [7.25, 2.875, 7.875, 2.9375], "texture": "#2"},
				"south": {"uv": [6.6875, 2.1875, 9.125, 2.25], "texture": "#2"},
				"west": {"uv": [7.25, 2.9375, 7.875, 3], "texture": "#2"},
				"up": {"uv": [4.75, 1.875, 2.3125, 1.25], "texture": "#2"},
				"down": {"uv": [4.75, 1.875, 2.3125, 2.5], "texture": "#2"}
			}
		},
		{
			"from": [-10, -15.175, 21],
			"to": [27, -5.175, 29],
			"rotation": {"angle": 0, "axis": "y", "origin": [0, -15.175, 21]},
			"faces": {
				"north": {"uv": [2.3125, 3.75, 4.625, 4.375], "texture": "#2"},
				"east": {"uv": [5.875, 1.875, 6.375, 2.5], "texture": "#2"},
				"south": {"uv": [0, 4.375, 2.3125, 5], "texture": "#2"},
				"west": {"uv": [5.9375, 0, 6.4375, 0.625], "texture": "#2"},
				"up": {"uv": [6.9375, 3.5, 4.625, 3], "texture": "#2"},
				"down": {"uv": [6.9375, 3.5, 4.625, 4], "texture": "#2"}
			}
		},
		{
			"from": [20, -15.175, 2],
			"to": [27, -5.175, 21],
			"rotation": {"angle": 0, "axis": "y", "origin": [0, -15.175, -6]},
			"faces": {
				"north": {"uv": [1.875, 5.8125, 2.3125, 6.4375], "texture": "#2"},
				"east": {"uv": [4.625, 4, 5.8125, 4.625], "texture": "#2"},
				"south": {"uv": [5.9375, 0.625, 6.375, 1.25], "texture": "#2"},
				"west": {"uv": [4.625, 4.625, 5.8125, 5.25], "texture": "#2"},
				"up": {"uv": [4.4375, 6.0625, 4, 4.875], "texture": "#2"},
				"down": {"uv": [0.4375, 5, 0, 6.1875], "texture": "#2"}
			}
		},
		{
			"from": [-10, -15.175, 2],
			"to": [-3, -5.175, 21],
			"rotation": {"angle": 0, "axis": "y", "origin": [-30, -15.175, -6]},
			"faces": {
				"north": {"uv": [2.3125, 5.9375, 2.75, 6.5625], "texture": "#2"},
				"east": {"uv": [4.75, 0, 5.9375, 0.625], "texture": "#2"},
				"south": {"uv": [2.75, 5.9375, 3.1875, 6.5625], "texture": "#2"},
				"west": {"uv": [4.75, 0.625, 5.9375, 1.25], "texture": "#2"},
				"up": {"uv": [0.875, 6.1875, 0.4375, 5], "texture": "#2"},
				"down": {"uv": [1.3125, 5, 0.875, 6.1875], "texture": "#2"}
			}
		},
		{
			"from": [1, -5, -3],
			"to": [3, 2, -1],
			"rotation": {"angle": 0, "axis": "y", "origin": [1, -3, -3]},
			"faces": {
				"north": {"uv": [6.625, 6.875, 6.75, 7.3125], "texture": "#2"},
				"east": {"uv": [1.9375, 6.9375, 2.0625, 7.375], "texture": "#2"},
				"south": {"uv": [5.1875, 7.125, 5.3125, 7.5625], "texture": "#2"},
				"west": {"uv": [1.3125, 7.1875, 1.4375, 7.625], "texture": "#2"},
				"up": {"uv": [4.5625, 5.25, 4.4375, 5.125], "texture": "#2"},
				"down": {"uv": [5.9375, 5.125, 5.8125, 5.25], "texture": "#2"}
			}
		},
		{
			"from": [0, 2, -4],
			"to": [4, 6, -3],
			"rotation": {"angle": 0, "axis": "y", "origin": [1, 4, -3]},
			"faces": {
				"north": {"uv": [7.0625, 6.25, 7.3125, 6.5], "texture": "#2"},
				"east": {"uv": [4.5625, 4.875, 4.625, 5.125], "texture": "#2"},
				"south": {"uv": [7.0625, 6.5, 7.3125, 6.75], "texture": "#2"},
				"west": {"uv": [5.375, 6, 5.4375, 6.25], "texture": "#2"},
				"up": {"uv": [1.8125, 6.4375, 1.5625, 6.375], "texture": "#2"},
				"down": {"uv": [6.6875, 0.5, 6.4375, 0.5625], "texture": "#2"}
			}
		},
		{
			"from": [0, 2, -1],
			"to": [4, 6, 0],
			"rotation": {"angle": 0, "axis": "y", "origin": [1, 4, 0]},
			"faces": {
				"north": {"uv": [7.0625, 6.75, 7.3125, 7], "texture": "#2"},
				"east": {"uv": [5.875, 6.4375, 5.9375, 6.6875], "texture": "#2"},
				"south": {"uv": [7.0625, 7, 7.3125, 7.25], "texture": "#2"},
				"west": {"uv": [5.875, 6.6875, 5.9375, 6.9375], "texture": "#2"},
				"up": {"uv": [6.6875, 0.625, 6.4375, 0.5625], "texture": "#2"},
				"down": {"uv": [6.5625, 7.25, 6.3125, 7.3125], "texture": "#2"}
			}
		},
		{
			"from": [3, 2, -3],
			"to": [4, 6, -1],
			"rotation": {"angle": 0, "axis": "y", "origin": [1, 4, 0]},
			"faces": {
				"north": {"uv": [6.75, 5.75, 6.8125, 6], "texture": "#2"},
				"east": {"uv": [4.4375, 4.875, 4.5625, 5.125], "texture": "#2"},
				"south": {"uv": [6.75, 6.875, 6.8125, 7.125], "texture": "#2"},
				"west": {"uv": [5.25, 6, 5.375, 6.25], "texture": "#2"},
				"up": {"uv": [4.625, 5.25, 4.5625, 5.125], "texture": "#2"},
				"down": {"uv": [5.875, 2.375, 5.8125, 2.5], "texture": "#2"}
			}
		},
		{
			"from": [0, 2, -3],
			"to": [1, 6, -1],
			"rotation": {"angle": 0, "axis": "y", "origin": [-2, 4, 0]},
			"faces": {
				"north": {"uv": [6.5625, 7.25, 6.625, 7.5], "texture": "#2"},
				"east": {"uv": [0.9375, 7.25, 1.0625, 7.5], "texture": "#2"},
				"south": {"uv": [0, 7.3125, 0.0625, 7.5625], "texture": "#2"},
				"west": {"uv": [7.25, 3.1875, 7.375, 3.4375], "texture": "#2"},
				"up": {"uv": [4, 6.0625, 3.9375, 5.9375], "texture": "#2"},
				"down": {"uv": [6, 5.125, 5.9375, 5.25], "texture": "#2"}
			}
		},
		{
			"from": [-1, 6, -5],
			"to": [5, 7, -4],
			"rotation": {"angle": 0, "axis": "y", "origin": [1, 5, -3]},
			"faces": {
				"north": {"uv": [6, 5.625, 6.375, 5.6875], "texture": "#2"},
				"east": {"uv": [5.25, 6.25, 5.3125, 6.3125], "texture": "#2"},
				"south": {"uv": [6, 5.6875, 6.375, 5.75], "texture": "#2"},
				"west": {"uv": [5.3125, 6.25, 5.375, 6.3125], "texture": "#2"},
				"up": {"uv": [7.625, 3.75, 7.25, 3.6875], "texture": "#2"},
				"down": {"uv": [7.625, 3.75, 7.25, 3.8125], "texture": "#2"}
			}
		},
		{
			"from": [-1, 6, 0],
			"to": [5, 7, 1],
			"rotation": {"angle": 0, "axis": "y", "origin": [1, 5, 2]},
			"faces": {
				"north": {"uv": [7.25, 5.5, 7.625, 5.5625], "texture": "#2"},
				"east": {"uv": [1.25, 6.3125, 1.3125, 6.375], "texture": "#2"},
				"south": {"uv": [5.5625, 7.25, 5.9375, 7.3125], "texture": "#2"},
				"west": {"uv": [1.8125, 6.375, 1.875, 6.4375], "texture": "#2"},
				"up": {"uv": [7.625, 5.625, 7.25, 5.5625], "texture": "#2"},
				"down": {"uv": [7.625, 5.625, 7.25, 5.6875], "texture": "#2"}
			}
		},
		{
			"from": [4, 6, -4],
			"to": [5, 7, 0],
			"rotation": {"angle": 0, "axis": "y", "origin": [1, 5, 2]},
			"faces": {
				"north": {"uv": [5.375, 6.375, 5.4375, 6.4375], "texture": "#2"},
				"east": {"uv": [0.0625, 7.3125, 0.3125, 7.375], "texture": "#2"},
				"south": {"uv": [6.625, 5.75, 6.6875, 5.8125], "texture": "#2"},
				"west": {"uv": [7.3125, 2.8125, 7.5625, 2.875], "texture": "#2"},
				"up": {"uv": [5.625, 7.5625, 5.5625, 7.3125], "texture": "#2"},
				"down": {"uv": [5.6875, 7.3125, 5.625, 7.5625], "texture": "#2"}
			}
		},
		{
			"from": [-1, 6, -4],
			"to": [0, 7, 0],
			"rotation": {"angle": 0, "axis": "y", "origin": [-4, 5, 2]},
			"faces": {
				"north": {"uv": [3.0625, 6.6875, 3.125, 6.75], "texture": "#2"},
				"east": {"uv": [5.6875, 7.3125, 5.9375, 7.375], "texture": "#2"},
				"south": {"uv": [3.125, 6.6875, 3.1875, 6.75], "texture": "#2"},
				"west": {"uv": [7.3125, 5.75, 7.5625, 5.8125], "texture": "#2"},
				"up": {"uv": [7.375, 6.0625, 7.3125, 5.8125], "texture": "#2"},
				"down": {"uv": [6, 7.3125, 5.9375, 7.5625], "texture": "#2"}
			}
		},
		{
			"from": [-1, -4, -5],
			"to": [5, -3, 1],
			"rotation": {"angle": 0, "axis": "y", "origin": [1, -5, -3]},
			"faces": {
				"north": {"uv": [7.25, 5.6875, 7.625, 5.75], "texture": "#2"},
				"east": {"uv": [5.9375, 7.25, 6.3125, 7.3125], "texture": "#2"},
				"south": {"uv": [6.75, 7.25, 7.125, 7.3125], "texture": "#2"},
				"west": {"uv": [7.125, 7.25, 7.5, 7.3125], "texture": "#2"},
				"up": {"uv": [4.4375, 7.25, 4.0625, 6.875], "texture": "#2"},
				"down": {"uv": [7.3125, 0.625, 6.9375, 1], "texture": "#2"}
			}
		},
		{
			"from": [-1, -4, 23],
			"to": [5, -3, 29],
			"rotation": {"angle": 0, "axis": "y", "origin": [1, -5, 25]},
			"faces": {
				"north": {"uv": [7.3125, 0.625, 7.6875, 0.6875], "texture": "#2"},
				"east": {"uv": [7.3125, 0.6875, 7.6875, 0.75], "texture": "#2"},
				"south": {"uv": [7.3125, 0.75, 7.6875, 0.8125], "texture": "#2"},
				"west": {"uv": [7.3125, 0.8125, 7.6875, 0.875], "texture": "#2"},
				"up": {"uv": [7.3125, 1.375, 6.9375, 1], "texture": "#2"},
				"down": {"uv": [7.3125, 1.375, 6.9375, 1.75], "texture": "#2"}
			}
		},
		{
			"from": [-1, 6, 24],
			"to": [0, 7, 28],
			"rotation": {"angle": 0, "axis": "y", "origin": [-4, 5, 30]},
			"faces": {
				"north": {"uv": [6.6875, 5.75, 6.75, 5.8125], "texture": "#2"},
				"east": {"uv": [6, 7.3125, 6.25, 7.375], "texture": "#2"},
				"south": {"uv": [6.5625, 6.875, 6.625, 6.9375], "texture": "#2"},
				"west": {"uv": [7.3125, 6.0625, 7.5625, 6.125], "texture": "#2"},
				"up": {"uv": [7.375, 6.375, 7.3125, 6.125], "texture": "#2"},
				"down": {"uv": [6.3125, 7.3125, 6.25, 7.5625], "texture": "#2"}
			}
		},
		{
			"from": [4, 6, 24],
			"to": [5, 7, 28],
			"rotation": {"angle": 0, "axis": "y", "origin": [1, 5, 30]},
			"faces": {
				"north": {"uv": [6.9375, 3.9375, 7, 4], "texture": "#2"},
				"east": {"uv": [6.3125, 7.3125, 6.5625, 7.375], "texture": "#2"},
				"south": {"uv": [7, 3.9375, 7.0625, 4], "texture": "#2"},
				"west": {"uv": [7.3125, 6.375, 7.5625, 6.4375], "texture": "#2"},
				"up": {"uv": [7.375, 6.6875, 7.3125, 6.4375], "texture": "#2"},
				"down": {"uv": [6.6875, 7.3125, 6.625, 7.5625], "texture": "#2"}
			}
		},
		{
			"from": [-1, 6, 28],
			"to": [5, 7, 29],
			"rotation": {"angle": 0, "axis": "y", "origin": [1, 5, 30]},
			"faces": {
				"north": {"uv": [7.3125, 0.875, 7.6875, 0.9375], "texture": "#2"},
				"east": {"uv": [7.0625, 3.9375, 7.125, 4], "texture": "#2"},
				"south": {"uv": [7.3125, 0.9375, 7.6875, 1], "texture": "#2"},
				"west": {"uv": [1.0625, 7.125, 1.125, 7.1875], "texture": "#2"},
				"up": {"uv": [7.6875, 1.0625, 7.3125, 1], "texture": "#2"},
				"down": {"uv": [7.6875, 1.0625, 7.3125, 1.125], "texture": "#2"}
			}
		},
		{
			"from": [-1, 6, 23],
			"to": [5, 7, 24],
			"rotation": {"angle": 0, "axis": "y", "origin": [1, 5, 25]},
			"faces": {
				"north": {"uv": [7.3125, 1.125, 7.6875, 1.1875], "texture": "#2"},
				"east": {"uv": [1.125, 7.125, 1.1875, 7.1875], "texture": "#2"},
				"south": {"uv": [7.3125, 1.1875, 7.6875, 1.25], "texture": "#2"},
				"west": {"uv": [1.1875, 7.125, 1.25, 7.1875], "texture": "#2"},
				"up": {"uv": [7.6875, 1.3125, 7.3125, 1.25], "texture": "#2"},
				"down": {"uv": [7.6875, 1.3125, 7.3125, 1.375], "texture": "#2"}
			}
		},
		{
			"from": [0, 2, 25],
			"to": [1, 6, 27],
			"rotation": {"angle": 0, "axis": "y", "origin": [-2, 4, 28]},
			"faces": {
				"north": {"uv": [6.6875, 7.3125, 6.75, 7.5625], "texture": "#2"},
				"east": {"uv": [7.25, 3.4375, 7.375, 3.6875], "texture": "#2"},
				"south": {"uv": [7.3125, 6.6875, 7.375, 6.9375], "texture": "#2"},
				"west": {"uv": [4.0625, 7.25, 4.1875, 7.5], "texture": "#2"},
				"up": {"uv": [1.3125, 6.3125, 1.25, 6.1875], "texture": "#2"},
				"down": {"uv": [5.4375, 6.25, 5.375, 6.375], "texture": "#2"}
			}
		},
		{
			"from": [3, 2, 25],
			"to": [4, 6, 27],
			"rotation": {"angle": 0, "axis": "y", "origin": [1, 4, 28]},
			"faces": {
				"north": {"uv": [6.75, 7.3125, 6.8125, 7.5625], "texture": "#2"},
				"east": {"uv": [4.1875, 7.25, 4.3125, 7.5], "texture": "#2"},
				"south": {"uv": [6.8125, 7.3125, 6.875, 7.5625], "texture": "#2"},
				"west": {"uv": [4.3125, 7.25, 4.4375, 7.5], "texture": "#2"},
				"up": {"uv": [6.8125, 6.125, 6.75, 6], "texture": "#2"},
				"down": {"uv": [1.125, 7, 1.0625, 7.125], "texture": "#2"}
			}
		},
		{
			"from": [0, 2, 24],
			"to": [4, 6, 25],
			"rotation": {"angle": 0, "axis": "y", "origin": [1, 4, 25]},
			"faces": {
				"north": {"uv": [7.125, 2.25, 7.375, 2.5], "texture": "#2"},
				"east": {"uv": [6.875, 7.3125, 6.9375, 7.5625], "texture": "#2"},
				"south": {"uv": [7.125, 3.9375, 7.375, 4.1875], "texture": "#2"},
				"west": {"uv": [6.9375, 7.3125, 7, 7.5625], "texture": "#2"},
				"up": {"uv": [7.5625, 7, 7.3125, 6.9375], "texture": "#2"},
				"down": {"uv": [7.25, 7.3125, 7, 7.375], "texture": "#2"}
			}
		},
		{
			"from": [0, 2, 27],
			"to": [4, 6, 28],
			"rotation": {"angle": 0, "axis": "y", "origin": [1, 4, 28]},
			"faces": {
				"north": {"uv": [7.125, 4.1875, 7.375, 4.4375], "texture": "#2"},
				"east": {"uv": [7.3125, 7, 7.375, 7.25], "texture": "#2"},
				"south": {"uv": [4.4375, 7.125, 4.6875, 7.375], "texture": "#2"},
				"west": {"uv": [7.25, 7.3125, 7.3125, 7.5625], "texture": "#2"},
				"up": {"uv": [7.5625, 7.375, 7.3125, 7.3125], "texture": "#2"},
				"down": {"uv": [0.3125, 7.375, 0.0625, 7.4375], "texture": "#2"}
			}
		},
		{
			"from": [1, -5, 25],
			"to": [3, 2, 27],
			"rotation": {"angle": 0, "axis": "y", "origin": [1, -3, 25]},
			"faces": {
				"north": {"uv": [1.4375, 7.1875, 1.5625, 7.625], "texture": "#2"},
				"east": {"uv": [2.0625, 7.1875, 2.1875, 7.625], "texture": "#2"},
				"south": {"uv": [2.1875, 7.1875, 2.3125, 7.625], "texture": "#2"},
				"west": {"uv": [0.3125, 7.25, 0.4375, 7.6875], "texture": "#2"},
				"up": {"uv": [3.9375, 6.0625, 3.8125, 5.9375], "texture": "#2"},
				"down": {"uv": [6.5, 5, 6.375, 5.125], "texture": "#2"}
			}
		},
		{
			"from": [9, -4, 23],
			"to": [15, -3, 29],
			"rotation": {"angle": 0, "axis": "y", "origin": [11, -5, 25]},
			"faces": {
				"north": {"uv": [7.3125, 1.375, 7.6875, 1.4375], "texture": "#2"},
				"east": {"uv": [7.3125, 1.4375, 7.6875, 1.5], "texture": "#2"},
				"south": {"uv": [7.3125, 1.5, 7.6875, 1.5625], "texture": "#2"},
				"west": {"uv": [1.5625, 7.3125, 1.9375, 7.375], "texture": "#2"},
				"up": {"uv": [1.9375, 7.3125, 1.5625, 6.9375], "texture": "#2"},
				"down": {"uv": [7.3125, 2.5, 6.9375, 2.875], "texture": "#2"}
			}
		},
		{
			"from": [9, 6, 24],
			"to": [10, 7, 28],
			"rotation": {"angle": 0, "axis": "y", "origin": [6, 5, 30]},
			"faces": {
				"north": {"uv": [5.0625, 7.375, 5.125, 7.4375], "texture": "#2"},
				"east": {"uv": [1.5625, 7.375, 1.8125, 7.4375], "texture": "#2"},
				"south": {"uv": [7.375, 5.0625, 7.4375, 5.125], "texture": "#2"},
				"west": {"uv": [1.8125, 7.375, 2.0625, 7.4375], "texture": "#2"},
				"up": {"uv": [7.4375, 2.5, 7.375, 2.25], "texture": "#2"},
				"down": {"uv": [7.4375, 3.1875, 7.375, 3.4375], "texture": "#2"}
			}
		},
		{
			"from": [14, 6, 24],
			"to": [15, 7, 28],
			"rotation": {"angle": 0, "axis": "y", "origin": [11, 5, 30]},
			"faces": {
				"north": {"uv": [5.125, 7.375, 5.1875, 7.4375], "texture": "#2"},
				"east": {"uv": [7.375, 3.4375, 7.625, 3.5], "texture": "#2"},
				"south": {"uv": [7.375, 5.125, 7.4375, 5.1875], "texture": "#2"},
				"west": {"uv": [7.375, 3.5, 7.625, 3.5625], "texture": "#2"},
				"up": {"uv": [7.4375, 4.1875, 7.375, 3.9375], "texture": "#2"},
				"down": {"uv": [7.4375, 4.1875, 7.375, 4.4375], "texture": "#2"}
			}
		},
		{
			"from": [9, 6, 28],
			"to": [15, 7, 29],
			"rotation": {"angle": 0, "axis": "y", "origin": [11, 5, 30]},
			"faces": {
				"north": {"uv": [7.3125, 1.5625, 7.6875, 1.625], "texture": "#2"},
				"east": {"uv": [7.375, 5.1875, 7.4375, 5.25], "texture": "#2"},
				"south": {"uv": [7.3125, 1.625, 7.6875, 1.6875], "texture": "#2"},
				"west": {"uv": [7.375, 5.25, 7.4375, 5.3125], "texture": "#2"},
				"up": {"uv": [7.6875, 1.75, 7.3125, 1.6875], "texture": "#2"},
				"down": {"uv": [7.6875, 2.5, 7.3125, 2.5625], "texture": "#2"}
			}
		},
		{
			"from": [9, 6, 23],
			"to": [15, 7, 24],
			"rotation": {"angle": 0, "axis": "y", "origin": [11, 5, 25]},
			"faces": {
				"north": {"uv": [7.3125, 2.5625, 7.6875, 2.625], "texture": "#2"},
				"east": {"uv": [7.375, 5.3125, 7.4375, 5.375], "texture": "#2"},
				"south": {"uv": [7.3125, 2.625, 7.6875, 2.6875], "texture": "#2"},
				"west": {"uv": [7.375, 5.375, 7.4375, 5.4375], "texture": "#2"},
				"up": {"uv": [7.6875, 2.75, 7.3125, 2.6875], "texture": "#2"},
				"down": {"uv": [7.6875, 2.75, 7.3125, 2.8125], "texture": "#2"}
			}
		},
		{
			"from": [10, 2, 25],
			"to": [11, 6, 27],
			"rotation": {"angle": 0, "axis": "y", "origin": [8, 4, 28]},
			"faces": {
				"north": {"uv": [4.4375, 7.375, 4.5, 7.625], "texture": "#2"},
				"east": {"uv": [7.25, 5, 7.375, 5.25], "texture": "#2"},
				"south": {"uv": [7.375, 4.4375, 7.4375, 4.6875], "texture": "#2"},
				"west": {"uv": [7.25, 5.25, 7.375, 5.5], "texture": "#2"},
				"up": {"uv": [1.1875, 7.125, 1.125, 7], "texture": "#2"},
				"down": {"uv": [1.25, 7, 1.1875, 7.125], "texture": "#2"}
			}
		},
		{
			"from": [13, 2, 25],
			"to": [14, 6, 27],
			"rotation": {"angle": 0, "axis": "y", "origin": [11, 4, 28]},
			"faces": {
				"north": {"uv": [4.5, 7.375, 4.5625, 7.625], "texture": "#2"},
				"east": {"uv": [5.3125, 7.25, 5.4375, 7.5], "texture": "#2"},
				"south": {"uv": [4.5625, 7.375, 4.625, 7.625], "texture": "#2"},
				"west": {"uv": [5.4375, 7.25, 5.5625, 7.5], "texture": "#2"},
				"up": {"uv": [5.375, 7.25, 5.3125, 7.125], "texture": "#2"},
				"down": {"uv": [6.8125, 7.125, 6.75, 7.25], "texture": "#2"}
			}
		},
		{
			"from": [10, 2, 24],
			"to": [14, 6, 25],
			"rotation": {"angle": 0, "axis": "y", "origin": [11, 4, 25]},
			"faces": {
				"north": {"uv": [7.125, 4.4375, 7.375, 4.6875], "texture": "#2"},
				"east": {"uv": [4.625, 7.375, 4.6875, 7.625], "texture": "#2"},
				"south": {"uv": [4.6875, 7.125, 4.9375, 7.375], "texture": "#2"},
				"west": {"uv": [4.6875, 7.375, 4.75, 7.625], "texture": "#2"},
				"up": {"uv": [7.625, 3.625, 7.375, 3.5625], "texture": "#2"},
				"down": {"uv": [7.625, 3.625, 7.375, 3.6875], "texture": "#2"}
			}
		},
		{
			"from": [10, 2, 27],
			"to": [14, 6, 28],
			"rotation": {"angle": 0, "axis": "y", "origin": [11, 4, 28]},
			"faces": {
				"north": {"uv": [4.9375, 7.125, 5.1875, 7.375], "texture": "#2"},
				"east": {"uv": [4.75, 7.375, 4.8125, 7.625], "texture": "#2"},
				"south": {"uv": [1.0625, 7.1875, 1.3125, 7.4375], "texture": "#2"},
				"west": {"uv": [7.375, 4.75, 7.4375, 5], "texture": "#2"},
				"up": {"uv": [5.0625, 7.4375, 4.8125, 7.375], "texture": "#2"},
				"down": {"uv": [7.625, 5, 7.375, 5.0625], "texture": "#2"}
			}
		},
		{
			"from": [11, -5, 25],
			"to": [13, 2, 27],
			"rotation": {"angle": 0, "axis": "y", "origin": [11, -3, 25]},
			"faces": {
				"north": {"uv": [0.4375, 7.25, 0.5625, 7.6875], "texture": "#2"},
				"east": {"uv": [0.5625, 7.25, 0.6875, 7.6875], "texture": "#2"},
				"south": {"uv": [0.6875, 7.25, 0.8125, 7.6875], "texture": "#2"},
				"west": {"uv": [0.8125, 7.25, 0.9375, 7.6875], "texture": "#2"},
				"up": {"uv": [6.5, 5.75, 6.375, 5.625], "texture": "#2"},
				"down": {"uv": [3.1875, 6.5625, 3.0625, 6.6875], "texture": "#2"}
			}
		}
	],
	"display": {
		"head": {
			"translation": [0, 6.5, 4.25]
		}
	},
	"groups": [
		{
			"name": "group",
			"origin": [1, 11, -3],
			"color": 0,
			"children": [
				{
					"name": "steve",
					"origin": [8, 8, 8],
					"color": 0,
					"children": [0, 1, 2, 3, 4, 5, 6, 7, 8, 9, 10, 11]
				},
				12,
				13,
				14,
				15,
				16,
				17,
				18,
				19,
				20,
				21,
				22,
				23,
				24,
				25,
				26,
				27,
				28,
				29,
				30,
				31,
				32,
				33,
				34,
				35,
				36,
				37,
				38,
				39,
				40,
				41,
				42,
				43,
				44,
				45,
				46,
				47,
				48,
				49,
				50
			]
		}
	]
}