{
	"credit": "Made with Blockbench",
	"texture_size": [128, 128],
	"textures": {
		"0": "custom:item/pizza_shop",
		"particle": "custom:item/pizza_shop"
	},
	"elements": [
		{
			"from": [-15.01, -10.88, 11.49],
			"to": [-12.63, -1.36, 13.87],
			"rotation": {"angle": 0, "axis": "y", "origin": [-14.5, -10.88, 12]},
			"faces": {
				"north": {"uv": [6.5, 5.5, 7, 7.25], "texture": "#0"},
				"east": {"uv": [6.75, 0, 7.25, 1.75], "texture": "#0"},
				"south": {"uv": [0, 6.875, 0.5, 8.625], "texture": "#0"},
				"west": {"uv": [0.5, 6.875, 1, 8.625], "texture": "#0"},
				"up": {"uv": [8.5, 6, 8, 5.5], "texture": "#0"},
				"down": {"uv": [8.5, 6, 8, 6.5], "texture": "#0"}
			}
		},
		{
			"from": [-15.01, -10.88, 3.33],
			"to": [-12.63, -1.36, 5.71],
			"rotation": {"angle": 0, "axis": "y", "origin": [-14.5, -10.88, 3.84]},
			"faces": {
				"north": {"uv": [6.5, 5.5, 7, 7.25], "texture": "#0"},
				"east": {"uv": [6.75, 0, 7.25, 1.75], "texture": "#0"},
				"south": {"uv": [0, 6.875, 0.5, 8.625], "texture": "#0"},
				"west": {"uv": [0.5, 6.875, 1, 8.625], "texture": "#0"},
				"up": {"uv": [8.5, 6, 8, 5.5], "texture": "#0"},
				"down": {"uv": [8.5, 6, 8, 6.5], "texture": "#0"}
			}
		},
		{
			"from": [-8.89, -10.88, 11.49],
			"to": [-6.51, -1.36, 13.87],
			"rotation": {"angle": 0, "axis": "y", "origin": [-8.38, -10.88, 12]},
			"faces": {
				"north": {"uv": [6.5, 5.5, 7, 7.25], "texture": "#0"},
				"east": {"uv": [6.75, 0, 7.25, 1.75], "texture": "#0"},
				"south": {"uv": [0, 6.875, 0.5, 8.625], "texture": "#0"},
				"west": {"uv": [0.5, 6.875, 1, 8.625], "texture": "#0"},
				"up": {"uv": [8.5, 6, 8, 5.5], "texture": "#0"},
				"down": {"uv": [8.5, 6, 8, 6.5], "texture": "#0"}
			}
		},
		{
			"from": [-8.89, -10.88, 3.33],
			"to": [-6.51, -1.36, 5.71],
			"rotation": {"angle": 0, "axis": "y", "origin": [-8.38, -10.88, 3.84]},
			"faces": {
				"north": {"uv": [6.5, 5.5, 7, 7.25], "texture": "#0"},
				"east": {"uv": [6.75, 0, 7.25, 1.75], "texture": "#0"},
				"south": {"uv": [0, 6.875, 0.5, 8.625], "texture": "#0"},
				"west": {"uv": [0.5, 6.875, 1, 8.625], "texture": "#0"},
				"up": {"uv": [8.5, 6, 8, 5.5], "texture": "#0"},
				"down": {"uv": [8.5, 6, 8, 6.5], "texture": "#0"}
			}
		},
		{
			"from": [-0.05, -10.88, 3.33],
			"to": [2.33, 2.04, 5.71],
			"rotation": {"angle": 0, "axis": "y", "origin": [0.46, -10.88, 3.84]},
			"faces": {
				"north": {"uv": [5.625, 3, 6.125, 5.375], "texture": "#0"},
				"east": {"uv": [5.625, 5.375, 6.125, 7.75], "texture": "#0"},
				"south": {"uv": [5.875, 0, 6.375, 2.375], "texture": "#0"},
				"west": {"uv": [2, 6, 2.5, 8.375], "texture": "#0"},
				"up": {"uv": [3.5, 8.875, 3, 8.375], "texture": "#0"},
				"down": {"uv": [4, 8.375, 3.5, 8.875], "texture": "#0"}
			}
		},
		{
			"from": [10.15, -10.88, 3.33],
			"to": [12.53, 2.04, 5.71],
			"rotation": {"angle": 0, "axis": "y", "origin": [10.66, -10.88, 3.84]},
			"faces": {
				"north": {"uv": [5.625, 3, 6.125, 5.375], "texture": "#0"},
				"east": {"uv": [5.625, 5.375, 6.125, 7.75], "texture": "#0"},
				"south": {"uv": [5.875, 0, 6.375, 2.375], "texture": "#0"},
				"west": {"uv": [2, 6, 2.5, 8.375], "texture": "#0"},
				"up": {"uv": [3.5, 8.875, 3, 8.375], "texture": "#0"},
				"down": {"uv": [4, 8.375, 3.5, 8.875], "texture": "#0"}
			}
		},
		{
			"from": [10.15, -10.88, 12.85],
			"to": [12.53, 2.04, 15.23],
			"rotation": {"angle": 0, "axis": "y", "origin": [10.66, -10.88, 13.36]},
			"faces": {
				"north": {"uv": [5.625, 3, 6.125, 5.375], "texture": "#0"},
				"east": {"uv": [5.625, 5.375, 6.125, 7.75], "texture": "#0"},
				"south": {"uv": [5.875, 0, 6.375, 2.375], "texture": "#0"},
				"west": {"uv": [2, 6, 2.5, 8.375], "texture": "#0"},
				"up": {"uv": [3.5, 8.875, 3, 8.375], "texture": "#0"},
				"down": {"uv": [4, 8.375, 3.5, 8.875], "texture": "#0"}
			}
		},
		{
			"from": [-0.05, -10.88, 12.85],
			"to": [2.33, 2.04, 15.23],
			"rotation": {"angle": 0, "axis": "y", "origin": [0.46, -10.88, 13.36]},
			"faces": {
				"north": {"uv": [5.625, 3, 6.125, 5.375], "texture": "#0"},
				"east": {"uv": [5.625, 5.375, 6.125, 7.75], "texture": "#0"},
				"south": {"uv": [5.875, 0, 6.375, 2.375], "texture": "#0"},
				"west": {"uv": [2, 6, 2.5, 8.375], "texture": "#0"},
				"up": {"uv": [3.5, 8.875, 3, 8.375], "texture": "#0"},
				"down": {"uv": [4, 8.375, 3.5, 8.875], "texture": "#0"}
			}
		},
		{
			"from": [-0.22, 2.04, 3.16],
			"to": [12.7, 4.08, 15.4],
			"rotation": {"angle": 0, "axis": "y", "origin": [6.24, 3.4, 9.28]},
			"faces": {
				"north": {"uv": [6.5, 4.75, 8.875, 5.125], "texture": "#0"},
				"east": {"uv": [6.875, 3.5, 9.125, 3.875], "texture": "#0"},
				"south": {"uv": [6.5, 5.125, 8.875, 5.5], "texture": "#0"},
				"west": {"uv": [6.875, 3.875, 9.125, 4.25], "texture": "#0"},
				"up": {"uv": [2.375, 4.5, 0, 2.25], "texture": "#0"},
				"down": {"uv": [2.375, 2.25, 0, 4.5], "texture": "#0"}
			}
		},
		{
			"from": [2.33, 4.08, 5.2],
			"to": [10.49, 5.44, 13.36],
			"rotation": {"angle": 0, "axis": "y", "origin": [5.73, 4.08, 8.6]},
			"faces": {
				"north": {"uv": [7.75, 2.5, 9.25, 2.75], "texture": "#0"},
				"east": {"uv": [7.75, 2.75, 9.25, 3], "texture": "#0"},
				"south": {"uv": [7.75, 3, 9.25, 3.25], "texture": "#0"},
				"west": {"uv": [7.75, 3.25, 9.25, 3.5], "texture": "#0"},
				"up": {"uv": [5.875, 1.5, 4.375, 0], "texture": "#0"},
				"down": {"uv": [5.875, 1.5, 4.375, 3], "texture": "#0"}
			}
		},
		{
			"from": [2.84, 5.44, 5.88],
			"to": [3.52, 6.97, 12.68],
			"rotation": {"angle": 0, "axis": "y", "origin": [-0.9, 5.44, 8.6]},
			"faces": {
				"north": {"uv": [5.5, 3, 5.625, 3.25], "texture": "#0"},
				"east": {"uv": [7.75, 7.5, 9, 7.75], "texture": "#0"},
				"south": {"uv": [5.5, 3.25, 5.625, 3.5], "texture": "#0"},
				"west": {"uv": [7.75, 7.75, 9, 8], "texture": "#0"},
				"up": {"uv": [2.125, 5.75, 2, 4.5], "texture": "#0"},
				"down": {"uv": [2.25, 4.5, 2.125, 5.75], "texture": "#0"}
			}
		},
		{
			"from": [9.3, 5.44, 5.88],
			"to": [9.98, 6.97, 12.68],
			"rotation": {"angle": 0, "axis": "y", "origin": [5.56, 5.44, 8.6]},
			"faces": {
				"north": {"uv": [5.5, 3.5, 5.625, 3.75], "texture": "#0"},
				"east": {"uv": [8, 0, 9.25, 0.25], "texture": "#0"},
				"south": {"uv": [5.5, 3.75, 5.625, 4], "texture": "#0"},
				"west": {"uv": [8, 0.25, 9.25, 0.5], "texture": "#0"},
				"up": {"uv": [2.375, 5.75, 2.25, 4.5], "texture": "#0"},
				"down": {"uv": [7.625, 5.5, 7.5, 6.75], "texture": "#0"}
			}
		},
		{
			"from": [3.52, 5.44, 12],
			"to": [9.3, 6.97, 12.68],
			"rotation": {"angle": 0, "axis": "y", "origin": [5.9, 6.205, 12.34]},
			"faces": {
				"north": {"uv": [8, 0.5, 9.125, 0.75], "texture": "#0"},
				"east": {"uv": [2, 5.75, 2.125, 6], "texture": "#0"},
				"south": {"uv": [8, 0.75, 9.125, 1], "texture": "#0"},
				"west": {"uv": [2.125, 5.75, 2.25, 6], "texture": "#0"},
				"up": {"uv": [9.625, 7.375, 8.5, 7.25], "texture": "#0"},
				"down": {"uv": [9.625, 7.375, 8.5, 7.5], "texture": "#0"}
			}
		},
		{
			"from": [3.52, 5.44, 5.88],
			"to": [9.3, 6.97, 6.56],
			"rotation": {"angle": 0, "axis": "y", "origin": [5.9, 6.205, 6.22]},
			"faces": {
				"north": {"uv": [8, 1, 9.125, 1.25], "texture": "#0"},
				"east": {"uv": [2.25, 5.75, 2.375, 6], "texture": "#0"},
				"south": {"uv": [8, 1.25, 9.125, 1.5], "texture": "#0"},
				"west": {"uv": [5.875, 2.375, 6, 2.625], "texture": "#0"},
				"up": {"uv": [9.625, 8.625, 8.5, 8.5], "texture": "#0"},
				"down": {"uv": [1.125, 8.625, 0, 8.75], "texture": "#0"}
			}
		},
		{
			"from": [3.52, 5.44, 6.56],
			"to": [9.3, 6.732, 12],
			"rotation": {"angle": 0, "axis": "y", "origin": [5.9, 6.205, 6.9]},
			"faces": {
				"north": {"uv": [8, 1.5, 9.125, 1.75], "texture": "#0"},
				"east": {"uv": [8.5, 6, 9.5, 6.25], "texture": "#0"},
				"south": {"uv": [8, 1.75, 9.125, 2], "texture": "#0"},
				"west": {"uv": [8.5, 6.25, 9.5, 6.5], "texture": "#0"},
				"up": {"uv": [5.5, 4, 4.375, 3], "texture": "#0"},
				"down": {"uv": [5.625, 6, 4.5, 7], "texture": "#0"}
			}
		},
		{
			"from": [-15.01, -1.36, 3.33],
			"to": [-6.51, 0, 13.87],
			"rotation": {"angle": 0, "axis": "y", "origin": [-12.29, 8.16, 3.33]},
			"faces": {
				"north": {"uv": [7.75, 2, 9.375, 2.25], "texture": "#0"},
				"east": {"uv": [6.875, 4.25, 8.875, 4.5], "texture": "#0"},
				"south": {"uv": [7.75, 2.25, 9.375, 2.5], "texture": "#0"},
				"west": {"uv": [6.875, 4.5, 8.875, 4.75], "texture": "#0"},
				"up": {"uv": [4, 6, 2.375, 4], "texture": "#0"},
				"down": {"uv": [5.625, 4, 4, 6], "texture": "#0"}
			}
		},
		{
			"from": [-15.01, 0, 3.33],
			"to": [-13.65, 10.88, 13.87],
			"rotation": {"angle": 0, "axis": "y", "origin": [-15.18, 4.25, 8.6]},
			"faces": {
				"north": {"uv": [7.75, 0, 8, 2], "texture": "#0"},
				"east": {"uv": [2.375, 0, 4.375, 2], "texture": "#0"},
				"south": {"uv": [5.5, 7.75, 5.75, 9.75], "texture": "#0"},
				"west": {"uv": [2.375, 2, 4.375, 4], "texture": "#0"},
				"up": {"uv": [8, 7.5, 7.75, 5.5], "texture": "#0"},
				"down": {"uv": [6, 7.75, 5.75, 9.75], "texture": "#0"}
			}
		}
	],
	"display": {
		"head": {
			"translation": [9.25, 6.75, -2.75],
			"scale": [1.25, 1.25, 1.25]
		}
	},
	"groups": [
		{
			"name": "group",
			"origin": [-14.5, 0, 12],
			"color": 0,
			"children": [0, 1, 2, 3, 4, 5, 6, 7, 8, 9, 10, 11, 12, 13, 14, 15, 16]
		}
	]
}