{
	"credit": "Made with Blockbench",
	"texture_size": [128, 128],
	"textures": {
		"2": "custom:item/shrimp_boat"
	},
	"elements": [
		{
			"from": [0.03585, 9.90333, 19.2],
			"to": [3.63585, 11.50333, 20.8],
			"rotation": {"angle": -22.5, "axis": "z", "origin": [1.87759, 9.18942, 20]},
			"faces": {
				"north": {"uv": [6, 2, 6.45313, 2.20313], "texture": "#2"},
				"east": {"uv": [2.75, 3.5, 2.95313, 3.70313], "texture": "#2"},
				"south": {"uv": [6, 2.25, 6.45313, 2.45313], "texture": "#2"},
				"west": {"uv": [2.75, 3.75, 2.95313, 3.95313], "texture": "#2"},
				"up": {"uv": [6.45313, 2.70313, 6, 2.5], "texture": "#2"},
				"down": {"uv": [3.20313, 6, 2.75, 6.20313], "texture": "#2"}
			}
		},
		{
			"from": [-2.97908, 9.92364, 19.425],
			"to": [-1.42908, 10.67364, 20.575],
			"rotation": {"angle": -22.5, "axis": "z", "origin": [1.87759, 9.18942, 20]},
			"faces": {
				"north": {"uv": [1.625, 5.625, 1.82813, 5.71875], "texture": "#2"},
				"east": {"uv": [2.125, 5.625, 2.28125, 5.71875], "texture": "#2"},
				"south": {"uv": [1.875, 5.625, 2.07813, 5.71875], "texture": "#2"},
				"west": {"uv": [6.125, 1.875, 6.28125, 1.96875], "texture": "#2"},
				"up": {"uv": [2.95313, 4.15625, 2.75, 4], "texture": "#2"},
				"down": {"uv": [2.95313, 4.25, 2.75, 4.40625], "texture": "#2"}
			}
		},
		{
			"from": [-2.98633, 6.27552, 20.61],
			"to": [1.81367, 11.07552, 20.61],
			"rotation": {"angle": -22.5, "axis": "z", "origin": [2.75259, 10.28942, 20]},
			"faces": {
				"north": {"uv": [5.75, 5.25, 6.34375, 5.84375], "texture": "#2"},
				"east": {"uv": [0, 0, 0, 0.59375], "texture": "#2"},
				"south": {"uv": [5.625, 5.875, 6.21875, 6.46875], "texture": "#2"},
				"west": {"uv": [0, 0, 0, 0.59375], "texture": "#2"},
				"up": {"uv": [0.59375, 0, 0, 0], "texture": "#2"},
				"down": {"uv": [0.59375, 0, 0, 0], "texture": "#2"}
			}
		},
		{
			"from": [-2.68927, 6.52692, 19.375],
			"to": [2.11073, 11.32692, 19.375],
			"rotation": {"angle": -22.5, "axis": "z", "origin": [1.87759, 9.18942, 19.975]},
			"faces": {
				"north": {"uv": [5.625, 5.875, 6.21875, 6.46875], "texture": "#2"},
				"east": {"uv": [0, 0, 0, 0.59375], "texture": "#2"},
				"south": {"uv": [5.75, 5.25, 6.34375, 5.84375], "texture": "#2"},
				"west": {"uv": [0, 0, 0, 0.59375], "texture": "#2"},
				"up": {"uv": [0.59375, 0, 0, 0], "texture": "#2"},
				"down": {"uv": [0.59375, 0, 0, 0], "texture": "#2"}
			}
		},
		{
			"from": [-5.80124, 10.69784, 18.99706],
			"to": [-3.00124, 10.69784, 20.99706],
			"rotation": {"angle": -22.5, "axis": "z", "origin": [1.87759, 9.18942, 20]},
			"faces": {
				"north": {"uv": [0, 0, 0.34375, 0], "texture": "#2"},
				"east": {"uv": [0, 0, 0.25, 0], "texture": "#2"},
				"south": {"uv": [0, 0, 0.34375, 0], "texture": "#2"},
				"west": {"uv": [0, 0, 0.25, 0], "texture": "#2"},
				"up": {"uv": [4.09375, 6.25, 3.75, 6], "texture": "#2"},
				"down": {"uv": [6.34375, 3.75, 6, 4], "texture": "#2"}
			}
		},
		{
			"from": [-1.56415, 10.20333, 19.4],
			"to": [0.03585, 11.40333, 20.6],
			"rotation": {"angle": -22.5, "axis": "z", "origin": [1.87759, 9.18942, 20]},
			"faces": {
				"north": {"uv": [6, 4.75, 6.20313, 4.90625], "texture": "#2"},
				"east": {"uv": [6.125, 1.375, 6.28125, 1.53125], "texture": "#2"},
				"south": {"uv": [6, 5, 6.20313, 5.15625], "texture": "#2"},
				"west": {"uv": [6.125, 1.625, 6.28125, 1.78125], "texture": "#2"},
				"up": {"uv": [6.32813, 0.53125, 6.125, 0.375], "texture": "#2"},
				"down": {"uv": [6.32813, 0.625, 6.125, 0.78125], "texture": "#2"}
			}
		},
		{
			"from": [2.61652, 10.82005, 19.2],
			"to": [6.19652, 12.00005, 20.78],
			"rotation": {"angle": -45, "axis": "z", "origin": [1.87759, 9.18942, 20]},
			"faces": {
				"north": {"uv": [4.125, 6, 4.57813, 6.15625], "texture": "#2"},
				"east": {"uv": [6.125, 0.875, 6.32813, 1.03125], "texture": "#2"},
				"south": {"uv": [6, 4.25, 6.45313, 4.40625], "texture": "#2"},
				"west": {"uv": [6.125, 1.125, 6.32813, 1.28125], "texture": "#2"},
				"up": {"uv": [6.45313, 2.95313, 6, 2.75], "texture": "#2"},
				"down": {"uv": [3.70313, 6, 3.25, 6.20313], "texture": "#2"}
			}
		},
		{
			"from": [6.19652, 12.00005, 18.8],
			"to": [8.83252, 11.97605, 21.176],
			"rotation": {"angle": -45, "axis": "z", "origin": [1.87759, 9.18942, 20]},
			"faces": {
				"north": {"uv": [0, 0, 0.34375, 0], "texture": "#2"},
				"east": {"uv": [0, 6.25, 0.29688, 6.26563], "texture": "#2"},
				"south": {"uv": [0, 0, 0.34375, 0], "texture": "#2"},
				"west": {"uv": [0, 6.25, 0.29688, 6.26563], "texture": "#2"},
				"up": {"uv": [2.71875, 5.29688, 2.375, 5], "texture": "#2"},
				"down": {"uv": [2.71875, 5.375, 2.375, 5.67188], "texture": "#2"}
			}
		},
		{
			"from": [-0.84995, 6.18675, 20.88883],
			"to": [4.35005, 10.58675, 20.88883],
			"rotation": {"angle": -22.5, "axis": "z", "origin": [1.87759, 9.18942, 20]},
			"faces": {
				"north": {"uv": [1.625, 5, 2.28125, 5.54688], "texture": "#2"},
				"east": {"uv": [0, 0, 0, 0.54688], "texture": "#2"},
				"south": {"uv": [4.875, 5.75, 5.53125, 6.29688], "texture": "#2"},
				"west": {"uv": [0, 0, 0, 0.54688], "texture": "#2"},
				"up": {"uv": [0.65625, 0, 0, 0], "texture": "#2"},
				"down": {"uv": [0.65625, 0, 0, 0], "texture": "#2"}
			}
		},
		{
			"from": [-0.84995, 6.18675, 19.11117],
			"to": [4.35005, 10.58675, 19.11117],
			"rotation": {"angle": -22.5, "axis": "z", "origin": [1.87759, 9.18942, 20]},
			"faces": {
				"north": {"uv": [4.875, 5.75, 5.53125, 6.29688], "texture": "#2"},
				"east": {"uv": [0, 0, 0, 0.54688], "texture": "#2"},
				"south": {"uv": [1.625, 5, 2.28125, 5.54688], "texture": "#2"},
				"west": {"uv": [0, 0, 0, 0.54688], "texture": "#2"},
				"up": {"uv": [0.65625, 0, 0, 0], "texture": "#2"},
				"down": {"uv": [0.65625, 0, 0, 0], "texture": "#2"}
			}
		},
		{
			"from": [11, 10, 22],
			"to": [15.5, 12, 24],
			"rotation": {"angle": 22.5, "axis": "z", "origin": [11, 10, 22]},
			"faces": {
				"north": {"uv": [6, 2.25, 6.45313, 2.45313], "texture": "#2"},
				"east": {"uv": [2.75, 3.75, 2.95313, 3.95313], "texture": "#2"},
				"south": {"uv": [6, 2, 6.45313, 2.20313], "texture": "#2"},
				"west": {"uv": [2.75, 3.5, 2.95313, 3.70313], "texture": "#2"},
				"up": {"uv": [6.45313, 2.70313, 6, 2.5], "texture": "#2"},
				"down": {"uv": [3.20313, 6, 2.75, 6.20313], "texture": "#2"}
			}
		},
		{
			"from": [17.525, 10.775, 22.275],
			"to": [19.475, 11.725, 23.725],
			"rotation": {"angle": 22.5, "axis": "z", "origin": [13, 9.875, 22]},
			"faces": {
				"north": {"uv": [1.875, 5.625, 2.07813, 5.71875], "texture": "#2"},
				"east": {"uv": [6.125, 1.875, 6.28125, 1.96875], "texture": "#2"},
				"south": {"uv": [1.625, 5.625, 1.82813, 5.71875], "texture": "#2"},
				"west": {"uv": [2.125, 5.625, 2.28125, 5.71875], "texture": "#2"},
				"up": {"uv": [2.75, 4, 2.95313, 4.15625], "texture": "#2"},
				"down": {"uv": [2.95313, 4.25, 2.75, 4.40625], "texture": "#2"}
			}
		},
		{
			"from": [13, 7.75, 23.775],
			"to": [19, 13.75, 23.775],
			"rotation": {"angle": 22.5, "axis": "z", "origin": [16, 10.75, 23.775]},
			"faces": {
				"north": {"uv": [5.75, 5.25, 6.34375, 5.84375], "texture": "#2"},
				"east": {"uv": [0, 0, 0, 0.59375], "texture": "#2"},
				"south": {"uv": [5.625, 5.875, 6.21875, 6.46875], "texture": "#2"},
				"west": {"uv": [0, 0, 0, 0.59375], "texture": "#2"},
				"up": {"uv": [0.59375, 0, 0, 0], "texture": "#2"},
				"down": {"uv": [0.59375, 0, 0, 0], "texture": "#2"}
			}
		},
		{
			"from": [13, 7.75, 22.025],
			"to": [19, 13.75, 22.025],
			"rotation": {"angle": 22.5, "axis": "z", "origin": [16, 10.75, 22.025]},
			"faces": {
				"north": {"uv": [5.75, 5.25, 6.34375, 5.84375], "texture": "#2"},
				"east": {"uv": [0, 0, 0, 0.59375], "texture": "#2"},
				"south": {"uv": [5.625, 5.875, 6.21875, 6.46875], "texture": "#2"},
				"west": {"uv": [0, 0, 0, 0.59375], "texture": "#2"},
				"up": {"uv": [0.59375, 0, 0, 0], "texture": "#2"},
				"down": {"uv": [0.59375, 0, 0, 0], "texture": "#2"}
			}
		},
		{
			"from": [18, 11.8625, 21.75],
			"to": [21.5, 11.8625, 24.25],
			"rotation": {"angle": 22.5, "axis": "z", "origin": [13.5, 9.9875, 22]},
			"faces": {
				"north": {"uv": [0, 0, 0.34375, 0], "texture": "#2"},
				"east": {"uv": [0, 0, 0.25, 0], "texture": "#2"},
				"south": {"uv": [0, 0, 0.34375, 0], "texture": "#2"},
				"west": {"uv": [0, 0, 0.25, 0], "texture": "#2"},
				"up": {"uv": [4.09375, 6.25, 3.75, 6], "texture": "#2"},
				"down": {"uv": [6.34375, 3.75, 6, 4], "texture": "#2"}
			}
		},
		{
			"from": [15.5, 10.375, 22.25],
			"to": [17.5, 11.875, 23.75],
			"rotation": {"angle": 22.5, "axis": "z", "origin": [11, 10, 22]},
			"faces": {
				"north": {"uv": [6, 5, 6.20313, 5.15625], "texture": "#2"},
				"east": {"uv": [6.125, 1.625, 6.28125, 1.78125], "texture": "#2"},
				"south": {"uv": [6, 4.75, 6.20313, 4.90625], "texture": "#2"},
				"west": {"uv": [6.125, 1.375, 6.28125, 1.53125], "texture": "#2"},
				"up": {"uv": [6.32813, 0.53125, 6.125, 0.375], "texture": "#2"},
				"down": {"uv": [6.32813, 0.625, 6.125, 0.78125], "texture": "#2"}
			}
		},
		{
			"from": [6.9789, 9.72815, 21.9975],
			"to": [11.4539, 11.20315, 23.9725],
			"rotation": {"angle": 45, "axis": "z", "origin": [9.2164, 10.46565, 22.985]},
			"faces": {
				"north": {"uv": [6, 4.25, 6.45313, 4.40625], "texture": "#2"},
				"east": {"uv": [6.125, 1.125, 6.32813, 1.28125], "texture": "#2"},
				"south": {"uv": [4.125, 6, 4.57813, 6.15625], "texture": "#2"},
				"west": {"uv": [6.125, 0.875, 6.32813, 1.03125], "texture": "#2"},
				"up": {"uv": [6.45313, 2.95313, 6, 2.75], "texture": "#2"},
				"down": {"uv": [3.70313, 6, 3.25, 6.20313], "texture": "#2"}
			}
		},
		{
			"from": [4.94694, 8.57313, 21.4775],
			"to": [8.24194, 8.54313, 24.4475],
			"rotation": {"angle": 45, "axis": "z", "origin": [6.02645, 9.30813, 22.9625]},
			"faces": {
				"north": {"uv": [0, 0, 0.34375, 0], "texture": "#2"},
				"east": {"uv": [0, 6.25, 0.29688, 6.26563], "texture": "#2"},
				"south": {"uv": [0, 0, 0.34375, 0], "texture": "#2"},
				"west": {"uv": [0, 6.25, 0.29688, 6.26563], "texture": "#2"},
				"up": {"uv": [2.71875, 5.29688, 2.375, 5], "texture": "#2"},
				"down": {"uv": [2.71875, 5.375, 2.375, 5.67188], "texture": "#2"}
			}
		},
		{
			"from": [10, 6.17127, 21.86396],
			"to": [16.5, 11.67127, 21.86396],
			"rotation": {"angle": 22.5, "axis": "z", "origin": [13.25, 9.42127, 21.86396]},
			"faces": {
				"north": {"uv": [4.875, 5.75, 5.53125, 6.29688], "texture": "#2"},
				"east": {"uv": [0, 0, 0, 0.54688], "texture": "#2"},
				"south": {"uv": [1.625, 5, 2.28125, 5.54688], "texture": "#2"},
				"west": {"uv": [0, 0, 0, 0.54688], "texture": "#2"},
				"up": {"uv": [0.65625, 0, 0, 0], "texture": "#2"},
				"down": {"uv": [0.65625, 0, 0, 0], "texture": "#2"}
			}
		},
		{
			"from": [10, 6.17127, 24.11104],
			"to": [16.5, 11.67127, 24.11104],
			"rotation": {"angle": 22.5, "axis": "z", "origin": [13.25, 9.42127, 24.11104]},
			"faces": {
				"north": {"uv": [1.625, 5, 2.28125, 5.54688], "texture": "#2"},
				"east": {"uv": [0, 0, 0, 0.54688], "texture": "#2"},
				"south": {"uv": [4.875, 5.75, 5.53125, 6.29688], "texture": "#2"},
				"west": {"uv": [0, 0, 0, 0.54688], "texture": "#2"},
				"up": {"uv": [0.65625, 0, 0, 0], "texture": "#2"},
				"down": {"uv": [0.65625, 0, 0, 0], "texture": "#2"}
			}
		},
		{
			"from": [-4, 0, 17],
			"to": [20, 2, 31],
			"rotation": {"angle": 0, "axis": "y", "origin": [0, 0, 16]},
			"faces": {
				"north": {"uv": [1.625, 5.75, 4.625, 6], "texture": "#2"},
				"east": {"uv": [5.75, 3.5, 7.5, 3.75], "texture": "#2"},
				"south": {"uv": [1.625, 5.75, 4.625, 6], "texture": "#2"},
				"west": {"uv": [5.75, 3.5, 7.5, 3.75], "texture": "#2"},
				"up": {"uv": [3, 1.75, 0, 0], "texture": "#2"},
				"down": {"uv": [3, 1.75, 0, 3.5], "texture": "#2"}
			}
		},
		{
			"from": [-4, 2, 17],
			"to": [20, 12, 17.875],
			"rotation": {"angle": 0, "axis": "y", "origin": [0, 2, 16]},
			"faces": {
				"north": {"uv": [2.75, 4.5, 5.75, 5.75], "texture": "#2"},
				"east": {"uv": [2.375, 6, 2.48438, 7.25], "texture": "#2"},
				"south": {"uv": [2.75, 4.5, 5.75, 5.75], "texture": "#2"},
				"west": {"uv": [2.5, 6, 2.60938, 7.25], "texture": "#2"},
				"up": {"uv": [9, 0.10938, 6, 0], "texture": "#2"},
				"down": {"uv": [9, 0.125, 6, 0.23438], "texture": "#2"}
			}
		},
		{
			"from": [-3.97, -0.62208, 15.06546],
			"to": [19.97, 11.31792, 17.00546],
			"rotation": {"angle": 22.5, "axis": "x", "origin": [8, 6.34792, 16.03546]},
			"faces": {
				"north": {"uv": [3, 0, 6, 1.5], "texture": "#2"},
				"east": {"uv": [5.75, 3.75, 6, 5.25], "texture": "#2"},
				"south": {"uv": [3, 1.5, 6, 3], "texture": "#2"},
				"west": {"uv": [4.625, 5.75, 4.875, 7.25], "texture": "#2"},
				"up": {"uv": [8.75, 3.25, 5.75, 3], "texture": "#2"},
				"down": {"uv": [8.75, 3.25, 5.75, 3.5], "texture": "#2"}
			}
		},
		{
			"from": [-4, 2, 30.125],
			"to": [20, 12, 31],
			"rotation": {"angle": 0, "axis": "y", "origin": [0, 2, 16]},
			"faces": {
				"north": {"uv": [2.75, 4.5, 5.75, 5.75], "texture": "#2"},
				"east": {"uv": [2.5, 6, 2.60938, 7.25], "texture": "#2"},
				"south": {"uv": [2.75, 4.5, 5.75, 5.75], "texture": "#2"},
				"west": {"uv": [2.625, 6, 2.73438, 7.25], "texture": "#2"},
				"up": {"uv": [9, 0.10938, 6, 0], "texture": "#2"},
				"down": {"uv": [9, 0.25, 6, 0.35938], "texture": "#2"}
			}
		},
		{
			"from": [-4, 2, 17.85],
			"to": [-3, 12, 30.15],
			"rotation": {"angle": 0, "axis": "y", "origin": [0, 2, 16]},
			"faces": {
				"north": {"uv": [1.875, 6, 2, 7.25], "texture": "#2"},
				"east": {"uv": [0, 5, 1.53125, 6.25], "texture": "#2"},
				"south": {"uv": [2, 6, 2.125, 7.25], "texture": "#2"},
				"west": {"uv": [0, 5, 1.53125, 6.25], "texture": "#2"},
				"up": {"uv": [6.125, 1.90625, 6, 0.375], "texture": "#2"},
				"down": {"uv": [1.75, 6, 1.625, 7.53125], "texture": "#2"}
			}
		},
		{
			"from": [19, 2, 17.85],
			"to": [20, 12, 30.15],
			"rotation": {"angle": 0, "axis": "y", "origin": [0, 2, 16]},
			"faces": {
				"north": {"uv": [2.125, 6, 2.25, 7.25], "texture": "#2"},
				"east": {"uv": [0, 5, 1.53125, 6.25], "texture": "#2"},
				"south": {"uv": [2.25, 6, 2.375, 7.25], "texture": "#2"},
				"west": {"uv": [0, 5, 1.53125, 6.25], "texture": "#2"},
				"up": {"uv": [6.125, 1.90625, 6, 0.375], "texture": "#2"},
				"down": {"uv": [1.875, 6, 1.75, 7.53125], "texture": "#2"}
			}
		},
		{
			"from": [-3, 11.25, 18],
			"to": [19, 11.5, 30],
			"rotation": {"angle": 0, "axis": "y", "origin": [-3, 9.5, 26]},
			"faces": {
				"north": {"uv": [6, 4, 8.75, 4.03125], "texture": "#2"},
				"east": {"uv": [6, 4.5, 7.5, 4.53125], "texture": "#2"},
				"south": {"uv": [6, 4.125, 8.75, 4.15625], "texture": "#2"},
				"west": {"uv": [6, 4.625, 7.5, 4.65625], "texture": "#2"},
				"up": {"uv": [5.75, 4.5, 3, 3], "texture": "#2"},
				"down": {"uv": [2.75, 3.5, 0, 5], "texture": "#2"}
			}
		}
	],
	"display": {
		"head": {
			"rotation": [0, 180, 0],
			"translation": [0, -6, 22.75],
			"scale": [1.3, 1.3, 1.3]
		}
	},
	"groups": [
		{
			"name": "shrimp_boat",
			"origin": [8, 8, 8],
			"color": 0,
			"children": [
				{
					"name": "shrimp",
					"origin": [8, 8, 8],
					"color": 0,
					"children": [0, 1, 2, 3, 4, 5, 6, 7, 8, 9]
				},
				{
					"name": "shrimp",
					"origin": [8, 8, 8],
					"color": 0,
					"children": [10, 11, 12, 13, 14, 15, 16, 17, 18, 19]
				},
				{
					"name": "container",
					"origin": [8, 8, 8],
					"color": 0,
					"children": [20, 21, 22, 23, 24, 25, 26]
				}
			]
		}
	]
}