{
	"credit": "Made with Blockbench",
	"texture_size": [128, 128],
	"textures": {
		"0": "custom:item/shrimp_boat",
		"particle": "custom:item/shrimp_boat"
	},
	"elements": [
		{
			"from": [1, 0, -3],
			"to": [15, 8, -2],
			"rotation": {"angle": 0, "axis": "y", "origin": [2, 0, -3]},
			"faces": {
				"north": {"uv": [5.875, 2, 7.625, 3], "texture": "#0"},
				"east": {"uv": [2.625, 3.75, 2.75, 4.75], "texture": "#0"},
				"south": {"uv": [5.875, 3, 7.625, 4], "texture": "#0"},
				"west": {"uv": [2.75, 3.75, 2.875, 4.75], "texture": "#0"},
				"up": {"uv": [6.75, 7.125, 5, 7], "texture": "#0"},
				"down": {"uv": [8.5, 7, 6.75, 7.125], "texture": "#0"}
			}
		},
		{
			"from": [2, 1, -2],
			"to": [14, 1, 18],
			"rotation": {"angle": 0, "axis": "y", "origin": [2, 0, -2]},
			"faces": {
				"north": {"uv": [5, 7.25, 6.5, 7.375], "texture": "#0"},
				"east": {"uv": [5, 6.25, 7.5, 6.375], "texture": "#0"},
				"south": {"uv": [6.5, 7.25, 8, 7.375], "texture": "#0"},
				"west": {"uv": [5, 6.375, 7.5, 6.5], "texture": "#0"},
				"up": {"uv": [4.375, 2.5, 2.875, 0], "texture": "#0"},
				"down": {"uv": [4.375, 2.5, 2.875, 5], "texture": "#0"}
			}
		},
		{
			"from": [2, 0, -2],
			"to": [14, 1, 18],
			"rotation": {"angle": 0, "axis": "y", "origin": [8, 0.5, 8]},
			"faces": {
				"north": {"uv": [5, 7.375, 6.5, 7.5], "texture": "#0"},
				"east": {"uv": [5, 6.5, 7.5, 6.625], "texture": "#0"},
				"south": {"uv": [6.5, 7.375, 8, 7.5], "texture": "#0"},
				"west": {"uv": [5, 6.625, 7.5, 6.75], "texture": "#0"},
				"up": {"uv": [1.5, 6.25, 0, 3.75], "texture": "#0"},
				"down": {"uv": [5.875, 0, 4.375, 2.5], "texture": "#0"}
			}
		},
		{
			"from": [2, 3, -2],
			"to": [14, 4, 18],
			"rotation": {"angle": 0, "axis": "y", "origin": [8, 3.5, 8]},
			"faces": {
				"north": {"uv": [1.5, 7.5, 3, 7.625], "texture": "#0"},
				"east": {"uv": [5, 6.75, 7.5, 6.875], "texture": "#0"},
				"south": {"uv": [5, 7.5, 6.5, 7.625], "texture": "#0"},
				"west": {"uv": [5, 6.875, 7.5, 7], "texture": "#0"},
				"up": {"uv": [5.875, 5, 4.375, 2.5], "texture": "#0"},
				"down": {"uv": [3, 5, 1.5, 7.5], "texture": "#0"}
			}
		},
		{
			"from": [1, 0, 18],
			"to": [15, 8, 19],
			"rotation": {"angle": 0, "axis": "y", "origin": [2, 0, 18]},
			"faces": {
				"north": {"uv": [5.875, 4, 7.625, 5], "texture": "#0"},
				"east": {"uv": [3.5, 7, 3.625, 8], "texture": "#0"},
				"south": {"uv": [3, 6, 4.75, 7], "texture": "#0"},
				"west": {"uv": [3.625, 7, 3.75, 8], "texture": "#0"},
				"up": {"uv": [6.75, 7.25, 5, 7.125], "texture": "#0"},
				"down": {"uv": [8.5, 7.125, 6.75, 7.25], "texture": "#0"}
			}
		},
		{
			"from": [14, 0, -2],
			"to": [15, 8, 18],
			"rotation": {"angle": 0, "axis": "y", "origin": [2, 0, 17]},
			"faces": {
				"north": {"uv": [3.75, 7, 3.875, 8], "texture": "#0"},
				"east": {"uv": [3, 5, 5.5, 6], "texture": "#0"},
				"south": {"uv": [3.875, 7, 4, 8], "texture": "#0"},
				"west": {"uv": [5.5, 5, 8, 6], "texture": "#0"},
				"up": {"uv": [0.375, 8.75, 0.25, 6.25], "texture": "#0"},
				"down": {"uv": [0.5, 6.25, 0.375, 8.75], "texture": "#0"}
			}
		},
		{
			"from": [12, 6, -3.25],
			"to": [13, 21, 19.25],
			"rotation": {"angle": 22.5, "axis": "z", "origin": [12.5, 13.5, 8]},
			"faces": {
				"north": {"uv": [0.75, 6.25, 0.875, 8.125], "texture": "#0"},
				"east": {"uv": [0, 0, 2.875, 1.875], "texture": "#0"},
				"south": {"uv": [0.875, 6.25, 1, 8.125], "texture": "#0"},
				"west": {"uv": [0, 1.875, 2.875, 3.75], "texture": "#0"},
				"up": {"uv": [4.875, 8.875, 4.75, 6], "texture": "#0"},
				"down": {"uv": [5, 6, 4.875, 8.875], "texture": "#0"}
			}
		},
		{
			"from": [11, 6, -3.25],
			"to": [12, 21, -3],
			"rotation": {"angle": 22.5, "axis": "z", "origin": [12.5, 13.5, 8]},
			"faces": {
				"north": {"uv": [1, 6.25, 1.125, 8.125], "texture": "#0"},
				"east": {"uv": [1.125, 6.25, 1.25, 8.125], "texture": "#0"},
				"south": {"uv": [1.25, 6.25, 1.375, 8.125], "texture": "#0"},
				"west": {"uv": [1.375, 6.25, 1.5, 8.125], "texture": "#0"},
				"up": {"uv": [2.625, 4.625, 2.5, 4.5], "texture": "#0"},
				"down": {"uv": [2.625, 4.625, 2.5, 4.75], "texture": "#0"}
			}
		},
		{
			"from": [11.07612, 5.61732, 19],
			"to": [12.07612, 20.61732, 19.25],
			"rotation": {"angle": 22.5, "axis": "z", "origin": [11.57612, 13.11732, 19.125]},
			"faces": {
				"north": {"uv": [3, 7, 3.125, 8.875], "texture": "#0"},
				"east": {"uv": [3.125, 7, 3.25, 8.875], "texture": "#0"},
				"south": {"uv": [3.25, 7, 3.375, 8.875], "texture": "#0"},
				"west": {"uv": [3.375, 7, 3.5, 8.875], "texture": "#0"},
				"up": {"uv": [2.875, 4.875, 2.75, 4.75], "texture": "#0"},
				"down": {"uv": [2.875, 4.875, 2.75, 5], "texture": "#0"}
			}
		},
		{
			"from": [11.07612, 20.36732, -3],
			"to": [12.07612, 20.61732, 19],
			"rotation": {"angle": 22.5, "axis": "z", "origin": [11.57612, 13.11732, 19.125]},
			"faces": {
				"north": {"uv": [2, 7.625, 2.125, 7.75], "texture": "#0"},
				"east": {"uv": [5, 6, 7.75, 6.125], "texture": "#0"},
				"south": {"uv": [7.625, 2, 7.75, 2.125], "texture": "#0"},
				"west": {"uv": [5, 6.125, 7.75, 6.25], "texture": "#0"},
				"up": {"uv": [0.125, 9, 0, 6.25], "texture": "#0"},
				"down": {"uv": [0.25, 6.25, 0.125, 9], "texture": "#0"}
			}
		},
		{
			"from": [10.57612, 20.61732, 6.75],
			"to": [12.07612, 21.11732, 9.25],
			"rotation": {"angle": 22.5, "axis": "z", "origin": [11.57612, 13.11732, 19.125]},
			"faces": {
				"north": {"uv": [1.375, 10.25, 1.5, 10.375], "texture": "#0"},
				"east": {"uv": [1.375, 10.25, 1.5, 10.375], "texture": "#0"},
				"south": {"uv": [1.375, 10.25, 1.5, 10.375], "texture": "#0"},
				"west": {"uv": [1.375, 10.25, 1.5, 10.375], "texture": "#0"},
				"up": {"uv": [1.375, 10.25, 1.5, 10.375], "texture": "#0"},
				"down": {"uv": [1.375, 10.25, 1.5, 10.375], "texture": "#0"}
			}
		},
		{
			"from": [1, 0, -2],
			"to": [2, 8, 18],
			"rotation": {"angle": 0, "axis": "y", "origin": [-11, 0, 17]},
			"faces": {
				"north": {"uv": [4, 7, 4.125, 8], "texture": "#0"},
				"east": {"uv": [5.875, 0, 8.375, 1], "texture": "#0"},
				"south": {"uv": [4.125, 7, 4.25, 8], "texture": "#0"},
				"west": {"uv": [5.875, 1, 8.375, 2], "texture": "#0"},
				"up": {"uv": [0.625, 8.75, 0.5, 6.25], "texture": "#0"},
				"down": {"uv": [0.75, 6.25, 0.625, 8.75], "texture": "#0"}
			}
		},
		{
			"from": [9.20228, 4.12192, 4.53813],
			"to": [11.95844, 6.87808, 7.29429],
			"rotation": {"angle": 0, "axis": "y", "origin": [9.09038, 5.47703, 3.66922]},
			"faces": {
				"north": {"uv": [1.5, 3.75, 1.875, 4.125], "texture": "#0"},
				"east": {"uv": [1.875, 3.75, 2.25, 4.125], "texture": "#0"},
				"south": {"uv": [2.25, 3.75, 2.625, 4.125], "texture": "#0"},
				"west": {"uv": [1.5, 4.125, 1.875, 4.5], "texture": "#0"},
				"up": {"uv": [2.25, 4.5, 1.875, 4.125], "texture": "#0"},
				"down": {"uv": [2.625, 4.125, 2.25, 4.5], "texture": "#0"}
			}
		},
		{
			"from": [10.71817, 6.51059, 6.9268],
			"to": [11.40721, 7.19963, 7.66178],
			"rotation": {"angle": 0, "axis": "y", "origin": [9.09038, 5.47703, 3.66922]},
			"faces": {
				"north": {"uv": [2.5, 7.625, 2.625, 7.75], "texture": "#0"},
				"east": {"uv": [7.625, 2.5, 7.75, 2.625], "texture": "#0"},
				"south": {"uv": [2.625, 7.625, 2.75, 7.75], "texture": "#0"},
				"west": {"uv": [7.625, 2.625, 7.75, 2.75], "texture": "#0"},
				"up": {"uv": [2.875, 7.75, 2.75, 7.625], "texture": "#0"},
				"down": {"uv": [7.75, 2.75, 7.625, 2.875], "texture": "#0"}
			}
		},
		{
			"from": [10.71817, 3.75443, 6.9268],
			"to": [11.40721, 4.44347, 7.66178],
			"rotation": {"angle": 0, "axis": "y", "origin": [9.09038, 5.47703, 3.66922]},
			"faces": {
				"north": {"uv": [2.875, 7.625, 3, 7.75], "texture": "#0"},
				"east": {"uv": [7.625, 2.875, 7.75, 3], "texture": "#0"},
				"south": {"uv": [7.625, 3, 7.75, 3.125], "texture": "#0"},
				"west": {"uv": [7.625, 3.125, 7.75, 3.25], "texture": "#0"},
				"up": {"uv": [7.75, 3.375, 7.625, 3.25], "texture": "#0"},
				"down": {"uv": [7.75, 3.375, 7.625, 3.5], "texture": "#0"}
			}
		},
		{
			"from": [8.9719, 4.3516, 3.06487],
			"to": [11.2687, 6.6484, 5.82103],
			"rotation": {"angle": 22.5, "axis": "y", "origin": [9.09038, 5.47703, 3.66922]},
			"faces": {
				"north": {"uv": [2.5, 4.75, 2.75, 5], "texture": "#0"},
				"east": {"uv": [1.5, 4.5, 1.875, 4.75], "texture": "#0"},
				"south": {"uv": [4.5, 7.375, 4.75, 7.625], "texture": "#0"},
				"west": {"uv": [1.875, 4.5, 2.25, 4.75], "texture": "#0"},
				"up": {"uv": [2.5, 4.875, 2.25, 4.5], "texture": "#0"},
				"down": {"uv": [4.5, 7, 4.25, 7.375], "texture": "#0"}
			}
		},
		{
			"from": [9.34034, 4.58128, 1.5277],
			"to": [11.17778, 6.41872, 4.28386],
			"rotation": {"angle": 45, "axis": "y", "origin": [9.09038, 5.47703, 3.66922]},
			"faces": {
				"north": {"uv": [7.5, 6.25, 7.75, 6.5], "texture": "#0"},
				"east": {"uv": [1.5, 4.75, 1.875, 5], "texture": "#0"},
				"south": {"uv": [6.5, 7.5, 6.75, 7.75], "texture": "#0"},
				"west": {"uv": [1.875, 4.75, 2.25, 5], "texture": "#0"},
				"up": {"uv": [4.75, 7.375, 4.5, 7], "texture": "#0"},
				"down": {"uv": [4.5, 7.375, 4.25, 7.75], "texture": "#0"}
			}
		},
		{
			"from": [5.75664, 4.81096, 1.13482],
			"to": [8.5128, 6.18904, 2.5129],
			"rotation": {"angle": -22.5, "axis": "y", "origin": [9.09038, 5.47703, 3.66922]},
			"faces": {
				"north": {"uv": [7.5, 6.5, 7.875, 6.625], "texture": "#0"},
				"east": {"uv": [7.625, 2.125, 7.75, 2.25], "texture": "#0"},
				"south": {"uv": [7.5, 6.625, 7.875, 6.75], "texture": "#0"},
				"west": {"uv": [2.125, 7.625, 2.25, 7.75], "texture": "#0"},
				"up": {"uv": [6.875, 7.875, 6.75, 7.5], "rotation": 270, "texture": "#0"},
				"down": {"uv": [7, 7.5, 6.875, 7.875], "rotation": 90, "texture": "#0"}
			}
		},
		{
			"from": [6.87799, 5.04064, -0.32931],
			"to": [8.48575, 5.95936, 0.58941],
			"rotation": {"angle": 22.5, "axis": "y", "origin": [9.09038, 5.47703, 3.66922]},
			"faces": {
				"north": {"uv": [2.25, 4.875, 2.5, 5], "texture": "#0"},
				"east": {"uv": [2.25, 7.625, 2.375, 7.75], "texture": "#0"},
				"south": {"uv": [7.5, 6.75, 7.75, 6.875], "texture": "#0"},
				"west": {"uv": [7.625, 2.25, 7.75, 2.375], "texture": "#0"},
				"up": {"uv": [7.75, 7, 7.5, 6.875], "texture": "#0"},
				"down": {"uv": [7.25, 7.5, 7, 7.625], "texture": "#0"}
			}
		},
		{
			"from": [4.77023, 5.17845, 2.33303],
			"to": [5.32147, 5.82155, 3.84891],
			"rotation": {"angle": -22.5, "axis": "y", "origin": [9.09038, 5.47703, 3.66922]},
			"faces": {
				"north": {"uv": [2.375, 7.625, 2.5, 7.75], "texture": "#0"},
				"east": {"uv": [7.5, 7.5, 7.75, 7.625], "texture": "#0"},
				"south": {"uv": [7.625, 2.375, 7.75, 2.5], "texture": "#0"},
				"west": {"uv": [7.25, 7.5, 7.5, 7.625], "texture": "#0"},
				"up": {"uv": [1.75, 7.75, 1.5, 7.625], "rotation": 270, "texture": "#0"},
				"down": {"uv": [2, 7.625, 1.75, 7.75], "rotation": 90, "texture": "#0"}
			}
		},
		{
			"from": [4.22232, 4.12192, 9.04414],
			"to": [6.97848, 6.87808, 11.8003],
			"rotation": {"angle": 0, "axis": "y", "origin": [7.09038, 5.47703, 12.66922]},
			"faces": {
				"north": {"uv": [2.25, 3.75, 2.625, 4.125], "texture": "#0"},
				"east": {"uv": [1.5, 4.125, 1.875, 4.5], "texture": "#0"},
				"south": {"uv": [1.5, 3.75, 1.875, 4.125], "texture": "#0"},
				"west": {"uv": [1.875, 3.75, 2.25, 4.125], "texture": "#0"},
				"up": {"uv": [2.25, 4.5, 1.875, 4.125], "rotation": 180, "texture": "#0"},
				"down": {"uv": [2.625, 4.125, 2.25, 4.5], "rotation": 180, "texture": "#0"}
			}
		},
		{
			"from": [4.77355, 6.51059, 8.67666],
			"to": [5.46259, 7.19963, 9.41163],
			"rotation": {"angle": 0, "axis": "y", "origin": [7.09038, 5.47703, 12.66922]},
			"faces": {
				"north": {"uv": [2.625, 7.625, 2.75, 7.75], "texture": "#0"},
				"east": {"uv": [7.625, 2.625, 7.75, 2.75], "texture": "#0"},
				"south": {"uv": [2.5, 7.625, 2.625, 7.75], "texture": "#0"},
				"west": {"uv": [7.625, 2.5, 7.75, 2.625], "texture": "#0"},
				"up": {"uv": [2.875, 7.75, 2.75, 7.625], "rotation": 180, "texture": "#0"},
				"down": {"uv": [7.75, 2.75, 7.625, 2.875], "rotation": 180, "texture": "#0"}
			}
		},
		{
			"from": [4.77355, 3.75443, 8.67666],
			"to": [5.46259, 4.44347, 9.41163],
			"rotation": {"angle": 0, "axis": "y", "origin": [7.09038, 5.47703, 12.66922]},
			"faces": {
				"north": {"uv": [7.625, 3, 7.75, 3.125], "texture": "#0"},
				"east": {"uv": [7.625, 3.125, 7.75, 3.25], "texture": "#0"},
				"south": {"uv": [2.875, 7.625, 3, 7.75], "texture": "#0"},
				"west": {"uv": [7.625, 2.875, 7.75, 3], "texture": "#0"},
				"up": {"uv": [7.75, 3.375, 7.625, 3.25], "rotation": 180, "texture": "#0"},
				"down": {"uv": [7.75, 3.375, 7.625, 3.5], "rotation": 180, "texture": "#0"}
			}
		},
		{
			"from": [4.91206, 4.3516, 10.5174],
			"to": [7.20886, 6.6484, 13.27356],
			"rotation": {"angle": 22.5, "axis": "y", "origin": [7.09038, 5.47703, 12.66922]},
			"faces": {
				"north": {"uv": [4.5, 7.375, 4.75, 7.625], "texture": "#0"},
				"east": {"uv": [1.875, 4.5, 2.25, 4.75], "texture": "#0"},
				"south": {"uv": [2.5, 4.75, 2.75, 5], "texture": "#0"},
				"west": {"uv": [1.5, 4.5, 1.875, 4.75], "texture": "#0"},
				"up": {"uv": [2.5, 4.875, 2.25, 4.5], "rotation": 180, "texture": "#0"},
				"down": {"uv": [4.5, 7, 4.25, 7.375], "rotation": 180, "texture": "#0"}
			}
		},
		{
			"from": [6.47574, 4.58128, 12.91918],
			"to": [9.2319, 6.41872, 14.75662],
			"rotation": {"angle": -45, "axis": "y", "origin": [7.09038, 5.47703, 12.66922]},
			"faces": {
				"north": {"uv": [1.875, 4.75, 2.25, 5], "texture": "#0"},
				"east": {"uv": [7.5, 6.25, 7.75, 6.5], "texture": "#0"},
				"south": {"uv": [1.5, 4.75, 1.875, 5], "texture": "#0"},
				"west": {"uv": [6.5, 7.5, 6.75, 7.75], "texture": "#0"},
				"up": {"uv": [4.75, 7.375, 4.5, 7], "rotation": 90, "texture": "#0"},
				"down": {"uv": [4.5, 7.375, 4.25, 7.75], "rotation": 270, "texture": "#0"}
			}
		},
		{
			"from": [7.66796, 4.81096, 13.82553],
			"to": [10.42412, 6.18904, 15.20361],
			"rotation": {"angle": -22.5, "axis": "y", "origin": [7.09038, 5.47703, 12.66922]},
			"faces": {
				"north": {"uv": [7.5, 6.625, 7.875, 6.75], "texture": "#0"},
				"east": {"uv": [2.125, 7.625, 2.25, 7.75], "texture": "#0"},
				"south": {"uv": [7.5, 6.5, 7.875, 6.625], "texture": "#0"},
				"west": {"uv": [7.625, 2.125, 7.75, 2.25], "texture": "#0"},
				"up": {"uv": [6.875, 7.875, 6.75, 7.5], "rotation": 90, "texture": "#0"},
				"down": {"uv": [7, 7.5, 6.875, 7.875], "rotation": 270, "texture": "#0"}
			}
		},
		{
			"from": [7.69501, 5.04064, 15.74903],
			"to": [9.30277, 5.95936, 16.66775],
			"rotation": {"angle": 22.5, "axis": "y", "origin": [7.09038, 5.47703, 12.66922]},
			"faces": {
				"north": {"uv": [7.5, 6.75, 7.75, 6.875], "texture": "#0"},
				"east": {"uv": [7.625, 2.25, 7.75, 2.375], "texture": "#0"},
				"south": {"uv": [2.25, 4.875, 2.5, 5], "texture": "#0"},
				"west": {"uv": [2.25, 7.625, 2.375, 7.75], "texture": "#0"},
				"up": {"uv": [7.75, 7, 7.5, 6.875], "rotation": 180, "texture": "#0"},
				"down": {"uv": [7.25, 7.5, 7, 7.625], "rotation": 180, "texture": "#0"}
			}
		},
		{
			"from": [10.85929, 5.17845, 12.48952],
			"to": [11.41053, 5.82155, 14.00541],
			"rotation": {"angle": -22.5, "axis": "y", "origin": [7.09038, 5.47703, 12.66922]},
			"faces": {
				"north": {"uv": [7.625, 2.375, 7.75, 2.5], "texture": "#0"},
				"east": {"uv": [7.25, 7.5, 7.5, 7.625], "texture": "#0"},
				"south": {"uv": [2.375, 7.625, 2.5, 7.75], "texture": "#0"},
				"west": {"uv": [7.5, 7.5, 7.75, 7.625], "texture": "#0"},
				"up": {"uv": [1.75, 7.75, 1.5, 7.625], "rotation": 90, "texture": "#0"},
				"down": {"uv": [2, 7.625, 1.75, 7.75], "rotation": 270, "texture": "#0"}
			}
		}
	],
	"display": {
		"thirdperson_righthand": {
			"rotation": [59, -78, 67],
			"translation": [0, 0, -2.25],
			"scale": [0.3, 0.3, 0.3]
		},
		"thirdperson_lefthand": {
			"rotation": [-79, 102, 67],
			"translation": [0, 0, -2.5],
			"scale": [0.3, 0.3, 0.3]
		},
		"firstperson_righthand": {
			"scale": [0.3, 0.3, 0.3]
		},
		"firstperson_lefthand": {
			"rotation": [0, 180, 0],
			"scale": [0.3, 0.3, 0.3]
		},
		"head": {
			"rotation": [0, -90, 0],
			"translation": [0, -5, 2.75],
			"scale": [1.5, 1.5, 1.5]
		}
	},
	"groups": [
		0,
		1,
		2,
		3,
		4,
		5,
		6,
		7,
		8,
		9,
		10,
		11,
		{
			"name": "group",
			"origin": [-2.20305, 20.5, -4.81179],
			"color": 0,
			"children": [12, 13, 14, 15, 16, 17, 18, 19]
		},
		{
			"name": "group",
			"origin": [-2.20305, 20.5, -4.81179],
			"color": 0,
			"children": [20, 21, 22, 23, 24, 25, 26, 27]
		}
	]
}