{
	"credit": "Made with Blockbench",
	"texture_size": [128, 128],
	"textures": {
		"0": "custom:item/werewolf_colony",
		"particle": "custom:item/werewolf_colony"
	},
	"elements": [
		{
			"from": [-2.75, 16.05, 15.775],
			"to": [12.75, 27.9, 23.75],
			"rotation": {"angle": -22.5, "axis": "x", "origin": [5, 16.975, 23.7625]},
			"faces": {
				"north": {"uv": [0, 0, 1.75, 1.25], "texture": "#0"},
				"east": {"uv": [6.625, 0, 7.375, 1.25], "texture": "#0"},
				"south": {"uv": [0, 1.25, 1.75, 2.5], "texture": "#0"},
				"west": {"uv": [6.5, 6.625, 7.25, 7.875], "texture": "#0"},
				"up": {"uv": [5.25, 0.75, 3.5, 0], "texture": "#0"},
				"down": {"uv": [5.25, 0.75, 3.5, 1.5], "texture": "#0"}
			}
		},
		{
			"from": [-9.25, -0.56292, 15.74009],
			"to": [-3.75, 14.28708, 21.71509],
			"rotation": {"angle": 22.5, "axis": "x", "origin": [-6.25, 6.86208, 18.72759]},
			"faces": {
				"north": {"uv": [7.125, 2.875, 7.625, 4.5], "texture": "#0"},
				"east": {"uv": [4, 7.25, 4.5, 8.875], "texture": "#0"},
				"south": {"uv": [4.5, 7.25, 5, 8.875], "texture": "#0"},
				"west": {"uv": [5, 7.25, 5.5, 8.875], "texture": "#0"},
				"up": {"uv": [9, 8.875, 8.5, 8.375], "texture": "#0"},
				"down": {"uv": [9.125, 1, 8.625, 1.5], "texture": "#0"}
			}
		},
		{
			"from": [-4.25, 20.55, 17.275],
			"to": [-2.75, 27.9, 22.25],
			"rotation": {"angle": -22.5, "axis": "x", "origin": [4.5, 16.975, 23.7625]},
			"faces": {
				"north": {"uv": [1.2625, 12.375, 1.3875, 13.125], "texture": "#0"},
				"east": {"uv": [1.875, 8.125, 2.25, 8.875], "texture": "#0"},
				"south": {"uv": [0.8625, 12.375, 0.9875, 13.125], "texture": "#0"},
				"west": {"uv": [3.5, 8.375, 3.875, 9.125], "texture": "#0"},
				"up": {"uv": [1.125, 12.87188, 1.25, 12.50625], "texture": "#0"},
				"down": {"uv": [0.99688, 12.375, 1.12188, 12.75], "texture": "#0"}
			}
		},
		{
			"from": [-8.75, 13.05, 17.275],
			"to": [-4.25, 27.9, 22.25],
			"rotation": {"angle": -22.5, "axis": "x", "origin": [4, 16.975, 23.7625]},
			"faces": {
				"north": {"uv": [3.125, 7.875, 3.5, 9.5], "texture": "#0"},
				"east": {"uv": [7.875, 5.5, 8.25, 7.125], "texture": "#0"},
				"south": {"uv": [6.375, 7.875, 6.75, 9.5], "texture": "#0"},
				"west": {"uv": [6.75, 7.875, 7.125, 9.5], "texture": "#0"},
				"up": {"uv": [9, 3.875, 8.625, 3.5], "texture": "#0"},
				"down": {"uv": [7.5, 8.625, 7.125, 9], "texture": "#0"}
			}
		},
		{
			"from": [14.25, 13.05, 17.275],
			"to": [18.75, 27.9, 22.25],
			"rotation": {"angle": -22.5, "axis": "x", "origin": [6, 16.975, 23.7625]},
			"faces": {
				"north": {"uv": [3.5, 7.875, 3.125, 9.5], "texture": "#0"},
				"east": {"uv": [7.125, 7.875, 6.75, 9.5], "texture": "#0"},
				"south": {"uv": [6.75, 7.875, 6.375, 9.5], "texture": "#0"},
				"west": {"uv": [8.25, 5.5, 7.875, 7.125], "texture": "#0"},
				"up": {"uv": [8.625, 3.875, 9, 3.5], "texture": "#0"},
				"down": {"uv": [7.125, 8.625, 7.5, 9], "texture": "#0"}
			}
		},
		{
			"from": [13.75, -0.56292, 15.74009],
			"to": [19.25, 14.28708, 21.71509],
			"rotation": {"angle": 22.5, "axis": "x", "origin": [16.25, 6.86208, 18.72759]},
			"faces": {
				"north": {"uv": [7.625, 2.875, 7.125, 4.5], "texture": "#0"},
				"east": {"uv": [5.5, 7.25, 5, 8.875], "texture": "#0"},
				"south": {"uv": [5, 7.25, 4.5, 8.875], "texture": "#0"},
				"west": {"uv": [4.5, 7.25, 4, 8.875], "texture": "#0"},
				"up": {"uv": [8.5, 8.875, 9, 8.375], "texture": "#0"},
				"down": {"uv": [8.625, 1, 9.125, 1.5], "texture": "#0"}
			}
		},
		{
			"from": [12.75, 20.55, 17.275],
			"to": [14.25, 27.9, 22.25],
			"rotation": {"angle": -22.5, "axis": "x", "origin": [5.5, 16.975, 23.7625]},
			"faces": {
				"north": {"uv": [1.3875, 12.375, 1.2625, 13.125], "texture": "#0"},
				"east": {"uv": [3.875, 8.375, 3.5, 9.125], "texture": "#0"},
				"south": {"uv": [0.9875, 12.375, 0.8625, 13.125], "texture": "#0"},
				"west": {"uv": [2.25, 8.125, 1.875, 8.875], "texture": "#0"},
				"up": {"uv": [1.25, 12.87188, 1.125, 12.50625], "texture": "#0"},
				"down": {"uv": [1.12188, 12.375, 0.99688, 12.75], "texture": "#0"}
			}
		},
		{
			"from": [5.725, 26.5, 15.525],
			"to": [10.475, 32, 17.025],
			"rotation": {"angle": -22.5, "axis": "x", "origin": [4.475, 16.975, 23.7625]},
			"faces": {
				"north": {"uv": [1.125, 9.37188, 1.5, 9.87188], "texture": "#0"},
				"east": {"uv": [1, 9.5, 1.125, 10], "texture": "#0"},
				"south": {"uv": [1.125, 9.875, 1.5, 10.375], "texture": "#0"},
				"west": {"uv": [0.875, 9.5, 1, 10], "texture": "#0"},
				"up": {"uv": [0.5, 9.625, 0.125, 9.875], "texture": "#0"},
				"down": {"uv": [0.875, 9.625, 0.5, 9.875], "texture": "#0"}
			}
		},
		{
			"from": [-0.475, 26.5, 15.525],
			"to": [4.275, 32, 17.025],
			"rotation": {"angle": -22.5, "axis": "x", "origin": [5.525, 16.975, 23.7625]},
			"faces": {
				"north": {"uv": [1.5, 9.37188, 1.125, 9.87188], "texture": "#0"},
				"east": {"uv": [1, 9.5, 0.875, 10], "texture": "#0"},
				"south": {"uv": [1.5, 9.875, 1.125, 10.375], "texture": "#0"},
				"west": {"uv": [1.125, 9.5, 1, 10], "texture": "#0"},
				"up": {"uv": [0.125, 9.625, 0.5, 9.875], "texture": "#0"},
				"down": {"uv": [0.5, 9.625, 0.875, 9.875], "texture": "#0"}
			}
		},
		{
			"from": [-2, 6.75, 17.025],
			"to": [12, 16, 23.5],
			"rotation": {"angle": 0, "axis": "y", "origin": [5, 11.375, 20.2625]},
			"faces": {
				"north": {"uv": [1.75, 0, 3.5, 1.125], "texture": "#0"},
				"east": {"uv": [2.75, 6.75, 3.5, 7.875], "texture": "#0"},
				"south": {"uv": [1.75, 1.125, 3.5, 2.25], "texture": "#0"},
				"west": {"uv": [0, 6.875, 0.75, 8], "texture": "#0"},
				"up": {"uv": [5.25, 2.25, 3.5, 1.5], "texture": "#0"},
				"down": {"uv": [5.25, 2.25, 3.5, 3], "texture": "#0"}
			}
		},
		{
			"from": [7.5, -12, 18],
			"to": [12.25, 2, 23],
			"rotation": {"angle": -22.5, "axis": "x", "origin": [10.125, -13, 24]},
			"faces": {
				"north": {"uv": [2.75, 5, 3.375, 6.75], "texture": "#0"},
				"east": {"uv": [3.375, 5, 4, 6.75], "texture": "#0"},
				"south": {"uv": [0, 5.125, 0.625, 6.875], "texture": "#0"},
				"west": {"uv": [0.625, 5.125, 1.25, 6.875], "texture": "#0"},
				"up": {"uv": [8.625, 3.375, 8, 2.75], "texture": "#0"},
				"down": {"uv": [8.625, 3.375, 8, 4], "texture": "#0"}
			}
		},
		{
			"from": [6.75, -16, 12],
			"to": [12.75, -12, 22.75],
			"rotation": {"angle": 0, "axis": "y", "origin": [8.75, -15, 18]},
			"faces": {
				"north": {"uv": [8, 4, 8.75, 4.5], "texture": "#0"},
				"east": {"uv": [7.375, 0, 8.75, 0.5], "texture": "#0"},
				"south": {"uv": [8.25, 5.5, 9, 6], "texture": "#0"},
				"west": {"uv": [7.375, 0.5, 8.75, 1], "texture": "#0"},
				"up": {"uv": [2, 7, 1.25, 5.625], "texture": "#0"},
				"down": {"uv": [2.75, 5.625, 2, 7], "texture": "#0"}
			}
		},
		{
			"from": [7.25, -4.48539, 15.70744],
			"to": [12.5, 8.51461, 22.70744],
			"rotation": {"angle": 22.5, "axis": "x", "origin": [10.375, 5.51461, 18.70744]},
			"faces": {
				"north": {"uv": [5.875, 1.375, 6.5, 3], "texture": "#0"},
				"east": {"uv": [1.75, 2.25, 2.625, 3.875], "texture": "#0"},
				"south": {"uv": [5.875, 5.125, 6.5, 6.75], "texture": "#0"},
				"west": {"uv": [0, 2.5, 0.875, 4.125], "texture": "#0"},
				"up": {"uv": [8.5, 8.75, 7.875, 7.875], "texture": "#0"},
				"down": {"uv": [0.625, 8, 0, 8.875], "texture": "#0"}
			}
		},
		{
			"from": [-2.75, -4.48539, 15.70744],
			"to": [2.5, 8.51461, 22.70744],
			"rotation": {"angle": 22.5, "axis": "x", "origin": [0.375, 5.51461, 18.70744]},
			"faces": {
				"north": {"uv": [5.875, 1.375, 6.5, 3], "texture": "#0"},
				"east": {"uv": [1.75, 2.25, 2.625, 3.875], "texture": "#0"},
				"south": {"uv": [5.875, 5.125, 6.5, 6.75], "texture": "#0"},
				"west": {"uv": [0, 2.5, 0.875, 4.125], "texture": "#0"},
				"up": {"uv": [8.5, 8.75, 7.875, 7.875], "texture": "#0"},
				"down": {"uv": [0.625, 8, 0, 8.875], "texture": "#0"}
			}
		},
		{
			"from": [-3.25, -16, 12],
			"to": [2.75, -12, 22.75],
			"rotation": {"angle": 0, "axis": "y", "origin": [-1.25, -15, 18]},
			"faces": {
				"north": {"uv": [8, 4, 8.75, 4.5], "texture": "#0"},
				"east": {"uv": [7.375, 0, 8.75, 0.5], "texture": "#0"},
				"south": {"uv": [8.25, 5.5, 9, 6], "texture": "#0"},
				"west": {"uv": [7.375, 0.5, 8.75, 1], "texture": "#0"},
				"up": {"uv": [2, 7, 1.25, 5.625], "texture": "#0"},
				"down": {"uv": [2.75, 5.625, 2, 7], "texture": "#0"}
			}
		},
		{
			"from": [-2.5, -12, 18],
			"to": [2.25, 2, 23],
			"rotation": {"angle": -22.5, "axis": "x", "origin": [0.125, -13, 24]},
			"faces": {
				"north": {"uv": [2.75, 5, 3.375, 6.75], "texture": "#0"},
				"east": {"uv": [3.375, 5, 4, 6.75], "texture": "#0"},
				"south": {"uv": [0, 5.125, 0.625, 6.875], "texture": "#0"},
				"west": {"uv": [0.625, 5.125, 1.25, 6.875], "texture": "#0"},
				"up": {"uv": [8.625, 3.375, 8, 2.75], "texture": "#0"},
				"down": {"uv": [8.625, 3.375, 8, 4], "texture": "#0"}
			}
		},
		{
			"from": [2.15, 8.33286, 2.7809],
			"to": [2.15, 14.33286, 14.7809],
			"rotation": {"angle": -45, "axis": "x", "origin": [5.025, 12.34159, 6.10209]},
			"faces": {
				"north": {"uv": [0, 0, 0, 0.75], "texture": "#0"},
				"east": {"uv": [4.25, 4, 5.75, 4.75], "texture": "#0"},
				"south": {"uv": [0, 0, 0, 0.75], "texture": "#0"},
				"west": {"uv": [4.75, 3, 6.25, 3.75], "texture": "#0"},
				"up": {"uv": [0, 1.5, 0, 0], "texture": "#0"},
				"down": {"uv": [0, 0, 0, 1.5], "texture": "#0"}
			}
		},
		{
			"from": [7.95, 8.33286, 2.6559],
			"to": [7.95, 14.33286, 14.6559],
			"rotation": {"angle": -45, "axis": "x", "origin": [5.075, 12.34159, 5.97709]},
			"faces": {
				"north": {"uv": [0, 0, 0, 0.75], "texture": "#0"},
				"east": {"uv": [4.25, 4.75, 5.75, 5.5], "texture": "#0"},
				"south": {"uv": [0, 0, 0, 0.75], "texture": "#0"},
				"west": {"uv": [1.25, 4.875, 2.75, 5.625], "texture": "#0"},
				"up": {"uv": [0, 1.5, 0, 0], "texture": "#0"},
				"down": {"uv": [0, 0, 0, 1.5], "texture": "#0"}
			}
		},
		{
			"from": [2.175, 7.30786, 3.3309],
			"to": [7.9, 13.30786, 3.3309],
			"rotation": {"angle": -45, "axis": "x", "origin": [5.025, 11.31659, 5.17709]},
			"faces": {
				"north": {"uv": [7.125, 7.875, 7.875, 8.625], "texture": "#0"},
				"east": {"uv": [0, 0, 0, 0.75], "texture": "#0"},
				"south": {"uv": [7.875, 7.125, 8.625, 7.875], "texture": "#0"},
				"west": {"uv": [0, 0, 0, 0.75], "texture": "#0"},
				"up": {"uv": [0.75, 0, 0, 0], "texture": "#0"},
				"down": {"uv": [0.75, 0, 0, 0], "texture": "#0"}
			}
		},
		{
			"from": [1.75, 7.90593, 2.38685],
			"to": [8.25, 9.75593, 14.13685],
			"rotation": {"angle": -45, "axis": "x", "origin": [5.025, 12.34159, 5.87709]},
			"faces": {
				"north": {"uv": [8.625, 7.25, 9.25, 7.375], "texture": "#0"},
				"east": {"uv": [8.25, 7, 9.5, 7.125], "texture": "#0"},
				"south": {"uv": [8.625, 7.375, 9.25, 7.5], "texture": "#0"},
				"west": {"uv": [8.625, 3, 9.875, 3.125], "texture": "#0"},
				"up": {"uv": [5.875, 3, 5.25, 1.75], "texture": "#0"},
				"down": {"uv": [7.875, 6.625, 7.25, 7.875], "texture": "#0"}
			}
		},
		{
			"from": [1.01, 12.49715, 2.20761],
			"to": [8.99, 14.82715, 12.68761],
			"rotation": {"angle": -45, "axis": "x", "origin": [5.025, 12.34159, 5.87709]},
			"faces": {
				"north": {"uv": [4.75, 3.75, 5.5, 3.875], "texture": "#0"},
				"east": {"uv": [8.625, 3.875, 9.75, 4], "texture": "#0"},
				"south": {"uv": [4.75, 3.875, 5.5, 4], "texture": "#0"},
				"west": {"uv": [8.625, 7.125, 9.75, 7.25], "texture": "#0"},
				"up": {"uv": [1.5, 8.125, 0.75, 7], "texture": "#0"},
				"down": {"uv": [2.25, 7, 1.5, 8.125], "texture": "#0"}
			}
		},
		{
			"from": [3.26, 12.99715, 1.45761],
			"to": [6.74, 16.07715, 4.18761],
			"rotation": {"angle": -45, "axis": "x", "origin": [5.025, 12.34159, 5.87709]},
			"faces": {
				"north": {"uv": [3, 3.875, 3.25, 4], "texture": "#0"},
				"east": {"uv": [1.625, 4.125, 1.75, 4.25], "texture": "#0"},
				"south": {"uv": [3.25, 3.875, 3.5, 4], "texture": "#0"},
				"west": {"uv": [1.625, 4.25, 1.75, 4.375], "texture": "#0"},
				"up": {"uv": [3, 5, 2.75, 4.875], "texture": "#0"},
				"down": {"uv": [4.25, 5, 4, 5.125], "texture": "#0"}
			}
		},
		{
			"from": [-0.5, 18.8, 11.775],
			"to": [10.5, 28.75, 21.75],
			"rotation": {"angle": -22.5, "axis": "x", "origin": [5, 13.725, 23.7625]},
			"faces": {
				"north": {"uv": [3.5, 3, 4.75, 4], "texture": "#0"},
				"east": {"uv": [6.5, 4.625, 7.5, 5.625], "texture": "#0"},
				"south": {"uv": [1.75, 3.875, 3, 4.875], "texture": "#0"},
				"west": {"uv": [6.5, 5.625, 7.5, 6.625], "texture": "#0"},
				"up": {"uv": [4.25, 5, 3, 4], "texture": "#0"},
				"down": {"uv": [1.25, 4.125, 0, 5.125], "texture": "#0"}
			}
		}
	],
	"display": {
		"head": {
			"translation": [3, 6, -1]
		}
	},
	"groups": [
		{
			"name": "werewolf",
			"origin": [8, 8, 8],
			"color": 0,
			"children": [0, 1, 2, 3, 4, 5, 6, 7, 8, 9, 10, 11, 12, 13, 14, 15, 16, 17, 18, 19, 20, 21, 22]
		}
	]
}